transaction_id,estate,block,floor,saleable_area_sqft,age_at_sale,sale_date,price_hkd,adjusted_price_hkd
1,city_one_shatin,1,1,451,40,2021-11-18,6400000,5170422
2,city_one_shatin,1,2,451,41,2022-10-27,5650000,4970196
3,city_one_shatin,1,2,327,45,2026-03-02,4200000,3995492
4,city_one_shatin,1,2,327,39,2020-03-18,5280000,4420219
5,city_one_shatin,1,2,327,39,2020-06-22,5330000,4436255
6,city_one_shatin,1,3,451,40,2021-10-29,7180000,5880889
7,city_one_shatin,1,4,327,40,2021-04-14,5300000,4234097
8,city_one_shatin,1,4,451,37,2018-01-18,6000000,5685629
9,city_one_shatin,1,5,451,38,2019-09-17,6600000,5866941
10,city_one_shatin,1,5,327,44,2025-09-26,3980000,4077470
11,city_one_shatin,1,5,327,40,2021-08-03,5800000,4604599
12,city_one_shatin,1,6,451,40,2021-06-16,7050000,5534703
13,city_one_shatin,1,6,327,38,2019-07-08,5330000,4538228
14,city_one_shatin,1,6,327,41,2022-04-22,5230000,4119704
15,city_one_shatin,1,7,451,41,2022-09-26,6188000,5367824
16,city_one_shatin,1,8,327,39,2020-10-19,5760000,4755265
17,city_one_shatin,1,8,451,40,2021-04-23,7130000,5696059
18,city_one_shatin,1,8,327,38,2019-05-30,5000000,4253440
19,city_one_shatin,1,9,451,38,2019-03-11,6880000,6038742
20,city_one_shatin,1,9,327,39,2020-05-15,5680000,4624087
21,city_one_shatin,1,9,451,44,2025-07-08,4000000,4147128
22,city_one_shatin,1,9,327,38,2019-05-22,6300000,5359334
23,city_one_shatin,1,10,451,40,2021-08-10,7650000,6073307
24,city_one_shatin,1,10,327,39,2020-10-09,5500000,4540617
25,city_one_shatin,1,11,451,38,2019-03-01,6968000,6115981
26,city_one_shatin,1,11,451,41,2022-10-25,6170000,5427630
27,city_one_shatin,1,11,327,40,2021-09-27,6020000,4898145
28,city_one_shatin,1,11,327,42,2023-08-17,4880000,4460364
29,city_one_shatin,1,12,451,41,2022-11-11,6220000,5643750
30,city_one_shatin,1,13,327,42,2023-04-20,5260000,4523054
31,city_one_shatin,1,14,451,38,2019-02-13,6740000,5941096
32,city_one_shatin,1,14,327,43,2024-04-11,4150000,4047940
33,city_one_shatin,1,15,327,40,2021-12-20,6330000,5134591
34,city_one_shatin,1,15,327,39,2020-08-10,5680000,4693899
35,city_one_shatin,1,16,451,39,2020-05-28,7480000,6089467
36,city_one_shatin,1,16,327,41,2022-10-06,4850000,4266451
37,city_one_shatin,1,16,451,37,2018-05-29,7750000,6879365
38,city_one_shatin,1,16,327,38,2019-12-19,5900000,5209695
39,city_one_shatin,1,17,451,44,2025-06-25,5000000,5227542
40,city_one_shatin,1,17,327,45,2026-01-29,4508000,4507835
41,city_one_shatin,1,18,327,44,2025-12-08,4400000,4481045
42,city_one_shatin,1,19,451,39,2020-07-08,7250000,5984365
43,city_one_shatin,1,19,451,38,2019-08-14,7600000,6774216
44,city_one_shatin,1,19,327,43,2024-10-21,4380000,4380040
45,city_one_shatin,1,19,451,45,2026-06-03,6500000,6221727
46,city_one_shatin,1,19,327,41,2022-11-14,4880000,4427894
47,city_one_shatin,1,20,451,39,2020-08-12,7780000,6429319
48,city_one_shatin,1,20,327,42,2023-05-23,5600000,4842273
49,city_one_shatin,1,21,327,37,2018-10-30,6500000,6217372
50,city_one_shatin,1,21,327,41,2022-01-10,6290000,5094659
51,city_one_shatin,1,21,451,39,2020-08-04,7550000,6239250
52,city_one_shatin,1,22,327,44,2025-07-16,4398000,4559767
53,city_one_shatin,1,22,451,39,2020-12-24,7780000,6428299
54,city_one_shatin,1,23,327,41,2022-09-29,4920000,4267889
55,city_one_shatin,1,23,327,43,2024-05-08,4580000,4644973
56,city_one_shatin,1,24,451,40,2021-03-26,7500000,5975488
57,city_one_shatin,1,24,327,38,2019-08-01,5998000,5346283
58,city_one_shatin,1,24,327,40,2021-12-21,6180000,5012918
59,city_one_shatin,1,25,327,43,2024-03-28,4300000,4209917
60,city_one_shatin,1,25,451,37,2018-07-03,7780000,6705606
61,city_one_shatin,1,25,327,39,2020-09-18,5730000,4679394
62,city_one_shatin,1,26,327,37,2018-12-13,4850000,4736389
63,city_one_shatin,2,1,451,45,2026-01-30,3500000,3499872
64,city_one_shatin,2,1,451,42,2023-03-02,5480000,4808113
65,city_one_shatin,2,2,451,40,2021-01-20,6300000,5159764
66,city_one_shatin,2,2,327,44,2025-03-14,3600000,3878266
67,city_one_shatin,2,2,451,40,2021-07-06,6880000,5367435
68,city_one_shatin,2,3,451,43,2024-12-05,5000000,5162902
69,city_one_shatin,2,3,327,38,2019-09-03,5300000,4711331
70,city_one_shatin,2,3,327,39,2020-06-22,5390000,4486195
71,city_one_shatin,2,4,327,43,2024-10-21,3000000,3000027
72,city_one_shatin,2,5,327,42,2023-11-14,3980000,3891567
73,city_one_shatin,2,5,327,43,2024-07-26,4150000,4184684
74,city_one_shatin,2,5,327,45,2026-07-02,5050000,5050000
75,city_one_shatin,2,6,451,42,2023-01-09,6280000,5564744
76,city_one_shatin,2,7,327,40,2021-01-08,5400000,4422654
77,city_one_shatin,2,7,327,40,2021-03-04,5700000,4541371
78,city_one_shatin,2,8,327,44,2025-11-14,4000000,4001428
79,city_one_shatin,2,8,327,43,2024-04-19,3930000,3833351
80,city_one_shatin,2,9,327,43,2024-01-03,3312000,3219317
81,city_one_shatin,2,9,327,45,2026-05-12,3180000,2885653
82,city_one_shatin,2,9,327,40,2021-06-15,3620000,2841933
83,city_one_shatin,2,10,451,40,2021-02-25,6580000,5319103
84,city_one_shatin,2,10,327,39,2020-05-13,5000000,4070499
85,city_one_shatin,2,10,451,38,2019-02-27,6620000,5835320
86,city_one_shatin,2,10,327,43,2024-03-14,4250000,4160964
87,city_one_shatin,2,11,327,45,2026-01-19,4350000,4349841
88,city_one_shatin,2,12,451,42,2023-03-29,6450000,5659184
89,city_one_shatin,2,13,327,38,2019-05-10,4800000,4083302
90,city_one_shatin,2,13,451,37,2018-02-22,7100000,6584269
91,city_one_shatin,2,13,327,40,2021-02-23,5600000,4526897
92,city_one_shatin,2,14,451,45,2026-05-18,5850000,5308513
93,city_one_shatin,2,14,327,38,2019-04-26,5320000,4566923
94,city_one_shatin,2,15,451,37,2018-02-02,6500000,6027852
95,city_one_shatin,2,15,451,40,2021-04-23,7400000,5911758
96,city_one_shatin,2,15,327,39,2020-11-25,5580000,4544471
97,city_one_shatin,2,16,451,40,2021-07-13,7860000,6131983
98,city_one_shatin,2,16,451,39,2020-04-17,7500000,6351589
99,city_one_shatin,2,16,327,39,2020-11-06,5790000,4715499
100,city_one_shatin,2,18,327,40,2021-09-14,6400000,5207330
101,city_one_shatin,2,18,327,40,2021-10-22,6220000,5094586
102,city_one_shatin,2,19,451,40,2021-08-03,7650000,6073307
103,city_one_shatin,2,19,327,37,2018-09-21,6000000,5543759
104,city_one_shatin,2,19,327,39,2020-04-22,5900000,4996583
105,city_one_shatin,2,20,451,45,2026-03-23,5630000,5355862
106,city_one_shatin,2,20,327,40,2021-11-17,5850000,4726089
107,city_one_shatin,2,22,451,42,2023-05-22,3550000,3069655
108,city_one_shatin,2,23,327,44,2025-06-11,5000000,5227542
109,city_one_shatin,2,23,451,41,2022-09-09,6500000,5638471
110,city_one_shatin,2,24,451,40,2021-07-30,7900000,6163189
111,city_one_shatin,2,24,451,41,2022-06-02,7250000,5974665
112,city_one_shatin,2,24,327,39,2020-09-11,5930000,4842724
113,city_one_shatin,2,24,327,40,2021-05-03,5895000,4737375
114,city_one_shatin,2,25,327,41,2022-03-22,5500000,4469759
115,city_one_shatin,2,25,327,41,2022-04-11,5800000,4568696
116,city_one_shatin,2,25,451,38,2019-03-26,6500000,5705206
117,city_one_shatin,2,26,327,44,2025-10-02,4280000,4428355
118,city_one_shatin,2,27,327,38,2019-10-10,6000000,5243860
119,city_one_shatin,15,1,819,40,2022-01-21,9990000,8091517
120,city_one_shatin,15,3,853,44,2026-05-19,9000000,8166943
121,city_one_shatin,15,3,853,41,2023-10-25,9600000,9314457
122,city_one_shatin,15,4,819,38,2020-09-04,11718000,9569484
123,city_one_shatin,15,6,853,41,2023-02-22,10380000,9072240
124,city_one_shatin,15,7,819,43,2025-11-24,8800000,8803141
125,city_one_shatin,15,12,853,43,2025-03-12,8380000,9027741
126,city_one_shatin,15,14,853,37,2019-01-28,10180000,9673283
127,city_one_shatin,15,15,819,39,2021-04-13,11380000,9091325
128,city_one_shatin,15,15,853,38,2020-09-14,12400000,10126438
129,city_one_shatin,15,17,819,39,2021-05-11,10000000,8036259
130,city_one_shatin,15,17,853,39,2021-04-20,11800000,9426857
131,city_one_shatin,15,18,853,43,2025-11-25,9200000,9203284
132,city_one_shatin,15,18,853,38,2020-12-09,11630000,9609398
133,city_one_shatin,15,19,819,42,2024-09-27,8280000,8703511
134,city_one_shatin,15,20,853,36,2018-10-23,12280000,11746050
135,city_one_shatin,15,21,819,43,2025-12-11,8000000,8147354
136,city_one_shatin,15,21,853,41,2023-08-02,10800000,9871298
137,city_one_shatin,15,22,819,43,2025-11-25,9380000,9383348
138,city_one_shatin,15,22,853,38,2020-01-02,3000000,2534705
139,city_one_shatin,15,23,819,40,2022-05-11,11468000,9266052
140,city_one_shatin,15,27,853,40,2022-04-25,13000000,10240182
141,city_one_shatin,16,1,327,43,2025-07-15,4050000,4198967
142,city_one_shatin,16,1,451,44,2026-02-13,5380000,5213822
143,city_one_shatin,16,2,327,38,2020-02-18,5200000,4446798
144,city_one_shatin,16,3,451,40,2022-09-28,6280000,5447630
145,city_one_shatin,16,3,451,39,2021-04-08,6000000,4793317
146,city_one_shatin,16,3,327,42,2024-09-13,3900000,4099480
147,city_one_shatin,16,4,451,39,2021-12-01,6500000,5272486
148,city_one_shatin,16,4,327,40,2022-06-08,5100000,4202868
149,city_one_shatin,16,4,451,39,2021-02-11,6080000,4914916
150,city_one_shatin,16,5,327,40,2022-01-21,5700000,4616782
151,city_one_shatin,16,6,451,41,2023-01-11,6050000,5360940
152,city_one_shatin,16,6,327,40,2022-06-08,5400000,4450095
153,city_one_shatin,16,6,451,38,2020-09-11,7000000,5716538
154,city_one_shatin,16,6,327,43,2025-12-11,4350000,4430124
155,city_one_shatin,16,6,327,38,2020-03-19,5650000,4729969
156,city_one_shatin,16,7,451,42,2024-09-27,5160000,5423927
157,city_one_shatin,16,7,451,44,2026-03-11,6000000,5707846
158,city_one_shatin,16,7,327,40,2022-10-21,4630000,4072922
159,city_one_shatin,16,8,451,36,2018-06-06,7360000,6250848
160,city_one_shatin,16,8,327,42,2024-10-23,4280000,4280039
161,city_one_shatin,16,8,327,44,2026-06-05,4680000,4479643
162,city_one_shatin,16,9,451,44,2026-04-08,6130000,5774228
163,city_one_shatin,16,9,451,38,2020-05-22,7220000,5877801
164,city_one_shatin,16,9,327,38,2020-02-12,5510000,4711896
165,city_one_shatin,16,9,327,44,2026-01-21,4400000,4399839
166,city_one_shatin,16,10,327,39,2021-12-29,6000000,4866911
167,city_one_shatin,16,10,327,36,2018-01-09,5280000,5003353
168,city_one_shatin,16,10,327,40,2022-02-24,5960000,4764530
169,city_one_shatin,16,11,327,38,2020-06-03,5700000,4744213
170,city_one_shatin,16,11,327,39,2021-07-05,6110000,4766719
171,city_one_shatin,16,11,327,42,2024-07-22,4100000,4134266
172,city_one_shatin,16,12,451,38,2020-06-12,7300000,6075922
173,city_one_shatin,16,13,327,41,2023-02-23,5200000,4544860
174,city_one_shatin,16,13,451,40,2022-02-09,7150000,5715838
175,city_one_shatin,16,13,327,36,2018-04-23,5620000,5141933
176,city_one_shatin,16,14,327,39,2021-01-14,5500000,4504555
177,city_one_shatin,16,14,327,44,2026-02-13,4420000,4283474
178,city_one_shatin,16,14,451,43,2025-11-07,5800000,5802070
179,city_one_shatin,16,14,451,42,2024-12-03,6100000,6298741
180,city_one_shatin,16,15,327,43,2025-11-19,4468000,4469595
181,city_one_shatin,16,16,451,43,2025-03-24,4830000,5203340
182,city_one_shatin,16,17,451,43,2025-11-25,5500000,5501963
183,city_one_shatin,16,17,327,37,2019-11-21,6000000,4941831
184,city_one_shatin,16,17,327,38,2020-02-05,5850000,5002648
185,city_one_shatin,16,18,451,41,2023-01-12,6400000,5671077
186,city_one_shatin,16,19,327,42,2024-10-24,4250000,4250039
187,city_one_shatin,16,19,451,37,2019-05-22,3000000,2552064
188,city_one_shatin,16,19,327,43,2025-10-08,4480000,4635287
189,city_one_shatin,16,20,451,42,2024-06-25,5538000,5498962
190,city_one_shatin,16,20,327,37,2019-11-12,5280000,4348811
191,city_one_shatin,16,20,327,42,2024-01-24,4430000,4306031
192,city_one_shatin,16,20,451,40,2022-02-22,7200000,5755809
193,city_one_shatin,16,20,327,40,2022-11-28,5300000,4808983
194,city_one_shatin,16,21,451,37,2019-03-07,7200000,6319613
195,city_one_shatin,16,22,451,41,2023-09-04,6780000,6436254
196,city_one_shatin,16,22,327,42,2024-09-20,4250000,4467382
197,city_one_shatin,16,23,327,42,2024-06-28,4350000,4319337
198,city_one_shatin,16,24,327,39,2021-07-16,5950000,4641895
199,city_one_shatin,16,24,327,41,2023-07-28,5200000,4500063
200,city_one_shatin,16,25,451,36,2018-05-15,7680000,6817229
201,city_one_shatin,16,25,327,41,2023-11-17,4800000,4693347
202,city_one_shatin,16,25,451,39,2021-01-27,7370000,6036104
203,city_one_shatin,16,25,327,43,2025-03-25,5300000,5709669
204,city_one_shatin,16,26,327,41,2023-03-15,5400000,4737922
205,city_one_shatin,16,26,327,38,2020-08-10,5860000,4842649
206,city_one_shatin,16,26,451,42,2024-03-25,5750000,5629540
207,city_one_shatin,16,26,327,38,2020-11-25,5700000,4642201
208,city_one_shatin,16,27,451,38,2020-09-24,7600000,6206527
209,city_one_shatin,16,27,327,37,2019-07-17,6000000,5108700
210,city_one_shatin,16,27,451,42,2024-07-24,6080000,6130814
211,city_one_shatin,16,28,327,43,2025-04-17,4180000,4473646
212,city_one_shatin,16,28,451,43,2025-08-08,6000000,6388288
213,city_one_shatin,16,28,327,37,2019-11-15,6360000,5238341
214,city_one_shatin,16,29,451,42,2024-12-03,5750000,5937338
215,city_one_shatin,16,29,327,36,2018-12-06,5268000,5144597
216,city_one_shatin,16,30,451,38,2020-11-20,7980000,6499082
217,city_one_shatin,16,30,451,40,2022-02-22,8180000,6539238
218,city_one_shatin,16,30,327,39,2021-06-28,5920000,4647581
219,city_one_shatin,16,30,327,38,2020-12-07,6010000,4965820
220,city_one_shatin,29,1,451,35,2018-06-05,2000000,1698600
221,city_one_shatin,29,1,451,41,2024-03-18,5000000,4895252
222,city_one_shatin,29,1,327,38,2021-07-20,5618000,4382885
223,city_one_shatin,29,2,451,40,2023-02-15,5968000,5216101
224,city_one_shatin,29,2,451,38,2021-10-08,6668000,5461528
225,city_one_shatin,29,2,327,42,2025-11-11,3980000,3981421
226,city_one_shatin,29,2,451,39,2022-08-01,6210000,5271204
227,city_one_shatin,29,2,327,39,2022-11-08,4750000,4309938
228,city_one_shatin,29,3,327,35,2018-01-12,4720000,4472694
229,city_one_shatin,29,4,451,36,2019-06-24,6800000,5989203
230,city_one_shatin,29,4,451,40,2023-03-10,6280000,5510028
231,city_one_shatin,29,4,327,37,2020-09-25,5500000,4491565
232,city_one_shatin,29,5,327,38,2021-09-21,5900000,4800508
233,city_one_shatin,29,5,451,37,2020-05-15,7080000,5763827
234,city_one_shatin,29,5,451,37,2020-09-08,7250000,5920700
235,city_one_shatin,29,6,327,38,2021-10-26,6080000,4979917
236,city_one_shatin,29,7,451,40,2023-09-04,5830000,5534419
237,city_one_shatin,29,8,327,41,2024-10-17,4198000,4198038
238,city_one_shatin,29,9,451,35,2018-08-03,7820000,6857855
239,city_one_shatin,29,9,327,42,2025-07-31,4190000,4344117
240,city_one_shatin,29,9,451,37,2020-10-15,7280000,6010126
241,city_one_shatin,29,9,327,38,2021-06-07,5800000,4553373
242,city_one_shatin,29,10,451,39,2022-10-05,6680000,5876267
243,city_one_shatin,29,10,327,38,2021-04-07,5600000,4473763
244,city_one_shatin,29,11,451,41,2024-04-12,6000000,5852444
245,city_one_shatin,29,11,327,38,2021-06-18,6080000,4773191
246,city_one_shatin,29,11,327,39,2022-12-01,5150000,4695368
247,city_one_shatin,29,13,327,40,2023-03-23,5380000,4720374
248,city_one_shatin,29,13,327,41,2024-09-17,3750000,3941807
249,city_one_shatin,29,13,327,41,2024-01-29,4200000,4082467
250,city_one_shatin,29,14,327,41,2024-02-02,4200000,4327069
251,city_one_shatin,29,16,327,39,2022-11-18,4980000,4518629
252,city_one_shatin,29,17,327,37,2020-07-13,5680000,4688441
253,city_one_shatin,29,19,327,38,2021-11-03,5210000,4209047
254,city_one_shatin,29,19,451,42,2025-04-08,5000000,5351251
255,city_one_shatin,29,19,327,36,2019-03-07,5550000,4871369
256,city_one_shatin,29,20,451,39,2022-10-19,6430000,5656347
257,city_one_shatin,29,20,451,43,2026-03-06,4800000,4566276
258,city_one_shatin,29,22,451,38,2021-09-06,7780000,6330161
259,city_one_shatin,29,22,327,36,2019-10-16,5300000,4632076
260,city_one_shatin,29,22,451,38,2021-05-28,7700000,6187920
261,city_one_shatin,29,23,451,37,2020-08-03,7100000,5867374
262,city_one_shatin,29,24,451,35,2018-05-28,7620000,6763969
263,city_one_shatin,29,24,451,39,2022-10-17,6700000,5893861
264,city_one_shatin,29,24,327,35,2018-08-09,5000000,4384818
265,city_one_shatin,29,25,451,37,2020-12-03,7550000,6238259
266,city_one_shatin,29,26,327,40,2023-03-03,5220000,4579991
267,city_one_shatin,29,27,451,42,2025-11-04,6230000,6232224
268,city_one_shatin,29,27,327,36,2019-10-08,5580000,4876789
269,city_one_shatin,29,28,451,41,2024-09-09,5700000,5991547
270,city_one_shatin,29,28,327,39,2022-02-17,6280000,5020344
271,city_one_shatin,29,29,451,37,2020-06-03,8050000,6700161
272,city_one_shatin,29,29,327,35,2018-04-18,5700000,5215128
273,city_one_shatin,29,29,451,38,2021-06-18,7850000,6162755
274,city_one_shatin,29,29,327,37,2020-03-24,5750000,4813685
275,city_one_shatin,30,1,451,37,2020-10-27,6630000,5473508
276,city_one_shatin,30,2,327,41,2024-08-08,3973000,4142631
277,city_one_shatin,30,3,327,35,2018-03-05,5360000,5031790
278,city_one_shatin,30,3,327,42,2025-04-10,3700000,3959926
279,city_one_shatin,30,4,451,38,2021-01-27,6750000,5528318
280,city_one_shatin,30,4,327,37,2020-05-28,5650000,4599664
281,city_one_shatin,30,5,451,40,2023-05-15,6550000,5663731
282,city_one_shatin,30,5,327,35,2018-01-04,4880000,4624311
283,city_one_shatin,30,5,451,36,2019-09-13,6600000,5866941
284,city_one_shatin,30,5,327,35,2018-05-28,4600000,4083236
285,city_one_shatin,30,5,327,39,2022-04-11,5200000,4096073
286,city_one_shatin,30,6,451,39,2022-04-29,6930000,5458804
287,city_one_shatin,30,6,451,42,2025-02-14,5325000,5580516
288,city_one_shatin,30,6,327,42,2025-09-10,5000000,5122450
289,city_one_shatin,30,7,451,38,2021-11-01,3250000,2625605
290,city_one_shatin,30,7,327,38,2021-04-08,5300000,4234097
291,city_one_shatin,30,7,327,40,2023-11-01,4100000,4008900
292,city_one_shatin,30,9,327,42,2025-10-31,4200000,4345582
293,city_one_shatin,30,9,451,36,2019-02-15,6000000,5288810
294,city_one_shatin,30,9,451,40,2023-03-03,5400000,4737922
295,city_one_shatin,30,9,327,42,2025-06-19,3980000,4161124
296,city_one_shatin,30,11,451,40,2023-10-25,5880000,5705105
297,city_one_shatin,30,12,327,37,2020-10-12,5500000,4540617
298,city_one_shatin,30,12,451,39,2022-11-07,986000,894652
299,city_one_shatin,30,13,451,40,2023-09-25,5900000,5600870
300,city_one_shatin,30,13,451,37,2020-11-24,7280000,5928987
301,city_one_shatin,30,13,327,40,2023-11-21,4260000,4165345
302,city_one_shatin,30,14,327,43,2026-06-24,4920000,4709369
303,city_one_shatin,30,14,327,37,2020-07-29,5780000,4770983
304,city_one_shatin,30,15,451,41,2024-07-18,2980000,3004906
305,city_one_shatin,30,15,451,37,2020-04-20,7280000,6165276
306,city_one_shatin,30,15,327,35,2018-02-22,5300000,4915018
307,city_one_shatin,30,15,327,38,2021-12-09,5730000,4647900
308,city_one_shatin,30,16,451,39,2022-06-16,7250000,5974665
309,city_one_shatin,30,16,327,42,2025-10-08,4310000,4459394
310,city_one_shatin,30,17,451,39,2022-06-30,7000000,5768642
311,city_one_shatin,30,17,327,35,2018-06-07,5900000,5010870
312,city_one_shatin,30,17,327,41,2024-10-22,3500000,3500032
313,city_one_shatin,30,18,327,39,2022-12-08,4950000,4513024
314,city_one_shatin,30,19,451,42,2025-03-31,5000000,5386480
315,city_one_shatin,30,20,327,41,2024-10-14,2300000,2300021
316,city_one_shatin,30,21,327,43,2026-06-29,4689000,4488258
317,city_one_shatin,30,22,327,37,2020-09-17,5650000,4614063
318,city_one_shatin,30,22,451,40,2023-12-15,5650000,5474802
319,city_one_shatin,30,22,327,41,2024-01-19,4688000,4556811
320,city_one_shatin,30,23,451,42,2025-04-08,5350000,5725838
321,city_one_shatin,30,23,451,37,2020-04-23,7680000,6504027
322,city_one_shatin,30,23,327,40,2023-09-12,4900000,4651570
323,city_one_shatin,30,24,327,40,2023-10-30,4300000,4172100
324,city_one_shatin,30,25,327,42,2025-05-21,3850000,4056167
325,city_one_shatin,30,27,451,38,2021-01-12,7750000,6347328
326,city_one_shatin,30,27,327,36,2019-04-12,5500000,4721443
327,city_one_shatin,30,27,327,37,2020-08-17,5960000,4925288
328,city_one_shatin,30,27,327,35,2018-06-19,5400000,4586220
329,city_one_shatin,30,28,327,41,2024-10-28,4250000,4250039
330,city_one_shatin,30,28,327,37,2020-02-13,5910000,5053957
331,city_one_shatin,30,29,327,35,2018-02-02,5300000,4915018
332,city_one_shatin,30,30,451,41,2024-08-21,6220000,6485570
333,city_one_shatin,37,3,284,34,2019-02-27,4260000,3755055
334,city_one_shatin,37,3,284,35,2020-05-18,4990000,4062358
335,city_one_shatin,37,3,284,33,2018-02-27,5168000,4792606
336,city_one_shatin,37,3,304,34,2019-05-24,4700000,3998233
337,city_one_shatin,37,3,304,35,2020-06-30,5300000,4411286
338,city_one_shatin,37,4,284,39,2024-04-08,4100000,3999170
339,city_one_shatin,37,5,284,35,2020-05-18,5250000,4274024
340,city_one_shatin,37,5,304,33,2018-07-17,5280000,4550848
341,city_one_shatin,37,6,284,38,2023-09-07,4500000,4271850
342,city_one_shatin,37,6,284,38,2023-02-10,4300000,3758250
343,city_one_shatin,37,6,284,33,2018-10-26,6000000,5739112
344,city_one_shatin,37,6,304,37,2022-10-11,4500000,3958563
345,city_one_shatin,37,7,284,35,2020-08-04,5300000,4379871
346,city_one_shatin,37,7,284,34,2019-02-26,4940000,4354453
347,city_one_shatin,37,7,284,40,2025-12-12,3930000,4002388
348,city_one_shatin,37,7,284,37,2022-07-08,5250000,4475656
349,city_one_shatin,37,7,304,37,2022-12-05,4080000,3719826
350,city_one_shatin,37,8,304,36,2021-07-06,5330000,4158202
351,city_one_shatin,37,9,284,37,2022-11-24,4450000,4037731
352,city_one_shatin,37,9,304,41,2026-06-29,4460000,4269062
353,city_one_shatin,37,10,284,40,2025-05-30,3800000,4003489
354,city_one_shatin,37,10,304,36,2021-11-24,5500000,4443332
355,city_one_shatin,37,10,284,37,2022-06-09,5250000,4326482
356,city_one_shatin,37,10,304,35,2020-03-18,5590000,4679739
357,city_one_shatin,37,11,284,33,2018-02-08,4860000,4506979
358,city_one_shatin,37,11,304,35,2020-12-10,5700000,4709679
359,city_one_shatin,37,11,304,38,2023-11-29,4180000,4087123
360,city_one_shatin,37,11,284,35,2020-09-17,5100000,4164906
361,city_one_shatin,37,11,284,40,2025-10-02,3820000,3952410
362,city_one_shatin,37,11,304,35,2020-05-06,5380000,4379857
363,city_one_shatin,37,12,284,33,2018-05-11,5330000,4731228
364,city_one_shatin,37,12,304,41,2026-03-02,4418000,4202877
365,city_one_shatin,37,12,284,35,2020-02-17,5260000,4498108
366,city_one_shatin,37,13,304,37,2022-09-16,5120000,4441380
367,city_one_shatin,37,13,284,39,2024-07-31,4340000,4376272
368,city_one_shatin,37,13,304,39,2024-09-27,4068000,4276073
369,city_one_shatin,37,14,284,41,2026-05-26,4550000,4128844
370,city_one_shatin,37,14,304,34,2019-06-25,5600000,4932285
371,city_one_shatin,37,14,304,36,2021-04-16,5500000,4393874
372,city_one_shatin,37,14,304,41,2026-02-24,4395000,4259247
373,city_one_shatin,37,15,284,36,2021-05-26,5450000,4379761
374,city_one_shatin,37,15,304,35,2020-09-14,5490000,4483399
375,city_one_shatin,37,15,304,39,2024-05-02,4238000,4298121
376,city_one_shatin,37,16,284,40,2025-04-25,4150000,4441538
377,city_one_shatin,37,16,304,38,2023-02-15,5180000,4527380
378,city_one_shatin,37,17,284,37,2022-02-04,5250000,4196944
379,city_one_shatin,37,17,284,36,2021-09-08,5510000,4483186
380,city_one_shatin,37,18,284,36,2021-09-24,5680000,4621506
381,city_one_shatin,37,18,284,34,2019-03-14,4800000,4213076
382,city_one_shatin,37,18,304,39,2024-05-14,3700000,3752489
383,city_one_shatin,37,18,304,33,2018-09-03,5600000,5174175
384,city_one_shatin,37,18,284,41,2026-02-26,4000000,3876447
385,city_one_shatin,37,18,304,36,2021-11-22,5690000,4596829
386,city_one_shatin,37,19,284,35,2020-08-20,5200000,4297232
387,city_one_shatin,37,19,304,37,2022-04-22,5750000,4529311
388,city_one_shatin,37,19,304,36,2021-03-18,5650000,4501534
389,city_one_shatin,37,20,304,39,2024-06-18,4410000,4378914
390,city_one_shatin,37,20,284,33,2018-10-30,896000,857041
391,city_one_shatin,37,20,304,38,2023-01-18,4580000,4058364
392,city_one_shatin,37,21,284,33,2018-01-08,4820000,4567455
393,city_one_shatin,37,21,284,33,2018-04-24,5180000,4739362
394,city_one_shatin,37,21,284,40,2025-08-12,4000000,4258859
395,city_one_shatin,37,21,304,35,2020-03-02,3750000,3139360
396,city_one_shatin,37,22,304,36,2021-06-29,2000000,1570129
397,city_one_shatin,37,22,304,41,2026-05-19,4690000,4255885
398,city_one_shatin,37,23,284,35,2020-06-04,5700000,4744213
399,city_one_shatin,37,23,304,37,2022-11-07,4800000,4355305
400,city_one_shatin,37,23,284,41,2026-02-09,4268000,4136169
401,city_one_shatin,37,23,304,34,2019-08-21,5900000,5258931
402,city_one_shatin,37,23,304,35,2020-02-26,5200000,4446798
403,city_one_shatin,37,24,284,40,2025-07-23,3920000,4064185
404,city_one_shatin,37,25,284,35,2020-07-10,5450000,4498592
405,city_one_shatin,37,25,304,35,2020-10-08,5290000,4367248
406,city_one_shatin,37,26,284,36,2021-02-26,5600000,4526897
407,city_one_shatin,37,26,304,40,2025-06-17,3800000,3972932
408,city_one_shatin,37,26,284,37,2022-01-21,5540000,4487188
409,city_one_shatin,37,26,304,36,2021-03-17,5600000,4461698
410,city_one_shatin,37,27,304,33,2018-03-06,5420000,5088116
411,city_one_shatin,37,28,304,39,2024-12-03,4168000,4303795
412,city_one_shatin,37,28,304,36,2021-09-07,5850000,4759825
413,city_one_shatin,37,28,284,41,2026-05-06,4500000,4083472
414,city_one_shatin,37,29,304,39,2024-12-02,4150000,4285209
415,city_one_shatin,37,29,284,34,2019-03-13,5020000,4406175
416,city_one_shatin,37,29,304,37,2022-10-31,4800000,4222467
417,city_one_shatin,37,30,304,35,2020-06-23,5800000,4827445
418,city_one_shatin,37,30,304,34,2019-10-30,5350000,4675775
419,city_one_shatin,37,31,304,34,2019-09-19,5950000,5289136
420,city_one_shatin,37,31,284,38,2023-06-15,4800000,4324150
421,city_one_shatin,37,32,284,40,2025-01-23,1600000,1685192
422,city_one_shatin,37,32,304,41,2026-06-24,4900000,4690225
423,city_one_shatin,38,3,284,38,2023-05-18,4800000,4150520
424,city_one_shatin,38,3,304,36,2021-05-20,5000000,4018130
425,city_one_shatin,38,4,284,35,2020-09-16,5030000,4107741
426,city_one_shatin,38,4,304,37,2022-09-29,4350000,3773438
427,city_one_shatin,38,5,304,36,2021-03-30,5280000,4206744
428,city_one_shatin,38,5,304,35,2020-10-27,5050000,4169112
429,city_one_shatin,38,6,284,37,2022-03-09,5200000,4225954
430,city_one_shatin,38,6,304,37,2022-09-28,4850000,4207167
431,city_one_shatin,38,7,304,35,2020-11-20,5180000,4218702
432,city_one_shatin,38,7,304,40,2025-07-16,3830000,3970875
433,city_one_shatin,38,7,284,36,2021-08-11,5540000,4398186
434,city_one_shatin,38,8,304,36,2021-02-10,4850000,3920616
435,city_one_shatin,38,8,284,37,2022-04-29,5220000,4111827
436,city_one_shatin,38,9,304,37,2022-07-26,5180000,4415980
437,city_one_shatin,38,9,304,33,2018-01-11,4600000,4358982
438,city_one_shatin,38,9,284,36,2021-03-15,5380000,4286417
439,city_one_shatin,38,9,304,33,2018-05-10,5280000,4686845
440,city_one_shatin,38,10,284,34,2019-11-29,5250000,4324102
441,city_one_shatin,38,10,284,35,2020-02-19,5250000,4489556
442,city_one_shatin,38,10,304,36,2021-10-22,5730000,4693244
443,city_one_shatin,38,11,284,38,2023-11-17,4168000,4075389
444,city_one_shatin,38,12,284,36,2021-06-01,5450000,4278601
445,city_one_shatin,38,12,284,40,2025-10-10,4050000,4190382
446,city_one_shatin,38,12,304,35,2020-05-06,5450000,4436844
447,city_one_shatin,38,13,284,38,2023-03-01,4780000,4193938
448,city_one_shatin,38,13,284,34,2019-03-01,5300000,4651938
449,city_one_shatin,38,14,284,38,2023-03-23,4880000,4281678
450,city_one_shatin,38,14,304,35,2020-04-28,5300000,4488456
451,city_one_shatin,38,14,284,36,2021-02-10,5300000,4284384
452,city_one_shatin,38,15,284,40,2025-07-10,4130000,4281910
453,city_one_shatin,38,15,284,41,2026-04-28,4600000,4333026
454,city_one_shatin,38,15,304,33,2018-11-07,5468000,5285234
455,city_one_shatin,38,15,304,38,2023-03-08,4880000,4281678
456,city_one_shatin,38,16,284,35,2020-10-16,5500000,4540617
457,city_one_shatin,38,16,284,36,2021-10-25,5000000,4095327
458,city_one_shatin,38,16,304,40,2025-02-05,3500000,3667945
459,city_one_shatin,38,16,304,37,2022-02-11,5380000,4300868
460,city_one_shatin,38,17,284,40,2025-08-29,3880000,4131093
461,city_one_shatin,38,17,304,34,2019-12-02,5550000,4900645
462,city_one_shatin,38,17,304,39,2024-01-11,4050000,3936665
463,city_one_shatin,38,18,304,37,2022-03-14,5180000,4209701
464,city_one_shatin,38,19,304,39,2024-04-12,4450000,4340563
465,city_one_shatin,38,19,284,35,2020-05-15,5380000,4379857
466,city_one_shatin,38,19,304,37,2022-06-06,5600000,4614914
467,city_one_shatin,38,19,304,34,2019-03-26,5090000,4467616
468,city_one_shatin,38,20,284,37,2022-11-25,4150000,3765524
469,city_one_shatin,38,20,284,41,2026-05-07,3990000,3620678
470,city_one_shatin,38,20,304,41,2026-05-29,4700000,4264959
471,city_one_shatin,38,21,304,35,2020-03-09,5120000,4286273
472,city_one_shatin,38,22,304,35,2020-04-16,5450000,4615488
473,city_one_shatin,38,22,304,40,2025-02-17,4000000,4191937
474,city_one_shatin,38,23,304,35,2020-06-12,5850000,4869061
475,city_one_shatin,38,23,284,35,2020-02-21,5350000,4575071
476,city_one_shatin,38,23,284,34,2019-03-15,4790000,4204298
477,city_one_shatin,38,23,304,34,2019-07-16,5930000,5049098
478,city_one_shatin,38,24,284,34,2019-11-11,5200000,4282920
479,city_one_shatin,38,24,284,37,2022-04-11,5220000,4111827
480,city_one_shatin,38,24,304,37,2022-04-29,5280000,4159089
481,city_one_shatin,38,26,284,38,2023-09-14,4450000,4224385
482,city_one_shatin,38,26,304,33,2018-08-01,5850000,5130237
483,city_one_shatin,38,27,284,38,2023-03-23,5000000,4386965
484,city_one_shatin,38,27,284,36,2021-03-29,5380000,4286417
485,city_one_shatin,38,27,284,39,2024-05-28,4300000,4361001
486,city_one_shatin,38,27,304,36,2021-08-11,5730000,4549026
487,city_one_shatin,38,28,284,36,2021-02-17,5500000,4446059
488,city_one_shatin,38,28,284,34,2019-10-25,5340000,4667035
489,city_one_shatin,38,28,304,33,2018-06-19,5800000,4925940
490,city_one_shatin,38,29,284,34,2019-11-11,3800000,3129826
491,city_one_shatin,38,29,304,40,2025-07-31,3800000,3939772
492,city_one_shatin,38,29,284,36,2021-12-22,5200000,4217989
493,city_one_shatin,38,29,304,37,2022-04-08,5580000,4395401
494,city_one_shatin,38,30,304,35,2020-12-08,5500000,4544427
495,city_one_shatin,38,30,284,35,2020-12-02,5500000,4544427
496,city_one_shatin,38,30,304,35,2020-10-09,5700000,4705731
497,city_one_shatin,38,31,284,36,2021-06-22,5600000,4396360
498,city_one_shatin,38,31,304,33,2018-03-09,5100000,4787710
499,city_one_shatin,38,32,284,36,2021-04-27,5700000,4553651
500,city_one_shatin,38,32,284,34,2019-03-15,2700000,2369855
501,city_one_shatin,38,32,284,41,2026-03-19,4310000,4100136
502,city_one_shatin,38,32,304,36,2021-11-23,5999000,4846463
503,city_one_shatin,27,1,688,41,2026-06-05,7150000,6843900
504,city_one_shatin,27,2,688,40,2025-06-20,6600000,6900356
505,city_one_shatin,27,3,688,37,2022-09-02,8830000,7659646
506,city_one_shatin,27,4,688,39,2024-02-07,6500000,6696654
507,city_one_shatin,27,6,688,39,2024-04-30,7000000,6827851
508,city_one_shatin,27,7,688,40,2025-03-27,6920000,7454889
509,city_one_shatin,27,8,688,40,2025-10-02,6700000,6932237
510,city_one_shatin,27,9,688,36,2021-10-26,9980000,8174272
511,city_one_shatin,27,10,688,39,2024-10-22,7200000,7200066
512,city_one_shatin,27,13,688,39,2024-08-23,6900000,7194603
513,city_one_shatin,27,13,688,39,2024-05-09,7700000,7809234
514,city_one_shatin,27,16,688,41,2026-07-17,8750000,8750000
515,city_one_shatin,27,17,688,40,2025-05-13,8000000,8428398
516,city_one_shatin,27,18,688,39,2024-06-12,8200000,8142198
517,city_one_shatin,27,19,688,36,2021-09-03,10280000,8364274
518,city_one_shatin,27,20,688,35,2020-05-04,9888000,8049819
519,city_one_shatin,27,22,688,35,2020-10-09,9980000,8239157
520,city_one_shatin,27,22,688,33,2018-02-09,8900000,8253521
521,city_one_shatin,27,22,688,34,2019-05-16,9700000,8251673
522,city_one_shatin,27,23,688,40,2025-10-31,8100000,8380764
523,city_one_shatin,27,25,688,39,2024-10-15,1525000,1525014
524,city_one_shatin,27,27,688,35,2020-11-17,9600000,7818445
525,city_one_shatin,27,27,688,37,2022-06-01,8880000,7317935
526,city_one_shatin,27,27,688,37,2022-08-04,10280000,8725922
527,city_one_shatin,27,27,688,38,2023-11-10,2500000,2444451
528,city_one_shatin,27,28,688,34,2019-04-04,4800000,4120532
529,city_one_shatin,28,3,688,36,2021-02-17,9068000,7330339
530,city_one_shatin,28,6,688,41,2026-03-20,7730000,7353608
531,city_one_shatin,28,8,688,36,2021-07-12,10000000,7801504
532,city_one_shatin,28,9,688,40,2025-11-13,7720000,7722755
533,city_one_shatin,28,10,688,35,2020-08-07,9680000,7999462
534,city_one_shatin,28,15,688,41,2026-02-24,6980000,6764401
535,city_one_shatin,28,19,688,36,2021-08-03,9980000,7923086
536,city_one_shatin,28,19,688,39,2024-01-30,7800000,7581725
537,city_one_shatin,28,20,688,37,2022-09-27,9938000,8620788
538,city_one_shatin,28,21,688,36,2021-01-21,9920000,8124580
539,city_one_shatin,28,23,688,38,2023-09-25,7790000,7395047
540,city_one_shatin,28,23,688,38,2023-03-07,9168000,8043939
541,city_one_shatin,28,24,688,39,2024-04-18,8080000,7881291
542,city_one_shatin,28,26,688,40,2025-03-28,7530000,8112039
543,city_one_shatin,28,27,688,38,2023-03-27,8650000,7589449
544,city_one_shatin,28,27,688,38,2023-02-27,8700000,7603900
545,city_one_shatin,28,28,688,39,2024-05-13,8280000,8397462
546,city_one_shatin,24,1,447,35,2021-03-11,5950000,4740554
547,city_one_shatin,24,1,326,39,2025-10-10,3820000,3952410
548,city_one_shatin,24,1,326,37,2023-04-20,4618000,3971000
549,city_one_shatin,24,1,447,36,2022-06-30,6080000,5010478
550,city_one_shatin,24,1,447,35,2021-03-26,6000000,4780390
551,city_one_shatin,24,2,326,33,2019-04-25,4495000,3858707
552,city_one_shatin,24,3,447,40,2026-03-20,5800000,5517584
553,city_one_shatin,24,4,447,33,2019-04-17,7100000,6094954
554,city_one_shatin,24,4,326,37,2023-02-23,4450000,3889351
555,city_one_shatin,24,4,326,38,2024-11-19,4050000,4133224
556,city_one_shatin,24,4,447,33,2019-11-27,6900000,5683105
557,city_one_shatin,24,4,447,38,2024-06-05,5100000,5064050
558,city_one_shatin,24,5,326,34,2020-07-02,5638000,4653772
559,city_one_shatin,24,6,326,37,2023-04-14,4730000,4067309
560,city_one_shatin,24,6,326,38,2024-04-12,3900000,3804089
561,city_one_shatin,24,6,326,33,2019-12-02,1830000,1615888
562,city_one_shatin,24,7,326,34,2020-08-26,5400000,4462510
563,city_one_shatin,24,7,447,37,2023-05-31,6695000,5789111
564,city_one_shatin,24,8,447,32,2018-10-22,7080000,6772152
565,city_one_shatin,24,8,326,32,2018-10-02,5950000,5691286
566,city_one_shatin,24,8,326,38,2024-01-10,4100000,3985265
567,city_one_shatin,24,9,326,35,2021-05-31,5630000,4524414
568,city_one_shatin,24,9,447,39,2025-02-10,5450000,5711514
569,city_one_shatin,24,10,447,37,2023-04-28,5000000,4299481
570,city_one_shatin,24,10,447,32,2018-10-12,6880000,6580849
571,city_one_shatin,24,10,326,33,2019-02-18,5000000,4407341
572,city_one_shatin,24,11,447,33,2019-01-28,6000000,5701346
573,city_one_shatin,24,11,326,33,2019-12-06,5400000,4768196
574,city_one_shatin,24,12,447,32,2018-04-26,6000000,5489609
575,city_one_shatin,24,12,326,38,2024-09-05,4220000,4435847
576,city_one_shatin,24,12,447,40,2026-06-04,6000000,5743133
577,city_one_shatin,24,13,447,39,2025-11-13,5000000,5001785
578,city_one_shatin,24,13,326,38,2024-03-27,4280000,4190336
579,city_one_shatin,24,13,326,34,2020-11-20,5780000,4707355
580,city_one_shatin,24,13,447,35,2021-01-12,7450000,6101625
581,city_one_shatin,24,14,447,34,2020-12-17,7200000,5949068
582,city_one_shatin,24,14,326,39,2025-06-27,4070000,4255219
583,city_one_shatin,24,14,326,36,2022-01-03,5900000,4778774
584,city_one_shatin,24,14,326,40,2026-06-16,4900000,4690225
585,city_one_shatin,24,15,447,39,2025-03-31,5220000,5623485
586,city_one_shatin,24,15,447,32,2018-05-03,7450000,6613067
587,city_one_shatin,24,16,326,38,2024-02-27,4500000,4636145
588,city_one_shatin,24,17,326,34,2020-07-23,5600000,4622406
589,city_one_shatin,24,17,447,38,2024-11-27,5480000,5592609
590,city_one_shatin,24,17,447,36,2022-04-21,7440000,5860535
591,city_one_shatin,24,18,326,38,2024-12-03,4330000,4471073
592,city_one_shatin,24,19,447,36,2022-10-13,6340000,5577175
593,city_one_shatin,24,19,326,38,2024-10-15,4150000,4150038
594,city_one_shatin,24,19,447,32,2018-06-14,7900000,6709470
595,city_one_shatin,24,19,326,38,2024-09-10,4180000,4393801
596,city_one_shatin,24,22,447,35,2021-05-06,7980000,6412935
597,city_one_shatin,24,22,326,32,2018-03-19,5560000,5219543
598,city_one_shatin,24,25,447,39,2025-02-20,5400000,5659115
599,city_one_shatin,24,26,447,37,2023-01-10,6200000,5493855
600,city_one_shatin,24,26,326,40,2026-07-14,4960000,4960000
601,city_one_shatin,24,26,447,40,2026-02-06,6600000,6396138
602,city_one_shatin,24,26,326,35,2021-05-17,6150000,4942299
603,city_one_shatin,24,27,447,37,2023-07-27,7250000,6274127
604,city_one_shatin,24,27,326,32,2018-04-27,5800000,5306622
605,city_one_shatin,24,27,326,32,2018-10-31,6000000,5739112
606,city_one_shatin,24,28,447,36,2022-11-02,6260000,5680044
607,city_one_shatin,24,28,326,32,2018-02-14,5300000,4915018
608,city_one_shatin,24,30,326,36,2022-04-25,5500000,4332385
609,city_one_shatin,24,30,326,38,2024-10-28,5088000,5088047
610,city_one_shatin,24,30,447,35,2021-05-03,8000000,6429007
611,city_one_shatin,25,1,688,35,2021-09-14,8280000,6736984
612,city_one_shatin,25,2,688,38,2024-10-15,6398000,6398059
613,city_one_shatin,25,5,688,38,2024-01-16,7200000,6998515
614,city_one_shatin,25,7,688,34,2020-04-02,9650000,8172378
615,city_one_shatin,25,8,688,40,2026-05-22,8350000,7577109
616,city_one_shatin,25,9,688,34,2020-09-23,9988000,8156683
617,city_one_shatin,25,10,688,35,2021-03-02,9950000,7927481
618,city_one_shatin,25,11,688,37,2023-02-01,8280000,7236815
619,city_one_shatin,25,12,688,35,2021-03-17,10000000,7967317
620,city_one_shatin,25,12,688,35,2021-06-01,9800000,7693630
621,city_one_shatin,25,13,688,37,2023-05-19,8500000,7349879
622,city_one_shatin,25,14,688,35,2021-12-02,7290000,5913296
623,city_one_shatin,25,15,688,35,2021-12-03,8380000,6797452
624,city_one_shatin,25,16,688,37,2023-02-10,9150000,7997205
625,city_one_shatin,25,17,688,37,2023-10-05,7900000,7665022
626,city_one_shatin,25,18,688,37,2023-11-14,5000000,4888903
627,city_one_shatin,25,19,688,38,2024-10-30,6000000,6000055
628,city_one_shatin,25,20,688,35,2021-05-13,10000000,8036259
629,city_one_shatin,25,20,688,34,2020-10-20,9350000,7719050
630,city_one_shatin,25,24,688,40,2026-01-12,7600000,7599722
631,city_one_shatin,25,24,688,38,2024-06-07,8500000,8440083
632,city_one_shatin,25,27,688,35,2021-02-23,10000000,8083744
633,city_one_shatin,25,27,688,35,2021-04-23,6000000,4793317
634,city_one_shatin,34,3,707,33,2021-10-12,8712000,7135697
635,city_one_shatin,34,3,707,31,2019-05-17,8200000,6975641
636,city_one_shatin,34,4,707,35,2023-05-09,8330000,7202882
637,city_one_shatin,34,8,707,33,2021-04-28,9730000,7773163
638,city_one_shatin,34,10,707,38,2026-04-09,3800000,3579456
639,city_one_shatin,34,13,707,36,2024-07-15,8000000,8066861
640,city_one_shatin,34,13,707,38,2026-05-18,8600000,7803968
641,city_one_shatin,34,17,707,32,2020-11-24,9850000,8022050
642,city_one_shatin,34,17,707,34,2022-12-09,2100000,1914616
643,city_one_shatin,34,19,707,38,2026-01-14,8500000,8499689
644,city_one_shatin,34,21,707,37,2025-10-23,8000000,8277298
645,city_one_shatin,34,22,707,36,2024-11-20,7680000,7837818
646,city_one_shatin,34,24,707,37,2025-01-10,8000000,8425962
647,city_one_shatin,34,25,707,35,2023-04-17,9630000,8280800
648,city_one_shatin,34,25,707,32,2020-11-03,10000000,8144213
649,city_one_shatin,34,25,707,35,2023-04-26,9330000,8022831
650,city_one_shatin,34,25,707,38,2026-06-10,9350000,8949715
651,city_one_shatin,34,27,707,34,2022-04-01,9180000,7231144
652,city_one_shatin,34,28,707,35,2023-11-27,8980000,8780469
653,city_one_shatin,34,28,707,32,2020-12-07,10000000,8262595
654,city_one_shatin,34,32,707,36,2024-11-25,7950000,8113366
655,city_one_shatin,34,32,707,35,2023-07-04,9700000,8394349
656,city_one_shatin,34,33,707,32,2020-09-01,9900000,8084818
657,city_one_shatin,34,34,707,34,2022-02-08,9978000,7976591
658,city_one_shatin,34,35,707,34,2022-05-16,11650000,9413106
659,city_one_shatin,35,3,707,35,2023-05-12,8800000,7609287
660,city_one_shatin,35,8,707,33,2021-06-21,10700000,8400188
661,city_one_shatin,35,9,707,32,2020-09-08,9990000,8158316
662,city_one_shatin,35,12,707,36,2024-04-12,8080000,7881291
663,city_one_shatin,35,14,707,35,2023-02-06,8990000,7857364
664,city_one_shatin,35,15,707,31,2019-11-15,9800000,8071657
665,city_one_shatin,35,17,707,36,2024-06-28,7300000,7248542
666,city_one_shatin,35,18,707,34,2022-05-20,9850000,7958721
667,city_one_shatin,35,19,707,37,2025-08-25,7500000,7985360
668,city_one_shatin,35,21,707,37,2025-04-24,3900000,4173976
669,city_one_shatin,35,22,707,36,2024-09-11,7800000,8198960
670,city_one_shatin,35,23,707,34,2022-04-28,9920000,7814046
671,city_one_shatin,35,24,707,33,2021-07-19,10400000,8113565
672,city_one_shatin,35,26,707,33,2021-03-16,10770000,8580801
673,city_one_shatin,35,28,707,33,2021-11-29,10300000,8321149
674,city_one_shatin,35,30,707,33,2021-02-25,8900000,7194532
675,city_one_shatin,35,34,707,36,2024-12-04,8120000,8384553
676,city_one_shatin,35,35,707,31,2019-12-11,6000000,5297995
677,city_one_shatin,35,35,707,34,2022-01-10,11200000,9071571
678,city_one_shatin,35,36,707,34,2022-05-03,11330000,9154549
679,dynasty_court,1,2,2153,30,2021-03-04,76180000,71018847
680,dynasty_court,1,6,1806,35,2026-06-10,70880000,67648689
681,dynasty_court,1,9,1806,30,2021-04-14,58000000,51438515
682,dynasty_court,1,11,1806,35,2026-05-08,64980000,64760218
683,dynasty_court,1,14,2141,34,2025-09-17,66800000,79617751
684,dynasty_court,1,14,1794,35,2026-03-05,43320000,48042563
685,dynasty_court,1,15,1794,30,2021-03-02,73980000,68967896
686,dynasty_court,1,17,1794,30,2021-01-12,72080000,77299994
687,dynasty_court,1,23,2153,32,2023-09-12,83800000,86647476
688,dynasty_court,1,24,1794,31,2022-01-14,86500000,86020069
689,dynasty_court,1,25,2141,32,2023-06-29,86000000,91595808
690,dynasty_court,1,26,2141,29,2020-07-17,95000000,88806526
691,dynasty_court,1,29,2141,29,2020-08-24,100800000,95175737
692,dynasty_court,1,29,1794,30,2021-05-14,87000000,74945723
693,dynasty_court,1,35,1794,34,2025-08-18,71800000,92317859
694,dynasty_court,1,37,1794,27,2018-11-07,70000000,64877908
695,dynasty_court,1,38,1806,35,2026-07-08,76300000,76300000
696,dynasty_court,2,1,1806,35,2026-01-29,58500000,71587627
697,dynasty_court,2,2,2153,34,2025-12-08,76500000,86851956
698,dynasty_court,2,2,1806,34,2025-08-26,58500000,75217197
699,dynasty_court,2,3,2153,34,2025-12-04,77000000,87419616
700,dynasty_court,2,3,1806,34,2025-08-25,59300000,76245809
701,dynasty_court,2,4,1806,34,2025-11-07,60500000,68475839
702,dynasty_court,2,5,2153,34,2025-09-26,79000000,94158718
703,dynasty_court,2,5,1806,34,2025-08-06,61000000,78431608
704,dynasty_court,2,6,2153,34,2025-09-29,80500000,95946542
705,dynasty_court,2,6,1806,34,2025-08-08,62000000,79717372
706,dynasty_court,2,7,2153,34,2025-08-25,81000000,104146889
707,dynasty_court,2,7,1806,34,2025-07-07,63000000,75120018
708,dynasty_court,2,8,2153,34,2025-06-12,82131000,94290148
709,dynasty_court,2,8,1806,34,2025-07-29,64070000,76395866
710,dynasty_court,2,9,2153,34,2025-06-12,84477000,96983463
711,dynasty_court,2,9,1806,34,2025-06-10,65156000,74802071
712,dynasty_court,2,10,1806,35,2026-01-26,72780000,89062350
713,dynasty_court,2,11,2153,34,2025-07-21,87000000,103737167
714,dynasty_court,2,11,1806,34,2025-07-16,68000000,81081924
715,dynasty_court,2,12,2153,34,2025-08-25,89880000,115564473
716,dynasty_court,2,12,1806,34,2025-09-17,70000000,83431775
717,dynasty_court,2,13,2153,34,2025-09-04,92900000,110725885
718,dynasty_court,2,13,1806,34,2025-12-03,72000000,81743018
719,dynasty_court,2,14,1794,35,2026-01-12,74000000,90555289
720,dynasty_court,2,15,2153,31,2022-10-06,97400000,109533886
721,dynasty_court,2,15,1806,35,2026-01-12,76500000,93614589
722,dynasty_court,2,16,2141,34,2025-07-28,101800000,121384410
723,dynasty_court,2,16,1794,35,2026-02-16,78500000,88690072
724,dynasty_court,2,17,1806,35,2026-02-06,82300000,92983350
725,dynasty_court,2,18,2141,33,2024-05-10,113473000,128123820
726,dynasty_court,2,18,1794,34,2025-11-26,81500000,92244312
727,dynasty_court,2,19,2141,35,2026-02-05,112500000,127103607
728,dynasty_court,2,19,1794,35,2026-02-25,85000000,96033836
729,dynasty_court,2,20,2153,33,2024-07-30,116000000,125562876
730,dynasty_court,2,20,1806,35,2026-02-11,89000000,100553076
731,dynasty_court,2,21,2141,31,2022-10-06,99900000,112345330
732,dynasty_court,2,21,1794,33,2024-07-10,87906000,95152846
733,dynasty_court,2,22,2141,32,2023-07-21,117500000,129601929
734,dynasty_court,2,23,2153,32,2023-07-27,118180000,130351966
735,dynasty_court,2,24,2141,32,2023-04-11,118397000,107783715
736,dynasty_court,2,24,1794,29,2020-11-04,81500000,75891365
737,dynasty_court,2,25,1794,31,2022-10-06,84200000,94689457
738,dynasty_court,2,26,2141,32,2023-03-29,119896000,120361153
739,dynasty_court,2,26,1794,33,2024-10-09,93288000,101428189
740,dynasty_court,2,27,2153,35,2026-02-13,122500000,138401705
741,dynasty_court,2,27,1806,31,2022-10-06,85600000,96263867
742,dynasty_court,2,28,2141,35,2026-02-03,124000000,140096420
743,dynasty_court,2,29,2141,31,2022-10-06,104100000,117068557
744,dynasty_court,2,30,2141,29,2020-11-04,101900000,94887486
745,dynasty_court,2,30,1794,29,2020-11-04,84100000,78312439
746,dynasty_court,2,31,1806,35,2026-03-13,108000000,119773702
747,dynasty_court,2,32,2141,31,2022-10-06,105700000,118867882
748,dynasty_court,2,33,2141,34,2025-09-01,133800000,159473879
749,dynasty_court,2,33,1794,29,2020-11-04,85400000,79522977
750,dynasty_court,2,34,1794,31,2022-10-06,88100000,99075311
751,dynasty_court,2,35,1794,30,2021-10-26,95900000,79916253
752,dynasty_court,2,36,2153,31,2022-01-14,108500000,107898005
753,dynasty_court,2,36,1806,31,2022-10-06,89600000,100762178
754,dynasty_court,2,38,2141,30,2021-10-26,115800000,96499500
755,dynasty_court,2,39,2141,29,2020-11-04,106700000,99357162
756,dynasty_court,2,39,1794,29,2020-11-04,88100000,82037169
757,dynasty_court,2,40,2141,30,2021-10-26,116900000,97416162
758,dynasty_court,2,41,2141,31,2022-10-06,110700000,124490771
759,dynasty_court,2,42,1794,31,2022-01-14,91800000,91290662
760,dynasty_court,2,43,2153,31,2022-10-06,112500000,126515011
761,dynasty_court,2,43,1806,31,2022-10-06,92900000,104473285
762,dynasty_court,2,46,4621,32,2023-09-26,246000000,254358938
763,dynasty_court,3,1,1530,34,2025-02-11,45900000,54353732
764,dynasty_court,3,1,1522,34,2025-11-05,46000000,52064274
765,dynasty_court,3,2,1530,34,2025-01-03,46500000,52873695
766,dynasty_court,3,2,1522,34,2025-09-03,46500000,55422536
767,dynasty_court,3,3,1530,33,2024-07-08,46900000,50766370
768,dynasty_court,3,3,1522,33,2024-12-18,46700000,49861796
769,dynasty_court,3,4,1530,33,2024-08-02,47280000,49130031
770,dynasty_court,3,4,1522,34,2025-08-21,47100000,60559487
771,dynasty_court,3,5,1530,33,2024-05-10,48250000,54479694
772,dynasty_court,3,5,1522,34,2025-02-11,48000000,56840504
773,dynasty_court,3,6,1530,33,2024-11-01,48700000,49772307
774,dynasty_court,3,6,1522,33,2024-12-30,48600000,51890434
775,dynasty_court,3,7,1530,33,2024-06-25,49100000,54034219
776,dynasty_court,3,7,1522,33,2024-05-14,49100000,55439440
777,dynasty_court,3,8,1530,33,2024-07-02,49700000,53797198
778,dynasty_court,3,8,1522,34,2025-01-03,49650000,56455461
779,dynasty_court,3,9,1530,33,2024-10-31,50300000,54689112
780,dynasty_court,3,9,1522,33,2024-11-27,50200000,51305335
781,dynasty_court,3,10,1520,33,2024-06-20,51300000,56455304
782,dynasty_court,3,10,1513,33,2024-06-11,51200000,56345254
783,dynasty_court,3,11,1520,33,2024-06-14,51500000,56675402
784,dynasty_court,3,11,1513,33,2024-05-21,51200000,57810577
785,dynasty_court,3,12,1530,33,2024-05-20,51300000,57923488
786,dynasty_court,3,12,1522,33,2024-05-30,51450000,58092855
787,dynasty_court,3,13,1520,33,2024-05-28,51600000,58262222
788,dynasty_court,3,13,1513,33,2024-08-27,51800000,53826895
789,dynasty_court,3,14,1520,33,2024-06-26,52000000,57225649
790,dynasty_court,3,14,1513,33,2024-11-18,52000000,53144969
791,dynasty_court,3,15,1530,33,2024-05-29,52150000,58883234
792,dynasty_court,3,15,1522,33,2024-06-20,52300000,57555797
793,dynasty_court,3,16,1520,33,2024-05-10,52350000,59109057
794,dynasty_court,3,16,1513,33,2024-05-10,52050000,58770323
795,dynasty_court,3,17,1520,33,2024-06-24,52600000,57885945
796,dynasty_court,3,17,1513,33,2024-06-13,52300000,57555797
797,dynasty_court,3,18,1520,33,2024-05-16,53100000,59955891
798,dynasty_court,3,18,1513,33,2024-10-23,52800000,57407259
799,dynasty_court,3,19,1530,33,2024-05-17,53500000,60407537
800,dynasty_court,3,19,1522,33,2024-05-24,53000000,59842980
801,dynasty_court,3,20,1520,33,2024-05-21,53700000,60633359
802,dynasty_court,3,20,1513,33,2024-06-26,53400000,58766340
803,dynasty_court,3,21,1520,33,2024-05-14,54000000,60972093
804,dynasty_court,3,21,1513,33,2024-05-21,53800000,60746270
805,dynasty_court,3,22,1520,33,2024-06-06,55000000,60527129
806,dynasty_court,3,22,1513,33,2024-11-22,54180000,55372969
807,dynasty_court,3,23,1530,33,2024-06-14,55000000,60527129
808,dynasty_court,3,24,1520,33,2024-05-16,55300000,62439940
809,dynasty_court,3,24,1513,33,2024-12-18,55100000,58830513
810,dynasty_court,3,25,1520,33,2024-06-07,55700000,61297474
811,dynasty_court,3,25,1513,33,2024-05-16,55350000,62496395
812,dynasty_court,3,26,1520,33,2024-05-14,55800000,63004496
813,dynasty_court,3,26,1513,33,2024-05-10,55800000,63004496
814,dynasty_court,3,27,1520,33,2024-05-14,56300000,63569052
815,dynasty_court,3,27,1513,33,2024-05-24,56000000,63230319
816,dynasty_court,3,28,1530,33,2024-05-06,58500000,66053101
817,dynasty_court,3,28,1522,33,2024-05-06,58500000,66053101
818,dynasty_court,3,29,1520,33,2024-05-16,60000000,67746770
819,dynasty_court,3,29,1513,33,2024-05-16,60000000,67746770
820,dynasty_court,3,30,1520,33,2024-06-12,62700000,69000927
821,dynasty_court,3,30,1513,33,2024-06-18,62300000,68560730
822,dynasty_court,3,31,1520,33,2024-07-10,65000000,70358508
823,dynasty_court,3,31,1513,33,2024-07-10,64000000,69276069
824,dynasty_court,3,32,1520,33,2024-06-25,66000000,72632555
825,dynasty_court,3,32,1513,33,2024-12-23,65000000,69400786
826,dynasty_court,3,33,1520,35,2026-01-21,67000000,81989248
827,dynasty_court,3,33,1513,35,2026-01-21,66000000,80765528
828,dynasty_court,3,35,1530,35,2026-02-13,69500000,78521784
829,dynasty_court,3,35,1522,35,2026-02-12,68500000,77391974
830,dynasty_court,3,38,2287,33,2024-07-26,145220000,157191731
831,dynasty_court,3,38,2268,33,2024-09-09,144018000,183152150
832,dynasty_court,4,3,1522,34,2025-11-26,43000000,48668778
833,dynasty_court,4,6,1522,28,2019-04-11,58000000,49663356
834,dynasty_court,4,9,1522,28,2019-12-02,55250000,54799903
835,dynasty_court,4,11,1522,29,2020-07-03,54800000,51227343
836,dynasty_court,4,12,1522,35,2026-01-02,36800000,45032900
837,dynasty_court,4,15,1513,28,2019-05-23,60480000,54573842
838,dynasty_court,4,16,1522,33,2024-10-24,46000000,50013900
839,dynasty_court,4,18,1513,28,2019-01-31,54000000,54472574
840,dynasty_court,4,18,1513,34,2025-04-07,43500000,58648705
841,dynasty_court,4,19,1522,34,2025-09-11,42000000,50059065
842,dynasty_court,4,20,1513,28,2019-07-19,65800000,55198392
843,dynasty_court,4,24,1513,27,2018-12-04,62000000,64180125
844,dynasty_court,4,27,1522,29,2020-03-04,59780000,57396612
845,dynasty_court,4,29,1513,32,2023-06-12,60000000,63904052
846,dynasty_court,4,30,1513,34,2025-08-22,45280000,58219397
847,dynasty_court,4,31,1513,32,2023-02-02,56380000,57320324
848,dynasty_court,4,32,1522,27,2018-06-26,65800000,64282305
849,dynasty_court,4,33,1513,32,2023-07-06,56500000,62319226
850,dynasty_court,4,33,1513,28,2019-02-20,65500000,67188686
851,dynasty_court,4,37,1513,30,2021-04-09,67500000,59863789
852,dynasty_court,5,8,1522,29,2020-07-30,57000000,53283916
853,dynasty_court,5,9,1530,35,2026-02-04,42500000,48016918
854,dynasty_court,5,10,1522,34,2025-01-21,43800000,49803609
855,dynasty_court,5,11,1530,28,2019-11-26,63500000,58720806
856,dynasty_court,5,16,1522,27,2018-02-05,55000000,53864884
857,dynasty_court,5,18,1513,35,2026-03-10,52000000,57668819
858,dynasty_court,5,28,1520,32,2023-03-02,55400000,55614932
859,dynasty_court,5,29,1513,32,2023-07-11,60000000,66179709
860,dynasty_court,5,31,1522,34,2025-08-08,43800000,56316466
861,dynasty_court,5,34,1513,33,2024-05-10,51908000,58609989
862,dynasty_court,5,35,1520,33,2024-06-21,58000000,63828609
863,dynasty_court,5,37,1513,35,2026-06-30,68000000,64899983
864,dynasty_court,5,38,1513,30,2021-04-12,55000000,48777902
865,dynasty_court,5,42,1520,34,2025-08-04,45800000,58887994
866,dynasty_court,5,43,1530,30,2021-10-08,71000000,59166360
867,dynasty_court,5,44,1520,34,2025-12-18,49800000,56538921
868,mei_foo_sun_chuen,1,2,706,56,2024-11-28,5800000,6350578
869,mei_foo_sun_chuen,1,3,629,50,2018-08-31,8500000,7636440
870,mei_foo_sun_chuen,1,4,629,58,2026-03-31,6600000,6622383
871,mei_foo_sun_chuen,1,4,827,50,2018-04-17,11000000,10080790
872,mei_foo_sun_chuen,1,5,739,56,2024-12-03,2500000,2786280
873,mei_foo_sun_chuen,1,6,706,53,2021-04-27,8950000,7584506
874,mei_foo_sun_chuen,1,7,629,55,2023-05-15,7780000,7317840
875,mei_foo_sun_chuen,1,10,706,53,2021-12-14,9450000,8278887
876,mei_foo_sun_chuen,1,12,827,57,2025-01-10,7000000,8026684
877,mei_foo_sun_chuen,1,12,706,58,2026-04-20,7600000,7499218
878,mei_foo_sun_chuen,1,13,827,58,2026-02-13,9200000,9306649
879,mei_foo_sun_chuen,1,13,706,51,2019-11-27,9580000,8306715
880,mei_foo_sun_chuen,1,14,706,54,2022-08-22,8580000,7854045
881,mei_foo_sun_chuen,1,15,706,50,2018-12-10,8000000,7738008
882,mei_foo_sun_chuen,1,18,827,55,2023-02-03,9100000,8559250
883,mei_foo_sun_chuen,2,1,885,56,2024-05-09,8200000,8673637
884,mei_foo_sun_chuen,2,1,885,52,2020-11-17,10000000,8745616
885,mei_foo_sun_chuen,2,2,885,51,2019-05-21,11780000,10085502
886,mei_foo_sun_chuen,2,3,885,56,2024-05-06,7460000,7890894
887,mei_foo_sun_chuen,2,5,856,56,2024-11-19,6780000,7423607
888,mei_foo_sun_chuen,2,5,885,51,2019-05-06,12700000,10873164
889,mei_foo_sun_chuen,2,6,885,54,2022-08-26,10228000,9362607
890,mei_foo_sun_chuen,2,8,885,54,2022-09-16,9800000,9222551
891,mei_foo_sun_chuen,2,10,856,56,2024-02-07,8800000,9168714
892,mei_foo_sun_chuen,2,11,856,53,2021-09-09,12000000,10277340
893,mei_foo_sun_chuen,2,12,885,54,2022-03-30,12688000,10874700
894,mei_foo_sun_chuen,2,15,856,53,2021-04-13,11500000,9745455
895,mei_foo_sun_chuen,2,19,885,58,2026-04-13,9980000,9847657
896,mei_foo_sun_chuen,2,20,859,58,2026-06-03,8580000,8399079
897,mei_foo_sun_chuen,2,20,826,55,2023-05-29,3000000,2821789
898,mei_foo_sun_chuen,28,5,630,52,2023-11-20,5650000,5618242
899,mei_foo_sun_chuen,28,6,637,53,2024-09-10,5300000,6182601
900,mei_foo_sun_chuen,28,6,685,54,2025-06-10,5220000,5718550
901,mei_foo_sun_chuen,28,7,637,49,2020-02-14,8130000,6973056
902,mei_foo_sun_chuen,28,8,630,49,2020-03-05,7950000,6927047
903,mei_foo_sun_chuen,28,8,635,49,2020-10-30,8600000,7261737
904,mei_foo_sun_chuen,28,9,637,52,2023-11-14,5800000,5767398
905,mei_foo_sun_chuen,28,11,635,50,2021-08-04,8638000,7337340
906,mei_foo_sun_chuen,28,13,630,52,2023-02-21,6770000,6367706
907,mei_foo_sun_chuen,28,14,637,48,2019-11-27,8500000,7370258
908,mei_foo_sun_chuen,28,15,630,51,2022-04-22,7300000,6124072
909,mei_foo_sun_chuen,28,16,685,49,2020-07-03,9100000,7453000
910,mei_foo_sun_chuen,28,18,630,52,2023-09-04,7660000,8003080
911,mei_foo_sun_chuen,28,19,630,54,2025-03-24,4900000,5725685
912,mei_foo_sun_chuen,29,3,626,52,2023-09-28,6100000,6373210
913,mei_foo_sun_chuen,29,5,475,48,2019-03-12,2500000,2203158
914,mei_foo_sun_chuen,29,5,626,50,2021-04-20,7880000,6677755
915,mei_foo_sun_chuen,29,5,620,54,2025-07-25,5400000,5914697
916,mei_foo_sun_chuen,29,6,620,50,2021-09-10,8480000,7262653
917,mei_foo_sun_chuen,29,6,695,48,2019-05-03,9050000,7748200
918,mei_foo_sun_chuen,29,7,475,50,2021-06-07,6800000,5655464
919,mei_foo_sun_chuen,29,8,475,52,2023-03-03,5000000,4636035
920,mei_foo_sun_chuen,29,8,620,51,2022-07-15,7300000,6452483
921,mei_foo_sun_chuen,29,9,475,55,2026-02-13,5210000,5270396
922,mei_foo_sun_chuen,29,9,626,51,2022-03-18,7850000,6728120
923,mei_foo_sun_chuen,29,10,475,52,2023-01-04,4880000,4511521
924,mei_foo_sun_chuen,29,10,626,48,2019-09-18,8250000,7573008
925,mei_foo_sun_chuen,29,10,620,47,2018-02-22,7700000,7172405
926,mei_foo_sun_chuen,29,10,695,50,2021-12-29,9000000,7884654
927,mei_foo_sun_chuen,29,11,475,49,2020-07-28,6460000,5290811
928,mei_foo_sun_chuen,29,11,626,52,2023-08-10,7800000,7648482
929,mei_foo_sun_chuen,29,12,626,47,2018-05-24,8700000,7810976
930,mei_foo_sun_chuen,29,12,695,52,2023-02-06,7500000,7054327
931,mei_foo_sun_chuen,29,13,620,51,2022-06-30,7200000,6280775
932,mei_foo_sun_chuen,29,15,475,55,2026-02-05,4990000,5047846
933,mei_foo_sun_chuen,29,15,626,52,2023-03-16,6880000,6379184
934,mei_foo_sun_chuen,29,16,475,54,2025-08-12,4820000,5196660
935,mei_foo_sun_chuen,29,16,626,50,2021-03-02,8000000,6628026
936,mei_foo_sun_chuen,29,19,626,53,2024-05-23,6000000,6346564
937,mei_foo_sun_chuen,29,20,475,52,2023-04-06,5280000,4789861
938,mei_foo_sun_chuen,56,3,717,50,2022-06-13,8260000,7205444
939,mei_foo_sun_chuen,56,4,717,53,2025-05-13,6450000,7414279
940,mei_foo_sun_chuen,56,4,670,52,2024-09-09,5800000,6765865
941,mei_foo_sun_chuen,56,5,670,52,2024-03-20,6000000,6301603
942,mei_foo_sun_chuen,56,6,717,50,2022-05-30,8820000,7614423
943,mei_foo_sun_chuen,56,8,670,54,2026-04-01,6800000,6709827
944,mei_foo_sun_chuen,56,8,717,47,2019-12-13,4000000,3490100
945,mei_foo_sun_chuen,56,10,717,54,2026-01-06,7250000,7649839
946,mei_foo_sun_chuen,56,11,717,50,2022-08-04,8800000,8055431
947,mei_foo_sun_chuen,56,11,670,46,2018-05-02,8400000,7541632
948,mei_foo_sun_chuen,56,15,717,51,2023-03-14,8100000,7510376
949,mei_foo_sun_chuen,56,16,717,47,2019-04-11,8490000,7402056
950,mei_foo_sun_chuen,56,16,670,52,2024-09-10,6365000,7424953
951,mei_foo_sun_chuen,56,17,670,47,2019-05-24,8880000,7602653
952,mei_foo_sun_chuen,56,17,670,54,2026-02-23,7400000,7485783
953,mei_foo_sun_chuen,56,18,670,53,2025-05-15,7100000,8161455
954,mei_foo_sun_chuen,56,19,670,48,2020-10-06,9780000,8258115
955,mei_foo_sun_chuen,56,19,670,53,2025-09-26,6600000,7243092
956,mei_foo_sun_chuen,56,20,663,47,2019-04-30,8300000,7236404
957,mei_foo_sun_chuen,57,4,653,46,2018-07-31,9300000,8865357
958,mei_foo_sun_chuen,57,5,653,53,2025-11-24,6160000,6417169
959,mei_foo_sun_chuen,57,6,509,50,2022-11-23,5300000,5299534
960,mei_foo_sun_chuen,57,7,653,53,2025-08-14,6350000,6846222
961,mei_foo_sun_chuen,57,7,509,53,2025-12-22,5250000,5460295
962,mei_foo_sun_chuen,57,7,653,46,2018-04-18,7800000,7148196
963,mei_foo_sun_chuen,57,9,653,51,2023-02-16,6628000,6234144
964,mei_foo_sun_chuen,57,9,653,51,2023-01-27,6800000,6286545
965,mei_foo_sun_chuen,57,10,509,47,2019-12-06,7430000,6482862
966,mei_foo_sun_chuen,57,11,509,49,2021-07-08,7380000,6064622
967,mei_foo_sun_chuen,57,11,509,49,2021-10-28,7300000,6583767
968,mei_foo_sun_chuen,57,11,653,46,2018-04-30,8000000,7331483
969,mei_foo_sun_chuen,57,13,653,53,2025-10-03,6250000,6830027
970,mei_foo_sun_chuen,57,16,509,51,2023-02-24,6138000,5773261
971,mei_foo_sun_chuen,57,17,509,50,2022-03-29,6800000,5828181
972,mei_foo_sun_chuen,57,18,653,52,2024-11-29,6430000,7040383
973,mei_foo_sun_chuen,57,19,509,48,2020-12-18,7580000,6408356
974,mei_foo_sun_chuen,57,19,509,54,2026-03-11,5600000,5618992
975,mei_foo_sun_chuen,57,19,653,54,2026-03-02,7500000,7525435
976,mei_foo_sun_chuen,57,20,451,49,2021-10-20,6480000,5844220
977,mei_foo_sun_chuen,92,3,870,49,2022-05-17,9000000,7769819
978,mei_foo_sun_chuen,92,3,664,47,2020-05-27,8260000,6925681
979,mei_foo_sun_chuen,92,4,870,51,2024-03-22,2900000,3045775
980,mei_foo_sun_chuen,92,7,870,50,2023-08-04,7500000,7354309
981,mei_foo_sun_chuen,92,7,664,47,2020-09-29,8750000,7324595
982,mei_foo_sun_chuen,92,9,664,46,2019-04-15,8080000,7044595
983,mei_foo_sun_chuen,92,10,664,52,2025-06-26,5980000,6551136
984,mei_foo_sun_chuen,92,11,664,48,2021-06-21,8900000,7402005
985,mei_foo_sun_chuen,92,12,664,48,2021-08-12,8800000,7474947
986,mei_foo_sun_chuen,92,17,870,46,2019-07-02,13120000,11223168
987,mei_foo_sun_chuen,92,17,664,51,2024-04-10,6500000,6630129
988,mei_foo_sun_chuen,93,4,670,48,2021-12-29,8040000,7043624
989,mei_foo_sun_chuen,93,7,664,50,2023-12-15,6180000,6482166
990,mei_foo_sun_chuen,93,11,870,46,2019-07-29,8000000,6843395
991,mei_foo_sun_chuen,93,12,664,49,2022-01-17,8600000,7454692
992,mei_foo_sun_chuen,93,15,664,52,2025-09-18,6450000,7078476
993,mei_foo_sun_chuen,93,16,870,46,2019-08-08,13980000,13093464
994,mei_foo_sun_chuen,93,17,664,45,2018-09-03,9000000,8420191
995,mei_foo_sun_chuen,93,18,664,45,2018-06-04,8000000,6957724
996,mei_foo_sun_chuen,116,4,509,51,2023-10-24,5550000,5669718
997,mei_foo_sun_chuen,116,5,509,46,2018-07-17,7680000,7321069
998,mei_foo_sun_chuen,116,6,703,48,2020-06-19,9950000,8446842
999,mei_foo_sun_chuen,116,7,507,52,2024-07-12,5300000,5882065
1000,mei_foo_sun_chuen,116,8,657,46,2018-07-23,9600000,9151337
1001,mei_foo_sun_chuen,116,8,509,54,2026-01-02,5250000,5539539
1002,mei_foo_sun_chuen,116,10,509,50,2022-05-05,7090000,6120891
1003,mei_foo_sun_chuen,116,10,703,51,2023-01-11,7800000,7211037
1004,mei_foo_sun_chuen,116,11,509,52,2024-11-27,5580000,6109694
1005,mei_foo_sun_chuen,116,13,509,50,2022-08-17,6700000,6133112
1006,mei_foo_sun_chuen,116,14,703,53,2025-10-24,7600000,8305313
1007,mei_foo_sun_chuen,116,15,509,52,2024-03-12,5100000,5356363
1008,mei_foo_sun_chuen,116,15,703,51,2023-11-21,6980000,6940766
1009,mei_foo_sun_chuen,116,16,657,49,2021-03-22,8250000,6835152
1010,mei_foo_sun_chuen,116,16,509,48,2020-12-04,7900000,6678894
1011,mei_foo_sun_chuen,116,16,703,48,2020-09-16,10090000,8446304
1012,mei_foo_sun_chuen,116,17,657,50,2022-05-11,8700000,7510825
1013,mei_foo_sun_chuen,116,19,657,49,2021-10-08,9900000,8928670
1014,mei_foo_sun_chuen,116,19,509,52,2024-02-27,5500000,5730446
1015,mei_foo_sun_chuen,116,19,703,51,2023-07-20,10000000,9882263
1016,mei_foo_sun_chuen,116,20,437,52,2024-02-19,3880000,4042569
1017,mei_foo_sun_chuen,117,1,530,47,2019-05-02,7000000,5993083
1018,mei_foo_sun_chuen,117,2,657,49,2021-04-20,7980000,6762498
1019,mei_foo_sun_chuen,117,5,509,52,2024-12-10,5050000,5628286
1020,mei_foo_sun_chuen,117,5,509,53,2025-10-31,5750000,6283625
1021,mei_foo_sun_chuen,117,6,657,49,2021-11-29,8480000,7580374
1022,mei_foo_sun_chuen,117,8,509,52,2024-05-20,5220000,5521510
1023,mei_foo_sun_chuen,117,9,509,53,2025-08-01,5300000,5714170
1024,mei_foo_sun_chuen,117,11,509,53,2025-12-05,5550000,5772311
1025,mei_foo_sun_chuen,117,14,703,48,2020-05-12,9960000,8351064
1026,mei_foo_sun_chuen,117,14,509,51,2023-01-19,6200000,5731850
1027,mei_foo_sun_chuen,117,14,509,53,2025-12-18,5950000,6188334
1028,mei_foo_sun_chuen,117,15,703,53,2025-08-18,7050000,7600924
1029,mei_foo_sun_chuen,117,16,509,48,2020-05-27,7500000,6288452
1030,mei_foo_sun_chuen,117,17,509,53,2025-01-08,5800000,6650681
1031,mei_foo_sun_chuen,117,19,703,48,2020-06-08,9800000,8319503
1032,mei_foo_sun_chuen,117,20,437,51,2023-06-01,5200000,4810032
1033,mei_foo_sun_chuen,117,20,437,50,2022-10-10,4950000,4853042
1034,mei_foo_sun_chuen,139,3,666,47,2021-07-19,8900000,7313704
1035,mei_foo_sun_chuen,139,3,672,45,2019-04-16,8300000,7236404
1036,mei_foo_sun_chuen,139,4,672,47,2021-03-24,8800000,7290828
1037,mei_foo_sun_chuen,139,5,672,46,2020-01-06,8650000,7616923
1038,mei_foo_sun_chuen,139,8,716,47,2021-01-11,9508000,8250526
1039,mei_foo_sun_chuen,139,8,716,50,2024-01-05,7000000,7575941
1040,mei_foo_sun_chuen,139,8,672,52,2026-04-20,6700000,6611153
1041,mei_foo_sun_chuen,139,10,716,47,2021-07-27,9360000,7691715
1042,mei_foo_sun_chuen,139,10,716,51,2025-03-10,6280000,7338225
1043,mei_foo_sun_chuen,139,13,716,51,2025-04-17,6980000,8091779
1044,mei_foo_sun_chuen,139,13,672,49,2023-09-21,7600000,7940392
1045,mei_foo_sun_chuen,139,17,716,46,2020-08-14,9900000,8387533
1046,mei_foo_sun_chuen,139,18,672,48,2022-04-14,8500000,7130769
1047,mei_foo_sun_chuen,139,18,716,47,2021-12-16,9980000,8743205
1048,mei_foo_sun_chuen,139,18,716,46,2020-03-12,9380000,8173045
1049,mei_foo_sun_chuen,139,19,672,48,2022-05-18,9050000,7812985
1050,mei_foo_sun_chuen,140,4,507,46,2020-08-14,7280000,6167802
1051,mei_foo_sun_chuen,140,6,507,44,2018-07-06,7968000,7595609
1052,mei_foo_sun_chuen,140,6,657,47,2021-07-06,9100000,7478057
1053,mei_foo_sun_chuen,140,8,657,46,2020-09-08,9400000,7868708
1054,mei_foo_sun_chuen,140,9,507,47,2021-06-21,7800000,6487150
1055,mei_foo_sun_chuen,140,10,507,47,2021-07-26,7680000,6311151
1056,mei_foo_sun_chuen,140,10,507,47,2021-08-09,7500000,6370694
1057,mei_foo_sun_chuen,140,10,657,50,2024-09-19,6330000,7384125
1058,mei_foo_sun_chuen,140,11,507,51,2025-10-10,5840000,6381977
1059,mei_foo_sun_chuen,140,12,507,52,2026-05-22,6280000,6213534
1060,mei_foo_sun_chuen,140,14,507,47,2021-01-25,7350000,6377931
1061,mei_foo_sun_chuen,140,15,657,51,2025-07-04,7800000,8543451
1062,mei_foo_sun_chuen,140,16,657,49,2023-03-10,7800000,7232214
1063,mei_foo_sun_chuen,140,16,507,52,2026-01-09,5500000,5803326
1064,mei_foo_sun_chuen,140,16,507,49,2023-02-16,4700000,4420712
1065,mei_foo_sun_chuen,140,18,507,48,2022-05-19,7320000,6319453
1066,mei_foo_sun_chuen,140,18,657,46,2020-02-06,9140000,7839327
1067,mei_foo_sun_chuen,140,19,507,47,2021-06-11,7460000,6204377
1068,mei_foo_sun_chuen,140,20,670,48,2022-11-01,6300000,6299446
1069,mei_foo_sun_chuen,164,6,640,45,2021-04-14,8700000,7372649
1070,mei_foo_sun_chuen,164,7,908,48,2024-01-29,8500000,9199357
1071,mei_foo_sun_chuen,164,7,640,47,2023-05-04,7280000,6847542
1072,mei_foo_sun_chuen,164,7,906,48,2024-04-29,9080000,9261781
1073,mei_foo_sun_chuen,164,10,906,50,2026-05-21,9700000,9597338
1074,mei_foo_sun_chuen,164,15,640,49,2025-12-11,6300000,6552354
1075,mei_foo_sun_chuen,164,15,640,49,2025-11-27,6750000,7031800
1076,mei_foo_sun_chuen,164,15,906,50,2026-03-11,1500000,1505087
1077,mei_foo_sun_chuen,164,16,906,46,2022-08-12,11120000,10179135
1078,mei_foo_sun_chuen,164,17,640,42,2018-09-03,9160000,8569884
1079,mei_foo_sun_chuen,164,17,906,45,2021-08-27,12500000,10617823
1080,mei_foo_sun_chuen,164,19,908,50,2026-04-21,8680000,8564896
1081,mei_foo_sun_chuen,164,19,584,50,2026-05-12,6028000,5964201
1082,mei_foo_sun_chuen,165,5,918,46,2022-02-04,12000000,10321150
1083,mei_foo_sun_chuen,165,7,918,50,2026-06-26,9300000,9103897
1084,mei_foo_sun_chuen,165,11,918,50,2026-03-16,10280000,10314863
1085,mei_foo_sun_chuen,165,14,918,42,2018-03-26,13500000,12492835
1086,mei_foo_sun_chuen,165,14,918,44,2020-12-08,10000000,8454296
1087,mei_foo_sun_chuen,165,15,918,48,2024-02-22,11250000,11721368
1088,mei_foo_sun_chuen,165,17,918,48,2024-01-31,9050000,9794610
1089,mei_foo_sun_chuen,176,3,648,40,2018-11-29,7800000,7533552
1090,mei_foo_sun_chuen,176,4,648,44,2022-06-13,8127000,7089424
1091,mei_foo_sun_chuen,176,5,907,41,2019-08-16,13680000,12812489
1092,mei_foo_sun_chuen,176,7,907,42,2020-03-06,11800000,10281655
1093,mei_foo_sun_chuen,176,8,907,44,2022-02-23,12038000,10353834
1094,mei_foo_sun_chuen,176,9,907,41,2019-12-18,12500000,10906564
1095,mei_foo_sun_chuen,176,10,907,41,2019-05-23,12380000,10599195
1096,mei_foo_sun_chuen,176,11,907,46,2024-12-16,9160000,10208932
1097,mei_foo_sun_chuen,176,12,907,43,2021-04-14,11800000,9999684
1098,mei_foo_sun_chuen,176,12,644,40,2018-02-05,8180000,7619516
1099,mei_foo_sun_chuen,176,12,644,44,2022-11-01,6000000,5999472
1100,mei_foo_sun_chuen,176,13,907,48,2026-06-11,10450000,10229648
1101,mei_foo_sun_chuen,176,14,907,40,2018-08-16,11500000,10331654
1102,mei_foo_sun_chuen,176,16,907,40,2018-07-24,14000000,13345699
1103,mei_foo_sun_chuen,176,16,644,46,2024-08-12,6850000,7479777
1104,mei_foo_sun_chuen,176,16,907,44,2022-10-14,9565000,9377645
1105,mei_foo_sun_chuen,176,20,586,43,2021-07-08,7550000,6204322
1106,mei_foo_sun_chuen,176,20,906,47,2025-03-28,7290000,8518417
1107,mei_foo_sun_chuen,177,1,633,44,2022-06-30,7020000,6123755
1108,mei_foo_sun_chuen,177,3,633,40,2018-03-29,7430000,6875686
1109,mei_foo_sun_chuen,177,5,919,42,2020-07-03,11000000,9009121
1110,mei_foo_sun_chuen,177,5,919,41,2019-02-26,10000000,9103736
1111,mei_foo_sun_chuen,177,6,919,46,2024-04-19,9399000,9587167
1112,mei_foo_sun_chuen,177,6,919,43,2021-01-29,10880000,9441073
1113,mei_foo_sun_chuen,177,10,919,45,2023-09-11,9000000,9403096
1114,mei_foo_sun_chuen,177,20,927,48,2026-07-08,9280000,9280000
1115,repulse_bay_garden,1,2,2049,49,2019-04-16,50000000,43926482
1116,repulse_bay_garden,1,4,2049,51,2021-12-30,43000000,37064299
1117,repulse_bay_garden,1,7,2049,51,2021-09-14,51800000,43147300
1118,repulse_bay_garden,1,9,2049,49,2019-05-08,60000000,49180483
1119,repulse_bay_garden,1,10,2049,55,2025-07-17,8125000,8854520
1120,repulse_bay_garden,1,11,1873,52,2022-03-09,68880000,72139965
1121,repulse_bay_garden,1,12,2049,53,2023-12-15,53400000,51577977
1122,repulse_bay_garden,1,13,2049,55,2025-07-18,39880000,43460710
1123,repulse_bay_garden,1,15,2049,55,2025-05-29,97690000,114236850
1124,repulse_bay_garden,1,16,1873,51,2021-07-22,65000000,54276147
1125,repulse_bay_garden,1,17,2049,56,2026-03-19,48000000,55198509
1126,repulse_bay_garden,1,18,2049,54,2024-06-21,68000000,61497537
1127,repulse_bay_garden,2,8,2049,53,2023-07-26,64800000,56240150
1128,repulse_bay_garden,2,11,2049,48,2018-02-01,66500000,56488748
1129,repulse_bay_garden,2,14,2049,56,2026-02-27,53380000,40266801
1130,repulse_bay_garden,3,6,2576,50,2020-08-07,81300000,73723028
1131,repulse_bay_garden,3,10,2576,56,2026-02-09,33000000,24893302
1132,repulse_bay_garden,3,16,2576,55,2025-03-31,70000000,76318117
1133,repulse_bay_garden,4,10,2576,49,2019-07-30,92800000,75727922
1134,repulse_bay_garden,4,12,2576,48,2018-07-25,85000000,63411178
1135,repulse_bay_garden,4,14,2576,49,2019-05-22,94800000,77705163
1136,repulse_bay_garden,4,19,2576,48,2018-11-23,97000000,104708487
1137,repulse_bay_garden,5,1,2049,50,2020-04-24,48000000,31886155
1138,repulse_bay_garden,5,4,2049,54,2024-07-02,53000000,49416063
1139,repulse_bay_garden,5,17,2049,52,2022-11-16,62000000,67374172
1140,repulse_bay_garden,6,1,2049,56,2026-03-18,44000000,50598633
1141,repulse_bay_garden,6,3,2049,50,2020-06-19,58000000,54545674
1142,repulse_bay_garden,6,15,2049,52,2022-09-23,61000000,41191720
1143,repulse_bay_garden,7,10,2049,50,2020-06-11,67000000,63009657
1144,repulse_bay_garden,7,16,2049,55,2025-12-09,52500000,49400811
1145,repulse_bay_garden,7,19,2049,54,2024-08-20,18792000,18458455
1146,repulse_bay_garden,8,6,2049,50,2020-01-23,30000000,23790129
1147,repulse_bay_garden,8,14,2049,48,2018-07-11,62500000,46625866
1148,repulse_bay_garden,9,6,2049,50,2020-12-10,60300000,54060001
1149,repulse_bay_garden,9,14,2049,55,2025-04-23,52000000,47770895
1150,repulse_bay_garden,10,14,2049,51,2021-07-06,64500000,53858639
1151,repulse_bay_garden,11,12,1513,52,2022-02-25,53800000,50370138
1152,repulse_bay_garden,11,17,1513,53,2023-10-10,80000000,83334015
1153,repulse_bay_garden,11,19,1513,56,2026-04-10,42800000,44825838
1154,repulse_bay_garden,11,20,1513,53,2023-03-28,55800000,59133164
1155,taikoo_shing,18,2,580,44,2024-03-21,7600000,8465438
1156,taikoo_shing,18,3,503,38,2018-01-11,8180000,7585216
1157,taikoo_shing,18,4,503,43,2023-04-13,8550000,8061050
1158,taikoo_shing,18,5,580,40,2020-09-09,10850000,9608890
1159,taikoo_shing,18,6,503,44,2024-04-22,6700000,7358316
1160,taikoo_shing,18,7,580,38,2018-07-27,12000000,10196275
1161,taikoo_shing,18,7,580,41,2021-05-26,10680000,9042798
1162,taikoo_shing,18,8,703,40,2020-01-03,13300000,11511189
1163,taikoo_shing,18,8,503,41,2021-04-27,10000000,8610571
1164,taikoo_shing,18,9,703,38,2018-01-03,12800000,11869286
1165,taikoo_shing,18,10,580,40,2020-09-29,11280000,9989703
1166,taikoo_shing,18,10,503,41,2021-05-28,10500000,8890391
1167,taikoo_shing,18,11,580,41,2021-11-10,11200000,9402152
1168,taikoo_shing,18,11,503,42,2022-11-15,7850000,7760112
1169,taikoo_shing,18,12,703,43,2023-05-05,9500000,9177539
1170,taikoo_shing,18,13,703,38,2018-06-19,14100000,12385747
1171,taikoo_shing,18,13,580,39,2019-05-24,12528000,10523014
1172,taikoo_shing,18,13,580,38,2018-05-14,11500000,10243651
1173,taikoo_shing,18,14,580,45,2025-04-02,8000000,9438966
1174,taikoo_shing,18,16,580,45,2025-12-19,8000000,9070132
1175,taikoo_shing,18,16,703,41,2021-06-15,13720000,11476678
1176,taikoo_shing,18,16,703,46,2026-02-23,10500000,11387613
1177,taikoo_shing,18,16,580,41,2021-01-15,9500000,8214722
1178,taikoo_shing,18,16,580,39,2019-05-23,12100000,10163511
1179,taikoo_shing,18,17,580,40,2020-10-23,11750000,10123376
1180,taikoo_shing,18,17,703,44,2024-10-02,9600000,11178819
1181,taikoo_shing,18,17,580,39,2019-03-28,10750000,9323351
1182,taikoo_shing,18,18,703,39,2019-07-04,15300000,12110250
1183,taikoo_shing,18,19,703,38,2018-08-06,13960000,12264745
1184,taikoo_shing,18,20,703,45,2025-07-31,9538000,11320954
1185,taikoo_shing,18,20,503,44,2024-09-10,6980000,8056359
1186,taikoo_shing,18,21,503,39,2019-11-29,4800000,4164013
1187,taikoo_shing,18,21,580,45,2025-08-06,7800000,9305300
1188,taikoo_shing,18,22,703,42,2022-01-06,13700000,12115643
1189,taikoo_shing,18,22,503,42,2022-04-20,9800000,8537275
1190,taikoo_shing,18,23,703,45,2025-02-11,9300000,10969604
1191,taikoo_shing,18,23,580,45,2025-05-16,7400000,8743116
1192,taikoo_shing,18,23,580,41,2021-01-07,10800000,9338842
1193,taikoo_shing,18,24,503,45,2025-12-30,8170000,9262873
1194,taikoo_shing,18,26,580,42,2022-07-07,11700000,10581303
1195,taikoo_shing,18,27,580,41,2021-02-08,11500000,9999879
1196,taikoo_shing,18,27,580,38,2018-06-08,12280000,10787020
1197,taikoo_shing,18,27,580,39,2019-08-13,12280000,10759277
1198,taikoo_shing,18,27,580,42,2022-12-16,9180000,9730965
1199,taikoo_shing,18,28,580,46,2026-02-16,9600000,10411532
1200,taikoo_shing,18,29,580,38,2018-06-15,13500000,11858694
1201,taikoo_shing,18,30,703,43,2023-11-09,13800000,14749311
1202,taikoo_shing,18,30,580,44,2024-03-01,9400000,10470410
1203,taikoo_shing,31,2,577,42,2022-03-08,10000000,8477392
1204,taikoo_shing,31,3,651,46,2026-04-30,9900000,10432335
1205,taikoo_shing,31,3,503,39,2019-09-11,9400000,8510274
1206,taikoo_shing,31,4,701,38,2018-09-04,13800000,11914910
1207,taikoo_shing,31,5,503,43,2023-01-20,7800000,7869097
1208,taikoo_shing,31,5,580,46,2026-07-28,8750000,8750000
1209,taikoo_shing,31,6,580,41,2021-08-05,10000000,8499820
1210,taikoo_shing,31,6,580,41,2021-12-13,10680000,9366970
1211,taikoo_shing,31,7,701,40,2020-10-05,12000000,10338767
1212,taikoo_shing,31,7,701,39,2019-12-04,13680000,11651562
1213,taikoo_shing,31,7,503,43,2023-10-26,7600000,7725855
1214,taikoo_shing,31,7,503,39,2019-04-15,9600000,8121745
1215,taikoo_shing,31,7,580,45,2025-05-15,7380000,8719486
1216,taikoo_shing,31,8,701,40,2020-11-17,13380000,11631379
1217,taikoo_shing,31,8,580,43,2023-11-07,8000000,8550325
1218,taikoo_shing,31,8,580,43,2023-06-20,9550000,9255766
1219,taikoo_shing,31,9,701,43,2023-01-20,11920000,12025594
1220,taikoo_shing,31,9,503,42,2022-05-03,9200000,8066911
1221,taikoo_shing,31,10,701,45,2025-07-25,9500000,11275851
1222,taikoo_shing,31,11,580,41,2021-01-21,11200000,9684725
1223,taikoo_shing,31,11,503,40,2020-08-21,11000000,9534419
1224,taikoo_shing,31,12,701,38,2018-04-23,11000000,9837912
1225,taikoo_shing,31,13,580,46,2026-05-11,9520000,9624728
1226,taikoo_shing,31,13,701,38,2018-12-06,11800000,10883071
1227,taikoo_shing,31,13,503,38,2018-05-17,9398000,8371289
1228,taikoo_shing,31,14,701,38,2018-06-21,15000000,13176327
1229,taikoo_shing,31,14,503,40,2020-11-03,9980000,8675722
1230,taikoo_shing,31,15,701,44,2024-03-14,4500000,5012430
1231,taikoo_shing,31,16,580,41,2021-02-22,11800000,10260745
1232,taikoo_shing,31,16,503,44,2024-06-07,6850000,7597696
1233,taikoo_shing,31,17,580,44,2024-06-14,8350000,9261425
1234,taikoo_shing,31,17,701,44,2024-12-04,9200000,10267242
1235,taikoo_shing,31,17,580,46,2026-06-23,8000000,8044735
1236,taikoo_shing,31,17,503,41,2021-01-19,9933000,8589140
1237,taikoo_shing,31,18,701,41,2021-01-21,13680000,11829199
1238,taikoo_shing,31,18,580,44,2024-03-28,7950000,8855293
1239,taikoo_shing,31,19,580,42,2022-05-05,10600000,9294485
1240,taikoo_shing,31,20,701,46,2026-03-02,10870000,11536166
1241,taikoo_shing,31,20,503,40,2020-01-10,4500000,3894763
1242,taikoo_shing,31,22,701,41,2021-04-13,13880000,11951472
1243,taikoo_shing,31,22,580,38,2018-12-07,10030000,9250611
1244,taikoo_shing,31,23,503,44,2024-04-30,7400000,8127095
1245,taikoo_shing,31,23,580,39,2019-05-16,6000000,5039758
1246,taikoo_shing,31,24,701,40,2020-10-20,13180000,11355413
1247,taikoo_shing,31,25,580,41,2021-05-11,12000000,10160447
1248,taikoo_shing,31,25,580,45,2025-04-14,7600000,8967017
1249,taikoo_shing,31,25,580,38,2018-04-27,12400000,11090010
1250,taikoo_shing,31,26,580,39,2019-06-06,13100000,11075211
1251,taikoo_shing,31,26,701,45,2025-05-13,9800000,11578722
1252,taikoo_shing,31,26,503,45,2025-10-28,7550000,8990565
1253,taikoo_shing,31,26,503,44,2024-09-25,7300000,8425705
1254,taikoo_shing,31,27,580,40,2020-08-13,11220000,9725107
1255,taikoo_shing,31,28,503,41,2021-04-22,10800000,9299417
1256,taikoo_shing,31,29,580,45,2025-09-11,8500000,9936856
1257,taikoo_shing,31,30,580,44,2024-09-10,8500000,9810753
1258,taikoo_shing,1,3,723,42,2022-10-31,9800000,9622013
1259,taikoo_shing,1,3,702,40,2020-03-31,11000000,9594500
1260,taikoo_shing,1,3,580,41,2021-07-15,10900000,9169690
1261,taikoo_shing,1,4,709,45,2025-06-09,8500000,10245787
1262,taikoo_shing,1,4,723,45,2025-06-13,9100000,10969019
1263,taikoo_shing,1,4,723,45,2025-05-13,9080000,10728040
1264,taikoo_shing,1,4,702,41,2021-02-01,14500000,12608543
1265,taikoo_shing,1,4,580,41,2021-06-09,11600000,9703314
1266,taikoo_shing,1,5,702,43,2023-01-06,11000000,11097445
1267,taikoo_shing,1,5,580,45,2025-04-22,7600000,8967017
1268,taikoo_shing,1,6,580,42,2022-04-04,10700000,9321310
1269,taikoo_shing,1,6,580,39,2019-03-01,11630000,10086565
1270,taikoo_shing,1,8,709,38,2018-05-24,14250000,12693219
1271,taikoo_shing,1,8,709,41,2021-04-19,13680000,11779261
1272,taikoo_shing,1,9,723,45,2025-10-09,9600000,11431712
1273,taikoo_shing,1,9,723,38,2018-01-16,12000000,11127456
1274,taikoo_shing,1,9,702,46,2026-01-21,9550000,10500602
1275,taikoo_shing,1,9,702,46,2026-04-17,9750000,10274269
1276,taikoo_shing,1,10,723,43,2023-04-24,13300000,12539411
1277,taikoo_shing,1,11,723,41,2021-03-25,11000000,9558476
1278,taikoo_shing,1,11,580,41,2021-10-20,11680000,10001522
1279,taikoo_shing,1,12,709,46,2026-05-13,12300000,12435310
1280,taikoo_shing,1,13,723,41,2021-06-08,13800000,11543597
1281,taikoo_shing,1,13,723,38,2018-06-14,1750000,1537238
1282,taikoo_shing,1,13,702,40,2020-06-10,14230000,12097455
1283,taikoo_shing,1,13,709,41,2021-05-18,13780000,11667580
1284,taikoo_shing,1,14,580,39,2019-07-31,12080000,9561556
1285,taikoo_shing,1,14,709,43,2023-03-23,12880000,12113734
1286,taikoo_shing,1,15,702,41,2021-01-20,13130000,11353610
1287,taikoo_shing,1,15,580,43,2023-09-29,9700000,9848343
1288,taikoo_shing,1,16,723,45,2025-01-17,9880000,11557827
1289,taikoo_shing,1,16,702,46,2026-01-22,9750000,10720510
1290,taikoo_shing,1,17,723,46,2026-03-27,11000000,11674133
1291,taikoo_shing,1,17,702,46,2026-01-13,9400000,10335671
1292,taikoo_shing,1,17,580,40,2020-02-07,10800000,9322115
1293,taikoo_shing,1,17,580,44,2024-07-31,7700000,8502532
1294,taikoo_shing,1,18,709,44,2024-09-12,9330000,10768744
1295,taikoo_shing,1,18,723,39,2019-03-28,15000000,13009327
1296,taikoo_shing,1,18,580,40,2020-12-29,10000000,8742775
1297,taikoo_shing,1,18,580,42,2022-01-04,12500000,11054419
1298,taikoo_shing,1,19,723,46,2026-05-19,12660000,12799270
1299,taikoo_shing,1,19,580,41,2021-05-25,11740000,9940304
1300,taikoo_shing,1,19,580,38,2018-08-16,13150000,11553108
1301,taikoo_shing,1,20,709,42,2022-05-10,14480000,12696617
1302,taikoo_shing,1,21,709,44,2024-06-12,10000000,11091527
1303,taikoo_shing,1,21,580,40,2020-08-13,11900000,10314508
1304,taikoo_shing,1,23,709,45,2025-07-03,10100000,11988010
1305,taikoo_shing,1,24,709,42,2022-11-23,12630000,12485378
1306,taikoo_shing,1,24,702,42,2022-01-05,7500000,6632651
1307,taikoo_shing,1,25,702,38,2018-12-13,13180000,12155837
1308,taikoo_shing,1,26,580,45,2025-02-05,8730000,10297274
1309,taikoo_shing,1,27,580,39,2019-03-27,12180000,10563574
1310,taikoo_shing,1,27,580,38,2018-09-05,13800000,11914910
1311,taikoo_shing,1,27,709,39,2019-07-02,13590000,10756751
1312,taikoo_shing,1,28,709,42,2022-08-23,11000000,10232944
1313,taikoo_shing,7,3,658,45,2025-10-06,8100000,9645507
1314,taikoo_shing,7,3,582,43,2023-06-09,8300000,8044278
1315,taikoo_shing,7,5,702,44,2024-06-05,9200000,10204204
1316,taikoo_shing,7,5,582,42,2022-08-30,10080000,9377097
1317,taikoo_shing,7,6,582,39,2019-04-24,12280000,10389065
1318,taikoo_shing,7,6,582,40,2020-07-15,11920000,10258939
1319,taikoo_shing,7,7,702,43,2023-05-10,11980000,11573360
1320,taikoo_shing,7,7,702,41,2021-02-25,13680000,11895508
1321,taikoo_shing,7,8,582,44,2024-02-26,7980000,8145516
1322,taikoo_shing,7,8,702,39,2019-03-08,12080000,10476845
1323,taikoo_shing,7,8,702,41,2021-09-15,14750000,12711810
1324,taikoo_shing,7,9,582,44,2024-11-29,8280000,9393718
1325,taikoo_shing,7,9,702,42,2022-08-19,12800000,11907425
1326,taikoo_shing,7,9,582,42,2022-10-03,10400000,10211116
1327,taikoo_shing,7,9,702,41,2021-06-04,14150000,11836370
1328,taikoo_shing,7,10,702,46,2026-04-16,11500000,12118369
1329,taikoo_shing,7,10,582,42,2022-02-10,10800000,9375460
1330,taikoo_shing,7,10,582,42,2022-01-28,10800000,9551018
1331,taikoo_shing,7,11,582,43,2023-02-22,10150000,9704414
1332,taikoo_shing,7,11,582,39,2019-01-25,10280000,9488991
1333,taikoo_shing,7,11,702,40,2020-12-29,12298000,10751865
1334,taikoo_shing,7,11,702,46,2026-04-30,11400000,12012991
1335,taikoo_shing,7,12,582,45,2025-05-29,8100000,9570168
1336,taikoo_shing,7,12,582,44,2024-02-09,8150000,8319042
1337,taikoo_shing,7,13,582,41,2021-10-04,10800000,9247983
1338,taikoo_shing,7,14,582,46,2026-01-16,9200000,10115764
1339,taikoo_shing,7,15,582,45,2025-02-06,6970000,8221306
1340,taikoo_shing,7,16,582,42,2022-02-21,9800000,8507362
1341,taikoo_shing,7,16,702,40,2020-03-31,13350000,11644234
1342,taikoo_shing,7,17,582,46,2026-07-22,9000000,9000000
1343,taikoo_shing,7,17,582,46,2026-05-13,9150000,9250657
1344,taikoo_shing,7,19,582,44,2024-04-16,8080000,8873909
1345,taikoo_shing,7,22,702,42,2022-06-13,12820000,11046093
1346,taikoo_shing,7,22,582,41,2021-12-17,13150000,11533301
1347,taikoo_shing,7,22,702,38,2018-04-09,13380000,11966479
1348,taikoo_shing,7,23,702,40,2020-06-16,13635000,11591624
1349,taikoo_shing,7,23,582,40,2020-07-13,12000000,10327791
1350,taikoo_shing,7,24,702,45,2025-03-14,8230000,9897012
1351,taikoo_shing,7,25,582,40,2020-05-19,12000000,10241361
1352,taikoo_shing,7,27,702,42,2022-05-13,14680000,12871984
1353,taikoo_shing,7,28,702,42,2022-10-17,15050000,14776663
1354,taikoo_shing,3,3,580,37,2020-02-05,10000000,8631588
1355,taikoo_shing,3,3,695,37,2020-07-13,11500000,9897466
1356,taikoo_shing,3,3,598,42,2025-10-27,7500000,8931025
1357,taikoo_shing,3,4,580,35,2018-03-01,11380000,10623520
1358,taikoo_shing,3,4,707,43,2026-01-13,10380000,11413220
1359,taikoo_shing,3,4,580,39,2022-12-29,8300000,8798149
1360,taikoo_shing,3,4,707,42,2025-09-09,9600000,11222802
1361,taikoo_shing,3,4,580,39,2022-10-18,9500000,9327462
1362,taikoo_shing,3,5,707,35,2018-06-14,13380000,11753283
1363,taikoo_shing,3,6,580,38,2021-11-15,11500000,9653995
1364,taikoo_shing,3,6,580,38,2021-09-08,13150000,11332902
1365,taikoo_shing,3,7,707,37,2020-06-03,14550000,12369499
1366,taikoo_shing,3,7,707,37,2020-11-13,13650000,11866093
1367,taikoo_shing,3,7,580,40,2023-01-31,9480000,9563979
1368,taikoo_shing,3,9,580,37,2020-02-26,11780000,10168011
1369,taikoo_shing,3,9,707,41,2024-07-09,10220000,11285178
1370,taikoo_shing,3,10,707,39,2022-09-21,12168000,11861102
1371,taikoo_shing,3,11,707,38,2021-04-07,14280000,12295895
1372,taikoo_shing,3,13,707,41,2024-06-13,10330000,11457547
1373,taikoo_shing,3,13,580,38,2021-07-13,12800000,10768077
1374,taikoo_shing,3,13,580,37,2020-12-14,11350000,9923050
1375,taikoo_shing,3,13,707,35,2018-06-27,14480000,12719547
1376,taikoo_shing,3,16,707,35,2018-05-29,14330000,12764479
1377,taikoo_shing,3,16,707,39,2022-02-22,14300000,12413804
1378,taikoo_shing,3,17,707,39,2022-12-09,12280000,13017021
1379,taikoo_shing,3,17,707,43,2026-03-05,8880000,9424209
1380,taikoo_shing,3,17,580,36,2019-11-19,11400000,9889530
1381,taikoo_shing,3,18,580,39,2022-07-28,11900000,10762180
1382,taikoo_shing,3,18,580,42,2025-04-08,1560000,1840598
1383,taikoo_shing,3,19,580,37,2020-08-12,11600000,10054478
1384,taikoo_shing,3,19,707,42,2025-12-30,10100000,11451042
1385,taikoo_shing,3,20,707,42,2025-01-22,10600000,12400098
1386,taikoo_shing,3,21,580,40,2023-04-13,11000000,10370941
1387,taikoo_shing,3,22,707,37,2020-12-14,11100000,9704481
1388,taikoo_shing,3,22,580,37,2020-10-06,2800000,2412379
1389,taikoo_shing,3,23,580,42,2025-06-17,8000000,9643094
1390,taikoo_shing,3,23,707,40,2023-07-27,13100000,13471490
1391,taikoo_shing,3,23,707,38,2021-02-01,13500000,11738988
1392,taikoo_shing,3,23,707,37,2020-07-27,13980000,12031876
1393,taikoo_shing,3,23,580,36,2019-08-30,13000000,11390114
1394,taikoo_shing,3,24,707,43,2026-01-14,11850000,13029543
1395,taikoo_shing,3,24,580,42,2025-12-15,9900000,11224289
1396,taikoo_shing,3,25,580,39,2022-04-08,11000000,9582655
1397,taikoo_shing,3,26,580,37,2020-06-01,13000000,11051786
1398,taikoo_shing,3,26,580,38,2021-07-02,12800000,10768077
1399,taikoo_shing,3,27,580,41,2024-05-07,8700000,9610113
1400,taikoo_shing,3,27,707,41,2024-11-12,10680000,12116535
1401,taikoo_shing,3,28,580,37,2020-03-31,14000000,12211181
1402,taikoo_shing,3,28,707,43,2026-06-15,14850000,14933039
1403,taikoo_shing,3,28,580,39,2022-01-12,500000,442177
1404,taikoo_shing,11,3,582,40,2023-10-12,8070000,8203638
1405,taikoo_shing,11,3,582,38,2021-02-26,9900000,8608591
1406,taikoo_shing,11,4,582,40,2023-08-21,9000000,9403015
1407,taikoo_shing,11,4,582,40,2023-04-21,8980000,8466459
1408,taikoo_shing,11,4,582,43,2026-05-07,9431000,9534749
1409,taikoo_shing,11,5,582,38,2021-06-01,11700000,9786963
1410,taikoo_shing,11,5,701,38,2021-09-01,13350000,11505265
1411,taikoo_shing,11,7,701,41,2024-01-02,10150000,11164364
1412,taikoo_shing,11,7,582,37,2020-06-24,11800000,10031621
1413,taikoo_shing,11,8,582,38,2021-07-16,10000000,8412560
1414,taikoo_shing,11,9,582,41,2024-06-27,4000000,4436611
1415,taikoo_shing,11,10,701,35,2018-02-26,15000000,13521907
1416,taikoo_shing,11,10,582,36,2019-01-17,11000000,10153589
1417,taikoo_shing,11,10,582,42,2025-08-27,8220000,9806355
1418,taikoo_shing,11,10,701,41,2024-02-09,10000000,10207413
1419,taikoo_shing,11,11,701,42,2025-06-30,2080000,2507204
1420,taikoo_shing,11,11,701,38,2021-01-28,13600000,11760023
1421,taikoo_shing,11,11,582,35,2018-03-23,12180000,11370340
1422,taikoo_shing,11,11,701,40,2023-03-02,11900000,11192037
1423,taikoo_shing,11,11,701,38,2021-03-24,12000000,10427429
1424,taikoo_shing,11,11,582,36,2019-04-04,11900000,10067580
1425,taikoo_shing,11,12,582,38,2021-03-29,12360000,10740252
1426,taikoo_shing,11,12,582,43,2026-06-12,10280000,10337484
1427,taikoo_shing,11,12,582,37,2020-03-26,11880000,10362060
1428,taikoo_shing,11,13,582,35,2018-01-31,12000000,11127456
1429,taikoo_shing,11,13,701,42,2025-11-12,10900000,12188286
1430,taikoo_shing,11,13,582,38,2021-09-14,10500000,9049085
1431,taikoo_shing,11,14,582,42,2025-09-17,8850000,10346021
1432,taikoo_shing,11,14,582,41,2024-11-27,7735000,8775412
1433,taikoo_shing,11,15,701,42,2025-09-15,9420000,11012375
1434,taikoo_shing,11,15,582,37,2020-03-18,10000000,8722272
1435,taikoo_shing,11,15,701,39,2022-04-14,11480000,10000808
1436,taikoo_shing,11,16,582,38,2021-06-03,12800000,10707105
1437,taikoo_shing,11,16,582,39,2022-06-23,10000000,8616297
1438,taikoo_shing,11,16,582,38,2021-05-27,12000000,10160447
1439,taikoo_shing,11,17,701,42,2025-09-09,9680000,11316326
1440,taikoo_shing,11,17,701,42,2025-10-21,10000000,11908034
1441,taikoo_shing,11,18,582,43,2026-07-30,10500000,10500000
1442,taikoo_shing,11,18,701,41,2024-09-02,9280000,10711033
1443,taikoo_shing,11,21,582,37,2020-12-17,11880000,10386417
1444,taikoo_shing,11,21,701,38,2021-04-27,14450000,12442275
1445,taikoo_shing,11,22,701,37,2020-07-27,14150000,12178186
1446,taikoo_shing,11,22,582,40,2023-01-10,9600000,9685043
1447,taikoo_shing,11,22,582,43,2026-03-30,9500000,10082205
1448,taikoo_shing,11,23,582,40,2023-09-06,9950000,10102166
1449,taikoo_shing,11,24,582,43,2026-04-02,10700000,11275352
1450,taikoo_shing,11,24,582,36,2019-11-22,11800000,10236532
1451,taikoo_shing,11,24,701,42,2025-08-27,9500000,11333379
1452,taikoo_shing,11,25,701,35,2018-04-19,14800000,13236464
1453,taikoo_shing,11,27,582,42,2025-03-07,7880000,9476119
1454,taikoo_shing,14,3,717,36,2025-08-27,9500000,11333379
1455,taikoo_shing,14,4,680,30,2019-05-14,12600000,10583491
1456,taikoo_shing,14,4,647,30,2019-12-20,12600000,10731701
1457,taikoo_shing,14,4,593,36,2025-10-14,8900000,10598150
1458,taikoo_shing,14,5,714,30,2019-01-14,13000000,11999696
1459,taikoo_shing,14,6,593,36,2025-10-24,9250000,11014931
1460,taikoo_shing,14,6,647,37,2026-03-11,10800000,11461876
1461,taikoo_shing,14,7,593,32,2021-07-29,11800000,9926821
1462,taikoo_shing,14,7,714,32,2021-06-21,11000000,9201418
1463,taikoo_shing,14,7,593,30,2019-06-17,13800000,11667016
1464,taikoo_shing,14,8,680,33,2022-02-14,12600000,10938037
1465,taikoo_shing,14,10,680,37,2026-05-20,12900000,13041911
1466,taikoo_shing,14,11,593,34,2023-12-20,8950000,9525744
1467,taikoo_shing,14,12,593,36,2025-11-11,9550000,10678727
1468,taikoo_shing,14,12,714,32,2021-03-29,11000000,9558476
1469,taikoo_shing,14,13,680,32,2021-07-14,13880000,11676633
1470,taikoo_shing,14,13,714,33,2022-05-23,14528000,12738705
1471,taikoo_shing,14,13,647,35,2024-05-16,9200000,10162418
1472,taikoo_shing,14,14,593,35,2024-04-18,9500000,10433433
1473,taikoo_shing,14,15,680,37,2026-01-28,10580000,11633128
1474,taikoo_shing,14,15,647,34,2023-01-20,4500000,4539864
1475,taikoo_shing,14,16,593,31,2020-06-19,13160000,11187808
1476,taikoo_shing,14,16,647,33,2022-02-08,14000000,12153375
1477,taikoo_shing,14,16,563,32,2021-01-14,11250000,9727960
1478,taikoo_shing,14,17,680,37,2026-03-24,11500000,12204775
1479,taikoo_shing,14,18,680,30,2019-12-23,15000000,12775835
1480,taikoo_shing,14,18,647,37,2026-05-15,12300000,12435310
1481,taikoo_shing,14,19,714,36,2025-12-29,3900000,4421690
1482,taikoo_shing,14,20,714,34,2023-02-20,13830000,13222862
1483,taikoo_shing,14,21,680,36,2025-03-03,10100000,12145787
1484,taikoo_shing,14,21,647,37,2026-06-18,13380000,13454819
1485,taikoo_shing,14,22,680,33,2022-06-08,14380000,12390235
1486,taikoo_shing,14,22,714,29,2018-08-15,16750000,14715936
1487,taikoo_shing,14,22,563,35,2024-03-21,9088000,10122881
1488,taikoo_shing,14,23,714,29,2018-04-18,15300000,13683642
1489,taikoo_shing,14,24,680,33,2022-10-07,12600000,12371160
1490,taikoo_shing,14,25,717,32,2021-07-06,15100000,12702965
1491,taikoo_shing,14,26,603,33,2022-03-16,11800000,10003323
1492,taikoo_shing,14,26,603,34,2023-07-05,9500000,9769401
1493,taikoo_shing,14,26,717,32,2021-01-28,13500000,11673552
1494,taikoo_shing,16,4,680,31,2020-11-24,11380000,9892757
1495,taikoo_shing,16,4,561,31,2020-02-19,10880000,9391168
1496,taikoo_shing,16,5,561,34,2023-06-13,10680000,10350950
1497,taikoo_shing,16,6,715,32,2021-03-09,14550000,12643257
1498,taikoo_shing,16,6,592,35,2024-04-17,9308000,10222568
1499,taikoo_shing,16,7,592,34,2023-01-19,10450000,10542572
1500,taikoo_shing,16,8,715,33,2022-03-09,14500000,12292219
1501,taikoo_shing,16,9,715,32,2021-06-30,12800000,10707105
1502,taikoo_shing,16,12,680,35,2024-11-18,10450000,11855599
1503,taikoo_shing,16,13,680,29,2018-03-09,14800000,13816177
1504,taikoo_shing,16,13,680,36,2025-01-13,10500000,12283116
1505,taikoo_shing,16,14,715,36,2025-01-08,11000000,12868026
1506,taikoo_shing,16,14,715,32,2021-03-15,15100000,13121181
1507,taikoo_shing,16,14,646,35,2024-10-28,9480000,11039084
1508,taikoo_shing,16,15,592,36,2025-04-03,9600000,11326759
1509,taikoo_shing,16,16,680,36,2025-01-08,10500000,12283116
1510,taikoo_shing,16,16,561,33,2022-06-23,11680000,10063835
1511,taikoo_shing,16,18,592,33,2022-01-26,13100000,11585031
1512,taikoo_shing,16,19,680,34,2023-01-13,13800000,13922249
1513,taikoo_shing,16,19,646,35,2024-07-26,10080000,11130587
1514,taikoo_shing,16,19,561,33,2022-10-07,11880000,11664236
1515,taikoo_shing,16,19,592,33,2022-07-04,4000000,3617539
1516,taikoo_shing,16,20,680,32,2021-07-16,16300000,13712473
1517,taikoo_shing,16,20,715,32,2021-06-25,15250000,12756512
1518,taikoo_shing,16,21,592,36,2025-02-21,2500000,2948818
1519,taikoo_shing,16,21,561,36,2025-10-10,8930000,10633874
1520,taikoo_shing,16,23,680,35,2024-07-10,10920000,12058136
1521,taikoo_shing,16,23,715,30,2019-11-07,5500000,4771265
1522,taikoo_shing,16,24,592,34,2023-08-01,11900000,12432876
1523,taikoo_shing,16,24,715,33,2022-06-17,15150000,13053690
1524,taikoo_shing,16,25,596,29,2018-08-20,14880000,13073023
1525,taikoo_shing,16,25,685,35,2024-01-29,4000000,4399749
1526,taikoo_shing,16,25,517,29,2018-02-28,11400000,10276650
1527,taikoo_shing,16,26,597,31,2020-11-04,11680000,10153550
1528,taikoo_shing,16,26,604,36,2025-04-15,9080000,10713226
1529,taikoo_shing,16,26,555,36,2025-05-13,7580000,8955787
1530,taikoo_shing,12,3,897,39,2022-04-12,13900000,12108992
1531,taikoo_shing,12,3,922,35,2018-02-12,15320000,13810375
1532,taikoo_shing,12,4,897,38,2021-07-15,16500000,13880724
1533,taikoo_shing,12,4,922,35,2018-01-05,13900000,12889303
1534,taikoo_shing,12,5,897,39,2022-04-28,16280000,14182330
1535,taikoo_shing,12,6,897,42,2025-04-25,13000000,15338319
1536,taikoo_shing,12,8,922,36,2019-10-31,18380000,16130960
1537,taikoo_shing,12,8,897,43,2026-06-10,15280000,15365443
1538,taikoo_shing,12,9,922,36,2019-11-25,16900000,14660795
1539,taikoo_shing,12,10,897,42,2025-01-24,12480000,14599360
1540,taikoo_shing,12,10,922,42,2025-03-27,13200000,15873701
1541,taikoo_shing,12,12,897,35,2018-06-13,18500000,16250803
1542,taikoo_shing,12,12,922,42,2025-10-09,14000000,16671247
1543,taikoo_shing,12,16,897,41,2024-09-13,13380000,15443279
1544,taikoo_shing,12,18,922,37,2020-07-20,18600000,16008076
1545,taikoo_shing,12,19,897,41,2024-10-30,12980000,15114695
1546,taikoo_shing,12,20,922,40,2023-10-18,13800000,14028525
1547,taikoo_shing,12,20,922,39,2022-01-21,18000000,15918363
1548,taikoo_shing,12,21,922,43,2026-07-17,16800000,16800000
1549,taikoo_shing,12,21,897,40,2023-11-15,14800000,15818102
1550,taikoo_shing,12,25,922,39,2022-10-24,18050000,17722177
1551,taikoo_shing,12,26,922,42,2025-08-21,14700000,17536912
1552,taikoo_shing,12,26,897,41,2024-03-28,1000000,1113873
1553,taikoo_shing,13,3,897,36,2019-04-18,16980000,14365336
1554,taikoo_shing,13,3,922,38,2021-12-15,15500000,13594385
1555,taikoo_shing,13,7,897,43,2026-06-08,14500000,14581082
1556,taikoo_shing,13,8,922,39,2022-12-28,13650000,14469245
1557,taikoo_shing,13,10,922,35,2018-03-09,14550000,13582796
1558,taikoo_shing,13,11,897,37,2020-02-27,16600000,14328436
1559,taikoo_shing,13,15,897,35,2018-07-23,17150000,14572176
1560,taikoo_shing,13,16,922,37,2020-02-07,17900000,15450543
1561,taikoo_shing,13,18,897,37,2020-06-26,16000000,13602199
1562,taikoo_shing,13,21,897,39,2022-09-16,15000000,14621675
1563,taikoo_shing,13,24,897,41,2024-06-11,9380000,10403852
1564,taikoo_shing,13,26,897,37,2020-12-30,15280000,13358961
1565,taikoo_shing,13,27,897,39,2022-09-23,16150000,15742670
1566,taikoo_shing,13,27,922,36,2019-04-24,16800000,14213054
1567,taikoo_shing,13,28,922,36,2019-10-02,18500000,16236277
1568,taikoo_shing,13,28,922,38,2021-01-12,17000000,14700028
1569,taikoo_shing,2,3,689,47,2024-01-16,8300000,9129480
1570,taikoo_shing,2,3,582,49,2026-04-17,8200000,8640924
1571,taikoo_shing,2,4,689,43,2020-05-14,12500000,10668085
1572,taikoo_shing,2,4,689,45,2022-03-28,11200000,9494679
1573,taikoo_shing,2,4,582,46,2023-03-02,9000000,8464566
1574,taikoo_shing,2,4,582,46,2023-01-11,8265000,8338216
1575,taikoo_shing,2,4,536,42,2019-05-30,10500000,8819576
1576,taikoo_shing,2,5,582,49,2026-04-22,8600000,9062432
1577,taikoo_shing,2,5,689,48,2025-07-09,8180000,9709101
1578,taikoo_shing,2,5,536,45,2022-12-22,7428000,7873813
1579,taikoo_shing,2,5,582,44,2021-03-16,10280000,8932831
1580,taikoo_shing,2,6,582,49,2026-06-02,8900000,8949767
1581,taikoo_shing,2,6,582,44,2021-03-03,10880000,9454202
1582,taikoo_shing,2,6,536,47,2024-07-08,7680000,8480447
1583,taikoo_shing,2,6,536,41,2018-07-19,11086000,9419659
1584,taikoo_shing,2,6,582,43,2020-03-04,10400000,9071163
1585,taikoo_shing,2,7,689,44,2021-02-17,11680000,10156399
1586,taikoo_shing,2,8,689,42,2019-11-18,12700000,11017284
1587,taikoo_shing,2,8,536,49,2026-04-21,7000000,7376398
1588,taikoo_shing,2,8,536,45,2022-09-16,9550000,9309133
1589,taikoo_shing,2,8,582,45,2022-12-19,8780000,9306958
1590,taikoo_shing,2,9,689,41,2018-03-19,11700000,10922248
1591,taikoo_shing,2,9,582,48,2025-09-17,7730000,9036694
1592,taikoo_shing,2,9,582,46,2023-01-16,8780000,8857778
1593,taikoo_shing,2,9,536,42,2019-02-25,10250000,9184866
1594,taikoo_shing,2,10,582,43,2020-06-03,12200000,10371676
1595,taikoo_shing,2,10,582,48,2025-07-09,6000000,7121590
1596,taikoo_shing,2,11,582,48,2025-07-15,7600000,9020681
1597,taikoo_shing,2,11,536,41,2018-07-17,9700000,8241989
1598,taikoo_shing,2,11,582,41,2018-05-07,3500000,3117633
1599,taikoo_shing,2,12,536,42,2019-08-30,10500000,9199707
1600,taikoo_shing,2,14,689,44,2021-08-30,14500000,12324739
1601,taikoo_shing,2,14,536,45,2022-01-11,10000000,8843535
1602,taikoo_shing,2,14,582,46,2023-05-25,9880000,9544641
1603,taikoo_shing,2,16,582,45,2022-06-22,1830000,1576782
1604,taikoo_shing,2,18,689,41,2018-04-20,12800000,11447753
1605,taikoo_shing,2,18,582,46,2023-02-06,9150000,8748314
1606,taikoo_shing,2,19,689,46,2023-01-18,12610000,12721707
1607,taikoo_shing,2,20,582,47,2024-02-16,7100000,7247263
1608,taikoo_shing,2,20,536,46,2023-02-20,8580000,8203337
1609,taikoo_shing,2,20,582,43,2020-11-30,10700000,9301626
1610,taikoo_shing,2,21,689,45,2022-06-07,11800000,10167230
1611,taikoo_shing,2,21,536,43,2020-09-10,10600000,9387487
1612,taikoo_shing,2,22,582,41,2018-01-10,11000000,10200168
1613,taikoo_shing,2,22,536,43,2020-08-05,10000000,8667654
1614,taikoo_shing,2,22,582,44,2021-04-28,2400000,2066537
1615,taikoo_shing,2,23,689,46,2023-10-18,11000000,11182158
1616,taikoo_shing,2,23,582,48,2025-05-16,7780000,9192087
1617,taikoo_shing,2,24,689,47,2024-01-18,9800000,10779386
1618,taikoo_shing,2,24,582,45,2022-02-17,11300000,9809510
1619,taikoo_shing,2,24,536,44,2021-06-11,10750000,8992295
1620,taikoo_shing,2,24,582,42,2019-11-19,12500000,10843783
1621,taikoo_shing,2,25,689,42,2019-11-22,14280000,12387938
1622,taikoo_shing,2,25,689,41,2018-02-28,12900000,11628840
1623,taikoo_shing,2,25,536,49,2026-04-30,8780000,9252111
1624,taikoo_shing,2,25,536,44,2021-11-18,10750000,9024387
1625,taikoo_shing,2,26,536,45,2022-08-26,9480000,8818937
1626,taikoo_shing,2,28,689,41,2018-05-09,15200000,13539434
1627,taikoo_shing,2,28,582,46,2023-02-20,11200000,10708319
1628,taikoo_shing,6,6,685,45,2022-07-07,11000000,9948233
1629,taikoo_shing,6,6,685,41,2018-09-27,10300000,8893012
1630,taikoo_shing,6,6,689,41,2018-04-20,10388000,9290567
1631,taikoo_shing,6,6,685,47,2024-09-11,7000000,8079443
1632,taikoo_shing,6,6,593,44,2021-08-16,10000000,8499820
1633,taikoo_shing,6,7,689,43,2020-03-04,10000000,8722272
1634,taikoo_shing,6,7,593,48,2025-09-04,7000000,8183293
1635,taikoo_shing,6,8,689,49,2026-02-05,8740000,9478832
1636,taikoo_shing,6,9,593,43,2020-12-29,10100000,8830203
1637,taikoo_shing,6,10,685,45,2022-04-14,11500000,10018231
1638,taikoo_shing,6,10,689,48,2025-04-17,8280000,9769330
1639,taikoo_shing,6,10,689,44,2021-07-15,13000000,10936328
1640,taikoo_shing,6,10,685,42,2019-03-12,11100000,9626902
1641,taikoo_shing,6,10,593,42,2019-10-17,10300000,9039657
1642,taikoo_shing,6,11,593,47,2024-03-12,7000000,7797114
1643,taikoo_shing,6,11,689,43,2020-01-23,11330000,9806149
1644,taikoo_shing,6,12,685,48,2025-08-15,7960000,9496178
1645,taikoo_shing,6,12,685,46,2023-06-23,10500000,10176496
1646,taikoo_shing,6,12,593,42,2019-11-29,10000000,8675027
1647,taikoo_shing,6,14,685,41,2018-08-16,1500000,1317845
1648,taikoo_shing,6,15,593,48,2025-08-08,7950000,9484248
1649,taikoo_shing,6,15,685,44,2021-02-05,11800000,10260745
1650,taikoo_shing,6,15,689,45,2022-11-23,9900000,9786638
1651,taikoo_shing,6,15,685,44,2021-02-26,10000000,8695547
1652,taikoo_shing,6,15,593,43,2020-02-07,10000000,8631588
1653,taikoo_shing,6,16,685,47,2024-08-29,8200000,9649156
1654,taikoo_shing,6,16,685,48,2025-08-26,9200000,10975482
1655,taikoo_shing,6,17,685,43,2020-05-13,12350000,10540068
1656,taikoo_shing,6,18,685,44,2021-11-23,4340000,3643334
1657,taikoo_shing,6,18,685,46,2023-07-18,11550000,11877535
1658,taikoo_shing,6,18,593,45,2022-02-21,10590000,9193160
1659,taikoo_shing,6,19,685,44,2021-07-27,12600000,10599825
1660,taikoo_shing,6,19,689,49,2026-07-14,10500000,10500000
1661,taikoo_shing,6,20,685,44,2021-03-12,12200000,10601219
1662,taikoo_shing,6,20,685,47,2024-02-16,8800000,8982524
1663,taikoo_shing,6,21,593,44,2021-04-20,11190000,9635229
1664,taikoo_shing,6,21,685,45,2022-09-05,12080000,11775322
1665,taikoo_shing,6,22,689,46,2023-12-11,10300000,10962588
1666,taikoo_shing,6,23,689,41,2018-02-27,13000000,11718986
1667,taikoo_shing,6,23,685,44,2021-04-14,12300000,10591002
1668,taikoo_shing,6,24,593,43,2020-05-18,10530000,8986795
1669,taikoo_shing,6,25,685,43,2020-06-16,12500000,10626718
1670,taikoo_shing,6,26,685,42,2019-08-28,14200000,12441509
1671,taikoo_shing,6,27,685,46,2023-01-13,9800000,9886814
1672,taikoo_shing,6,27,689,49,2026-01-26,10900000,11984981
1673,taikoo_shing,4,1,484,45,2021-12-03,6650000,5832430
1674,taikoo_shing,4,2,583,45,2021-07-05,9200000,7739555
1675,taikoo_shing,4,3,583,50,2026-01-19,8000000,8796316
1676,taikoo_shing,4,3,484,48,2024-08-21,5000000,5883632
1677,taikoo_shing,4,3,504,46,2022-02-08,8000000,6944786
1678,taikoo_shing,4,4,583,48,2024-11-13,6460000,7328915
1679,taikoo_shing,4,5,583,50,2026-01-20,7200000,7916685
1680,taikoo_shing,4,5,583,48,2024-03-04,6400000,7128790
1681,taikoo_shing,4,6,489,45,2021-11-02,8630000,7244694
1682,taikoo_shing,4,6,545,47,2023-02-14,7400000,7075139
1683,taikoo_shing,4,7,583,46,2022-05-23,9250000,8110753
1684,taikoo_shing,4,7,583,46,2022-10-19,8400000,8247440
1685,taikoo_shing,4,7,583,49,2025-03-19,6230000,7491906
1686,taikoo_shing,4,8,583,44,2020-01-20,10000000,8655030
1687,taikoo_shing,4,8,545,45,2021-05-03,9300000,7874346
1688,taikoo_shing,4,9,489,43,2019-06-06,8400000,7101662
1689,taikoo_shing,4,9,583,46,2022-03-01,8550000,7248170
1690,taikoo_shing,4,10,489,45,2021-09-29,9180000,7911486
1691,taikoo_shing,4,10,545,45,2021-01-11,9130000,7894780
1692,taikoo_shing,4,10,545,44,2020-02-10,9328000,8051545
1693,taikoo_shing,4,11,545,44,2020-01-17,9020000,7806837
1694,taikoo_shing,4,13,489,42,2018-02-20,7800000,7031392
1695,taikoo_shing,4,13,583,45,2021-02-23,9680000,8417289
1696,taikoo_shing,4,13,583,46,2022-03-07,9200000,7799201
1697,taikoo_shing,4,14,489,42,2018-05-11,8400000,7482319
1698,taikoo_shing,4,14,583,44,2020-10-22,9900000,8529483
1699,taikoo_shing,4,14,583,48,2024-05-22,7000000,7732275
1700,taikoo_shing,4,15,583,49,2025-07-10,6800000,8071135
1701,taikoo_shing,4,17,489,47,2023-01-30,7160000,7223428
1702,taikoo_shing,4,17,489,49,2025-08-25,6000000,7157923
1703,taikoo_shing,4,19,489,46,2022-01-05,8680000,7676188
1704,taikoo_shing,4,19,489,45,2021-12-07,8300000,7279574
1705,taikoo_shing,4,19,583,49,2025-04-15,6680000,7881536
1706,taikoo_shing,4,19,545,46,2022-01-04,9650000,8534011
1707,taikoo_shing,4,20,489,47,2023-12-20,6100000,6492406
1708,taikoo_shing,4,20,583,47,2023-11-01,8345000,8919058
1709,taikoo_shing,4,21,583,50,2026-01-07,7800000,8576408
1710,taikoo_shing,4,21,545,46,2022-07-25,10000000,9043848
1711,taikoo_shing,4,24,583,48,2024-05-31,7300000,8063658
1712,taikoo_shing,4,24,545,42,2018-09-19,9300000,8029613
1713,taikoo_shing,4,25,545,43,2019-11-22,9920000,8605627
1714,taikoo_shing,4,26,489,45,2021-07-16,9980000,8395735
1715,taikoo_shing,4,26,545,44,2020-08-05,9000000,7800888
1716,taikoo_shing,4,26,583,43,2019-08-26,10930000,9576457
1717,taikoo_shing,4,27,583,46,2022-12-30,1300000,1378023
1718,taikoo_shing,4,27,583,49,2025-05-26,7880000,9310237
1719,taikoo_shing,23,1,440,45,2021-05-31,7450000,6307944
1720,taikoo_shing,23,2,580,50,2026-07-06,8000000,8000000
1721,taikoo_shing,23,2,489,50,2026-04-20,6850000,7218333
1722,taikoo_shing,23,2,489,45,2021-11-15,8000000,6715823
1723,taikoo_shing,23,3,580,45,2021-02-08,9000000,7825992
1724,taikoo_shing,23,3,580,43,2019-11-27,9500000,8241275
1725,taikoo_shing,23,3,580,49,2025-02-13,5500000,6487400
1726,taikoo_shing,23,3,545,44,2020-09-29,9050000,8014789
1727,taikoo_shing,23,4,545,45,2021-05-14,8900000,7535665
1728,taikoo_shing,23,4,580,48,2024-08-05,5800000,6825013
1729,taikoo_shing,23,5,580,46,2022-02-07,9260000,8038589
1730,taikoo_shing,23,5,545,44,2020-09-11,9400000,8324753
1731,taikoo_shing,23,6,580,48,2024-02-21,6000000,6124448
1732,taikoo_shing,23,7,580,49,2025-12-02,7000000,7936366
1733,taikoo_shing,23,8,489,44,2020-04-28,6500000,5710662
1734,taikoo_shing,23,8,580,45,2021-07-19,10780000,9068740
1735,taikoo_shing,23,9,545,45,2021-03-15,1600000,1390324
1736,taikoo_shing,23,9,489,48,2024-12-20,5500000,6138025
1737,taikoo_shing,23,9,580,46,2022-06-21,9550000,8228564
1738,taikoo_shing,23,10,545,44,2020-03-31,9400000,8198936
1739,taikoo_shing,23,10,580,47,2023-03-08,8680000,8163603
1740,taikoo_shing,23,11,489,44,2020-03-31,8300000,7239486
1741,taikoo_shing,23,11,489,43,2019-06-04,9000000,7608923
1742,taikoo_shing,23,12,545,48,2024-04-23,6800000,7468141
1743,taikoo_shing,23,12,580,44,2020-07-30,2125000,1828880
1744,taikoo_shing,23,12,545,45,2021-06-29,9700000,8113978
1745,taikoo_shing,23,13,545,44,2020-10-19,9100000,7840232
1746,taikoo_shing,23,13,580,48,2024-09-09,6780000,7825518
1747,taikoo_shing,23,13,489,44,2020-07-29,9080000,7814695
1748,taikoo_shing,23,14,545,48,2024-07-03,6000000,6625349
1749,taikoo_shing,23,15,545,50,2026-03-04,5750000,6102387
1750,taikoo_shing,23,16,545,46,2022-01-04,10300000,9108841
1751,taikoo_shing,23,16,545,48,2024-12-02,5000000,5580023
1752,taikoo_shing,23,17,545,49,2025-07-22,7230000,8581516
1753,taikoo_shing,23,17,580,47,2023-06-23,8740000,8470722
1754,taikoo_shing,23,17,580,42,2018-01-16,8800000,8160134
1755,taikoo_shing,23,17,545,44,2020-08-24,9680000,8390289
1756,taikoo_shing,23,18,580,43,2019-12-05,9980000,8500189
1757,taikoo_shing,23,18,489,49,2025-03-18,6000000,7215319
1758,taikoo_shing,23,18,489,47,2023-10-17,3150000,3202163
1759,taikoo_shing,23,18,580,50,2026-07-08,7680000,7680000
1760,taikoo_shing,23,19,580,45,2021-05-24,10000000,8467039
1761,taikoo_shing,23,20,580,48,2024-11-04,6000000,6807042
1762,taikoo_shing,23,20,580,46,2022-10-18,8400000,8247440
1763,taikoo_shing,23,21,545,44,2020-05-07,9668000,8251124
1764,taikoo_shing,23,21,580,45,2021-05-14,10000000,8467039
1765,taikoo_shing,23,22,580,49,2025-07-14,7200000,8545908
1766,taikoo_shing,23,23,489,42,2018-05-21,9080000,8088030
1767,taikoo_shing,23,25,580,44,2020-11-17,10000000,8693108
1768,taikoo_shing,23,25,545,44,2020-11-26,9638000,8378418
1769,taikoo_shing,23,26,489,49,2025-12-23,4728000,5360448
1770,taikoo_shing,23,26,580,43,2019-01-04,10550000,9738215
1771,taikoo_shing,23,27,580,47,2023-02-21,9880000,9446267
1772,taikoo_shing,23,27,489,48,2024-09-26,5800000,6694396
1773,taikoo_shing,23,27,580,44,2020-09-15,9868000,8739219
1774,taikoo_shing,23,27,580,49,2025-07-24,7600000,9020681
1775,taikoo_shing,5,2,708,36,2021-02-05,13500000,11738988
1776,taikoo_shing,5,2,739,36,2021-04-16,12660000,10900983
1777,taikoo_shing,5,3,708,40,2025-05-27,12500000,14768778
1778,taikoo_shing,5,3,723,39,2024-05-03,10600000,11708873
1779,taikoo_shing,5,3,572,38,2023-08-15,8950000,9350776
1780,taikoo_shing,5,3,572,37,2022-03-10,10000000,8477392
1781,taikoo_shing,5,3,708,40,2025-12-16,9300000,10544029
1782,taikoo_shing,5,4,708,40,2025-05-27,11900000,14059876
1783,taikoo_shing,5,4,708,38,2023-03-13,12700000,11944443
1784,taikoo_shing,5,4,572,40,2025-12-22,8880000,10067847
1785,taikoo_shing,5,6,708,34,2019-03-05,14400000,12488954
1786,taikoo_shing,5,6,572,35,2020-07-03,9980000,8589279
1787,taikoo_shing,5,7,723,39,2024-01-31,12400000,13639223
1788,taikoo_shing,5,7,708,35,2020-11-26,12500000,10866385
1789,taikoo_shing,5,7,572,40,2025-05-27,10100000,11933172
1790,taikoo_shing,5,7,708,40,2025-05-27,12400000,14650627
1791,taikoo_shing,5,8,572,39,2024-10-14,7790000,9071146
1792,taikoo_shing,5,9,708,38,2023-12-18,11500000,12239782
1793,taikoo_shing,5,9,723,35,2020-07-23,15650000,13469160
1794,taikoo_shing,5,10,723,39,2024-07-09,12380000,13670304
1795,taikoo_shing,5,10,572,40,2025-05-27,10200000,12051323
1796,taikoo_shing,5,10,708,40,2025-05-27,12500000,14768778
1797,taikoo_shing,5,11,708,40,2025-05-27,12900000,15241379
1798,taikoo_shing,5,11,723,41,2026-02-04,12000000,13014415
1799,taikoo_shing,5,11,572,40,2025-05-27,10300000,12169473
1800,taikoo_shing,5,11,708,40,2025-05-27,12600000,14886928
1801,taikoo_shing,5,12,723,36,2021-11-09,15000000,12592168
1802,taikoo_shing,5,12,572,40,2025-05-27,10300000,12169473
1803,taikoo_shing,5,14,708,36,2021-12-23,15000000,13155856
1804,taikoo_shing,5,14,708,40,2025-05-27,12700000,15005078
1805,taikoo_shing,5,15,723,39,2024-05-10,10080000,11134476
1806,taikoo_shing,5,15,708,39,2024-02-02,11000000,11228154
1807,taikoo_shing,5,16,708,40,2025-05-27,12500000,14768778
1808,taikoo_shing,5,17,708,37,2022-08-24,15500000,14419148
1809,taikoo_shing,5,17,708,41,2026-04-01,11900000,12539877
1810,taikoo_shing,5,18,708,38,2023-12-27,12200000,12984813
1811,taikoo_shing,5,18,723,37,2022-12-30,3515000,3725963
1812,taikoo_shing,5,18,708,39,2024-12-02,3000000,3348014
1813,taikoo_shing,5,19,708,36,2021-04-20,15580000,13415270
1814,taikoo_shing,5,19,572,36,2021-11-15,12250000,10283604
1815,taikoo_shing,5,19,708,39,2024-08-21,10000000,11767263
1816,taikoo_shing,5,20,723,39,2024-01-12,2900000,3189818
1817,taikoo_shing,5,20,572,34,2019-12-03,11800000,10050324
1818,taikoo_shing,5,21,708,39,2024-03-19,13000000,14480354
1819,taikoo_shing,5,21,723,41,2026-05-19,13800000,13951811
1820,taikoo_shing,5,21,572,40,2025-01-02,8800000,10294421
1821,taikoo_shing,5,22,708,41,2026-05-14,12950000,13092461
1822,taikoo_shing,5,22,572,40,2025-05-27,10700000,12642074
1823,taikoo_shing,5,23,572,40,2025-05-27,10700000,12642074
1824,taikoo_shing,5,23,572,40,2025-05-27,10700000,12642074
1825,taikoo_shing,5,24,708,40,2025-07-03,11200000,13293635
1826,taikoo_shing,5,24,572,40,2025-05-27,10700000,12642074
1827,taikoo_shing,5,25,708,41,2026-06-22,13850000,13927447
1828,taikoo_shing,5,25,708,33,2018-04-27,14280000,12771399
1829,taikoo_shing,5,25,572,40,2025-05-27,10800000,12760224
1830,taikoo_shing,5,25,708,39,2024-09-16,10000000,11542062
1831,taikoo_shing,5,26,708,33,2018-04-18,16600000,14846304
1832,taikoo_shing,5,26,572,40,2025-05-27,10800000,12760224
1833,taikoo_shing,5,27,572,40,2025-05-27,10800000,12760224
1834,taikoo_shing,5,28,708,36,2021-10-05,19780000,16937509
1835,taikoo_shing,5,28,572,40,2025-05-27,12400000,14650627
1836,taikoo_shing,5,28,708,40,2025-05-27,15400000,18195134
1837,taikoo_shing,9,2,723,40,2025-05-27,12700000,15005078
1838,taikoo_shing,9,2,723,35,2020-10-06,11900000,10252611
1839,taikoo_shing,9,3,723,39,2024-10-23,9100000,10596589
1840,taikoo_shing,9,3,708,40,2025-05-27,12300000,14532477
1841,taikoo_shing,9,3,572,36,2021-03-03,10000000,8689524
1842,taikoo_shing,9,4,708,39,2024-11-26,9050000,10267289
1843,taikoo_shing,9,4,572,33,2018-10-03,9980000,9001196
1844,taikoo_shing,9,4,572,35,2020-10-27,10900000,9391047
1845,taikoo_shing,9,5,572,37,2022-05-25,12380000,10855256
1846,taikoo_shing,9,6,572,37,2022-08-18,11300000,10512024
1847,taikoo_shing,9,7,708,39,2024-03-21,11000000,12252607
1848,taikoo_shing,9,7,723,35,2020-12-24,14800000,12939307
1849,taikoo_shing,9,8,708,39,2024-01-17,10000000,10999374
1850,taikoo_shing,9,8,572,34,2019-10-18,11880000,10426322
1851,taikoo_shing,9,9,723,36,2021-06-16,14000000,11710896
1852,taikoo_shing,9,9,572,40,2025-05-27,10700000,12642074
1853,taikoo_shing,9,10,723,36,2021-09-03,16000000,13789082
1854,taikoo_shing,9,10,723,36,2021-10-07,14200000,12159385
1855,taikoo_shing,9,10,708,36,2021-09-17,15250000,13142719
1856,taikoo_shing,9,11,723,36,2021-04-16,16980000,14620749
1857,taikoo_shing,9,11,708,34,2019-11-26,3000000,2602508
1858,taikoo_shing,9,11,572,34,2019-02-11,11080000,9928617
1859,taikoo_shing,9,12,723,35,2020-03-11,14480000,12629851
1860,taikoo_shing,9,12,572,41,2026-01-06,8400000,9236132
1861,taikoo_shing,9,13,708,38,2023-11-29,10800000,11542939
1862,taikoo_shing,9,13,708,35,2020-10-05,13600000,11717270
1863,taikoo_shing,9,13,708,41,2026-01-16,10880000,11962990
1864,taikoo_shing,9,14,708,36,2021-06-28,6000000,5018955
1865,taikoo_shing,9,15,708,38,2023-03-20,14200000,13355203
1866,taikoo_shing,9,15,723,41,2026-05-22,12100000,12233110
1867,taikoo_shing,9,15,708,33,2018-07-25,12000000,10196275
1868,taikoo_shing,9,15,572,41,2026-03-25,6380000,6770997
1869,taikoo_shing,9,15,572,38,2023-06-16,10550000,10224956
1870,taikoo_shing,9,15,708,36,2021-07-07,14960000,12585190
1871,taikoo_shing,9,16,708,35,2020-12-02,14500000,12677024
1872,taikoo_shing,9,17,723,36,2021-08-17,14500000,12324739
1873,taikoo_shing,9,17,708,38,2023-04-03,12000000,11313754
1874,taikoo_shing,9,19,708,38,2023-08-30,13800000,14417957
1875,taikoo_shing,9,19,708,33,2018-05-11,3550000,3162170
1876,taikoo_shing,9,19,572,35,2020-09-23,11100000,9830293
1877,taikoo_shing,9,19,708,39,2024-04-30,12180000,13376759
1878,taikoo_shing,9,20,723,41,2026-01-21,13590000,14942742
1879,taikoo_shing,9,21,723,33,2018-11-07,17700000,15962587
1880,taikoo_shing,9,21,708,40,2025-10-06,11300000,13456078
1881,taikoo_shing,9,22,708,35,2020-02-06,15200000,13120014
1882,taikoo_shing,9,23,572,35,2020-01-06,11600000,10039834
1883,taikoo_shing,9,24,572,40,2025-12-09,8600000,9750392
1884,taikoo_shing,9,24,572,36,2021-05-25,12400000,10499129
1885,taikoo_shing,9,24,708,33,2018-02-07,15100000,13612054
1886,taikoo_shing,9,25,572,40,2025-11-12,8280000,9258624
1887,taikoo_shing,9,26,572,37,2022-11-25,9500000,9391218
1888,taikoo_shing,9,26,572,39,2024-08-05,8500000,10002174
1889,taikoo_shing,9,26,708,33,2018-06-20,15800000,13879064
1890,taikoo_shing,9,27,723,36,2021-04-21,14930000,12855582
1891,taikoo_shing,9,28,723,36,2021-12-24,22380000,19628538
1892,taikoo_shing,9,28,708,39,2024-06-27,11400000,12644340
