transaction_id,estate,phase,block,unit,floor,saleable_area_sqft,price_hkd,price_per_sqft_hkd_reference_only,sale_date,source_url,notes
1,city_one_shatin,1,1,E,1,451,6400000,14191,2021-11-18,https://www.28hse.com/en/estate/detail/city-one-shatin-4080/history/stateno-1/blockno-1,
2,city_one_shatin,1,1,B,2,451,5650000,12528,2022-10-27,https://www.28hse.com/en/estate/detail/city-one-shatin-4080/history/stateno-1/blockno-1,
3,city_one_shatin,1,1,C,2,327,4200000,12844,2026-03-02,https://www.28hse.com/en/estate/detail/city-one-shatin-4080/history/stateno-1/blockno-1,
4,city_one_shatin,1,1,D,2,327,5280000,16147,2020-03-18,https://www.28hse.com/en/estate/detail/city-one-shatin-4080/history/stateno-1/blockno-1,
5,city_one_shatin,1,1,H,2,327,5330000,16300,2020-06-22,https://www.28hse.com/en/estate/detail/city-one-shatin-4080/history/stateno-1/blockno-1,
6,city_one_shatin,1,1,A,3,451,7180000,15920,2021-10-29,https://www.28hse.com/en/estate/detail/city-one-shatin-4080/history/stateno-1/blockno-1,
7,city_one_shatin,1,1,C,4,327,5300000,16208,2021-04-14,https://www.28hse.com/en/estate/detail/city-one-shatin-4080/history/stateno-1/blockno-1,
8,city_one_shatin,1,1,E,4,451,6000000,13304,2018-01-18,https://www.28hse.com/en/estate/detail/city-one-shatin-4080/history/stateno-1/blockno-1,
9,city_one_shatin,1,1,B,5,451,6600000,14634,2019-09-17,https://www.28hse.com/en/estate/detail/city-one-shatin-4080/history/stateno-1/blockno-1,
10,city_one_shatin,1,1,G,5,327,3980000,12171,2025-09-26,https://www.28hse.com/en/estate/detail/city-one-shatin-4080/history/stateno-1/blockno-1,
11,city_one_shatin,1,1,H,5,327,5800000,17737,2021-08-03,https://www.28hse.com/en/estate/detail/city-one-shatin-4080/history/stateno-1/blockno-1,
12,city_one_shatin,1,1,F,6,451,7050000,15632,2021-06-16,https://www.28hse.com/en/estate/detail/city-one-shatin-4080/history/stateno-1/blockno-1,
13,city_one_shatin,1,1,G,6,327,5330000,16300,2019-07-08,https://www.28hse.com/en/estate/detail/city-one-shatin-4080/history/stateno-1/blockno-1,
14,city_one_shatin,1,1,H,6,327,5230000,15994,2022-04-22,https://www.28hse.com/en/estate/detail/city-one-shatin-4080/history/stateno-1/blockno-1,
15,city_one_shatin,1,1,B,7,451,6188000,13721,2022-09-26,https://www.28hse.com/en/estate/detail/city-one-shatin-4080/history/stateno-1/blockno-1,
16,city_one_shatin,1,1,D,8,327,5760000,17615,2020-10-19,https://www.28hse.com/en/estate/detail/city-one-shatin-4080/history/stateno-1/blockno-1,
17,city_one_shatin,1,1,E,8,451,7130000,15809,2021-04-23,https://www.28hse.com/en/estate/detail/city-one-shatin-4080/history/stateno-1/blockno-1,
18,city_one_shatin,1,1,G,8,327,5000000,15291,2019-05-30,https://www.28hse.com/en/estate/detail/city-one-shatin-4080/history/stateno-1/blockno-1,
19,city_one_shatin,1,1,B,9,451,6880000,15255,2019-03-11,https://www.28hse.com/en/estate/detail/city-one-shatin-4080/history/stateno-1/blockno-1,
20,city_one_shatin,1,1,C,9,327,5680000,17370,2020-05-15,https://www.28hse.com/en/estate/detail/city-one-shatin-4080/history/stateno-1/blockno-1,
21,city_one_shatin,1,1,F,9,451,4000000,8869,2025-07-08,https://www.28hse.com/en/estate/detail/city-one-shatin-4080/history/stateno-1/blockno-1,
22,city_one_shatin,1,1,H,9,327,6300000,19266,2019-05-22,https://www.28hse.com/en/estate/detail/city-one-shatin-4080/history/stateno-1/blockno-1,
23,city_one_shatin,1,1,A,10,451,7650000,16962,2021-08-10,https://www.28hse.com/en/estate/detail/city-one-shatin-4080/history/stateno-1/blockno-1,
24,city_one_shatin,1,1,G,10,327,5500000,16820,2020-10-09,https://www.28hse.com/en/estate/detail/city-one-shatin-4080/history/stateno-1/blockno-1,
25,city_one_shatin,1,1,B,11,451,6968000,15450,2019-03-01,https://www.28hse.com/en/estate/detail/city-one-shatin-4080/history/stateno-1/blockno-1,
26,city_one_shatin,1,1,F,11,451,6170000,13681,2022-10-25,https://www.28hse.com/en/estate/detail/city-one-shatin-4080/history/stateno-1/blockno-1,
27,city_one_shatin,1,1,G,11,327,6020000,18410,2021-09-27,https://www.28hse.com/en/estate/detail/city-one-shatin-4080/history/stateno-1/blockno-1,
28,city_one_shatin,1,1,H,11,327,4880000,14924,2023-08-17,https://www.28hse.com/en/estate/detail/city-one-shatin-4080/history/stateno-1/blockno-1,
29,city_one_shatin,1,1,F,12,451,6220000,13792,2022-11-11,https://www.28hse.com/en/estate/detail/city-one-shatin-4080/history/stateno-1/blockno-1,
30,city_one_shatin,1,1,D,13,327,5260000,16086,2023-04-20,https://www.28hse.com/en/estate/detail/city-one-shatin-4080/history/stateno-1/blockno-1,
31,city_one_shatin,1,1,A,14,451,6740000,14945,2019-02-13,https://www.28hse.com/en/estate/detail/city-one-shatin-4080/history/stateno-1/blockno-1,
32,city_one_shatin,1,1,C,14,327,4150000,12691,2024-04-11,https://www.28hse.com/en/estate/detail/city-one-shatin-4080/history/stateno-1/blockno-1,
33,city_one_shatin,1,1,G,15,327,6330000,19358,2021-12-20,https://www.28hse.com/en/estate/detail/city-one-shatin-4080/history/stateno-1/blockno-1,
34,city_one_shatin,1,1,H,15,327,5680000,17370,2020-08-10,https://www.28hse.com/en/estate/detail/city-one-shatin-4080/history/stateno-1/blockno-1,
35,city_one_shatin,1,1,A,16,451,7480000,16585,2020-05-28,https://www.28hse.com/en/estate/detail/city-one-shatin-4080/history/stateno-1/blockno-1,
36,city_one_shatin,1,1,C,16,327,4850000,14832,2022-10-06,https://www.28hse.com/en/estate/detail/city-one-shatin-4080/history/stateno-1/blockno-1,
37,city_one_shatin,1,1,F,16,451,7750000,17184,2018-05-29,https://www.28hse.com/en/estate/detail/city-one-shatin-4080/history/stateno-1/blockno-1,
38,city_one_shatin,1,1,G,16,327,5900000,18043,2019-12-19,https://www.28hse.com/en/estate/detail/city-one-shatin-4080/history/stateno-1/blockno-1,
39,city_one_shatin,1,1,A,17,451,5000000,11086,2025-06-25,https://www.28hse.com/en/estate/detail/city-one-shatin-4080/history/stateno-1/blockno-1,
40,city_one_shatin,1,1,C,17,327,4508000,13786,2026-01-29,https://www.28hse.com/en/estate/detail/city-one-shatin-4080/history/stateno-1/blockno-1,
41,city_one_shatin,1,1,G,18,327,4400000,13456,2025-12-08,https://www.28hse.com/en/estate/detail/city-one-shatin-4080/history/stateno-1/blockno-1,
42,city_one_shatin,1,1,A,19,451,7250000,16075,2020-07-08,https://www.28hse.com/en/estate/detail/city-one-shatin-4080/history/stateno-1/blockno-1,
43,city_one_shatin,1,1,B,19,451,7600000,16851,2019-08-14,https://www.28hse.com/en/estate/detail/city-one-shatin-4080/history/stateno-1/blockno-1,
44,city_one_shatin,1,1,D,19,327,4380000,13394,2024-10-21,https://www.28hse.com/en/estate/detail/city-one-shatin-4080/history/stateno-1/blockno-1,
45,city_one_shatin,1,1,F,19,451,6500000,14412,2026-06-03,https://www.28hse.com/en/estate/detail/city-one-shatin-4080/history/stateno-1/blockno-1,
46,city_one_shatin,1,1,H,19,327,4880000,14924,2022-11-14,https://www.28hse.com/en/estate/detail/city-one-shatin-4080/history/stateno-1/blockno-1,
47,city_one_shatin,1,1,E,20,451,7780000,17251,2020-08-12,https://www.28hse.com/en/estate/detail/city-one-shatin-4080/history/stateno-1/blockno-1,
48,city_one_shatin,1,1,G,20,327,5600000,17125,2023-05-23,https://www.28hse.com/en/estate/detail/city-one-shatin-4080/history/stateno-1/blockno-1,
49,city_one_shatin,1,1,C,21,327,6500000,19878,2018-10-30,https://www.28hse.com/en/estate/detail/city-one-shatin-4080/history/stateno-1/blockno-1,
50,city_one_shatin,1,1,D,21,327,6290000,19235,2022-01-10,https://www.28hse.com/en/estate/detail/city-one-shatin-4080/history/stateno-1/blockno-1,
51,city_one_shatin,1,1,F,21,451,7550000,16741,2020-08-04,https://www.28hse.com/en/estate/detail/city-one-shatin-4080/history/stateno-1/blockno-1,
52,city_one_shatin,1,1,C,22,327,4398000,13450,2025-07-16,https://www.28hse.com/en/estate/detail/city-one-shatin-4080/history/stateno-1/blockno-1,
53,city_one_shatin,1,1,F,22,451,7780000,17251,2020-12-24,https://www.28hse.com/en/estate/detail/city-one-shatin-4080/history/stateno-1/blockno-1,
54,city_one_shatin,1,1,D,23,327,4920000,15046,2022-09-29,https://www.28hse.com/en/estate/detail/city-one-shatin-4080/history/stateno-1/blockno-1,
55,city_one_shatin,1,1,G,23,327,4580000,14006,2024-05-08,https://www.28hse.com/en/estate/detail/city-one-shatin-4080/history/stateno-1/blockno-1,
56,city_one_shatin,1,1,A,24,451,7500000,16630,2021-03-26,https://www.28hse.com/en/estate/detail/city-one-shatin-4080/history/stateno-1/blockno-1,
57,city_one_shatin,1,1,C,24,327,5998000,18343,2019-08-01,https://www.28hse.com/en/estate/detail/city-one-shatin-4080/history/stateno-1/blockno-1,
58,city_one_shatin,1,1,H,24,327,6180000,18899,2021-12-21,https://www.28hse.com/en/estate/detail/city-one-shatin-4080/history/stateno-1/blockno-1,
59,city_one_shatin,1,1,C,25,327,4300000,13150,2024-03-28,https://www.28hse.com/en/estate/detail/city-one-shatin-4080/history/stateno-1/blockno-1,
60,city_one_shatin,1,1,E,25,451,7780000,17251,2018-07-03,https://www.28hse.com/en/estate/detail/city-one-shatin-4080/history/stateno-1/blockno-1,
61,city_one_shatin,1,1,G,25,327,5730000,17523,2020-09-18,https://www.28hse.com/en/estate/detail/city-one-shatin-4080/history/stateno-1/blockno-1,
62,city_one_shatin,1,1,C,26,327,4850000,14832,2018-12-13,https://www.28hse.com/en/estate/detail/city-one-shatin-4080/history/stateno-1/blockno-1,
63,city_one_shatin,1,2,B,1,451,3500000,7761,2026-01-30,https://www.28hse.com/en/estate/detail/city-one-shatin-4080/history/stateno-1/blockno-2,
64,city_one_shatin,1,2,E,1,451,5480000,12151,2023-03-02,https://www.28hse.com/en/estate/detail/city-one-shatin-4080/history/stateno-1/blockno-2,
65,city_one_shatin,1,2,B,2,451,6300000,13969,2021-01-20,https://www.28hse.com/en/estate/detail/city-one-shatin-4080/history/stateno-1/blockno-2,
66,city_one_shatin,1,2,C,2,327,3600000,11009,2025-03-14,https://www.28hse.com/en/estate/detail/city-one-shatin-4080/history/stateno-1/blockno-2,
67,city_one_shatin,1,2,F,2,451,6880000,15255,2021-07-06,https://www.28hse.com/en/estate/detail/city-one-shatin-4080/history/stateno-1/blockno-2,
68,city_one_shatin,1,2,A,3,451,5000000,11086,2024-12-05,https://www.28hse.com/en/estate/detail/city-one-shatin-4080/history/stateno-1/blockno-2,
69,city_one_shatin,1,2,D,3,327,5300000,16208,2019-09-03,https://www.28hse.com/en/estate/detail/city-one-shatin-4080/history/stateno-1/blockno-2,
70,city_one_shatin,1,2,H,3,327,5390000,16483,2020-06-22,https://www.28hse.com/en/estate/detail/city-one-shatin-4080/history/stateno-1/blockno-2,
71,city_one_shatin,1,2,C,4,327,3000000,9174,2024-10-21,https://www.28hse.com/en/estate/detail/city-one-shatin-4080/history/stateno-1/blockno-2,
72,city_one_shatin,1,2,C,5,327,3980000,12171,2023-11-14,https://www.28hse.com/en/estate/detail/city-one-shatin-4080/history/stateno-1/blockno-2,
73,city_one_shatin,1,2,D,5,327,4150000,12691,2024-07-26,https://www.28hse.com/en/estate/detail/city-one-shatin-4080/history/stateno-1/blockno-2,
74,city_one_shatin,1,2,G,5,327,5050000,15443,2026-07-02,https://www.28hse.com/en/estate/detail/city-one-shatin-4080/history/stateno-1/blockno-2,
75,city_one_shatin,1,2,E,6,451,6280000,13925,2023-01-09,https://www.28hse.com/en/estate/detail/city-one-shatin-4080/history/stateno-1/blockno-2,
76,city_one_shatin,1,2,C,7,327,5400000,16514,2021-01-08,https://www.28hse.com/en/estate/detail/city-one-shatin-4080/history/stateno-1/blockno-2,
77,city_one_shatin,1,2,D,7,327,5700000,17431,2021-03-04,https://www.28hse.com/en/estate/detail/city-one-shatin-4080/history/stateno-1/blockno-2,
78,city_one_shatin,1,2,G,8,327,4000000,12232,2025-11-14,https://www.28hse.com/en/estate/detail/city-one-shatin-4080/history/stateno-1/blockno-2,
79,city_one_shatin,1,2,H,8,327,3930000,12018,2024-04-19,https://www.28hse.com/en/estate/detail/city-one-shatin-4080/history/stateno-1/blockno-2,
80,city_one_shatin,1,2,D,9,327,3312000,10128,2024-01-03,https://www.28hse.com/en/estate/detail/city-one-shatin-4080/history/stateno-1/blockno-2,
81,city_one_shatin,1,2,G,9,327,3180000,9725,2026-05-12,https://www.28hse.com/en/estate/detail/city-one-shatin-4080/history/stateno-1/blockno-2,
82,city_one_shatin,1,2,H,9,327,3620000,11070,2021-06-15,https://www.28hse.com/en/estate/detail/city-one-shatin-4080/history/stateno-1/blockno-2,
83,city_one_shatin,1,2,B,10,451,6580000,14590,2021-02-25,https://www.28hse.com/en/estate/detail/city-one-shatin-4080/history/stateno-1/blockno-2,
84,city_one_shatin,1,2,C,10,327,5000000,15291,2020-05-13,https://www.28hse.com/en/estate/detail/city-one-shatin-4080/history/stateno-1/blockno-2,
85,city_one_shatin,1,2,E,10,451,6620000,14678,2019-02-27,https://www.28hse.com/en/estate/detail/city-one-shatin-4080/history/stateno-1/blockno-2,
86,city_one_shatin,1,2,H,10,327,4250000,12997,2024-03-14,https://www.28hse.com/en/estate/detail/city-one-shatin-4080/history/stateno-1/blockno-2,
87,city_one_shatin,1,2,C,11,327,4350000,13303,2026-01-19,https://www.28hse.com/en/estate/detail/city-one-shatin-4080/history/stateno-1/blockno-2,
88,city_one_shatin,1,2,B,12,451,6450000,14302,2023-03-29,https://www.28hse.com/en/estate/detail/city-one-shatin-4080/history/stateno-1/blockno-2,
89,city_one_shatin,1,2,D,13,327,4800000,14679,2019-05-10,https://www.28hse.com/en/estate/detail/city-one-shatin-4080/history/stateno-1/blockno-2,
90,city_one_shatin,1,2,F,13,451,7100000,15743,2018-02-22,https://www.28hse.com/en/estate/detail/city-one-shatin-4080/history/stateno-1/blockno-2,
91,city_one_shatin,1,2,G,13,327,5600000,17125,2021-02-23,https://www.28hse.com/en/estate/detail/city-one-shatin-4080/history/stateno-1/blockno-2,
92,city_one_shatin,1,2,A,14,451,5850000,12971,2026-05-18,https://www.28hse.com/en/estate/detail/city-one-shatin-4080/history/stateno-1/blockno-2,
93,city_one_shatin,1,2,C,14,327,5320000,16269,2019-04-26,https://www.28hse.com/en/estate/detail/city-one-shatin-4080/history/stateno-1/blockno-2,
94,city_one_shatin,1,2,B,15,451,6500000,14412,2018-02-02,https://www.28hse.com/en/estate/detail/city-one-shatin-4080/history/stateno-1/blockno-2,
95,city_one_shatin,1,2,E,15,451,7400000,16408,2021-04-23,https://www.28hse.com/en/estate/detail/city-one-shatin-4080/history/stateno-1/blockno-2,
96,city_one_shatin,1,2,H,15,327,5580000,17064,2020-11-25,https://www.28hse.com/en/estate/detail/city-one-shatin-4080/history/stateno-1/blockno-2,
97,city_one_shatin,1,2,E,16,451,7860000,17428,2021-07-13,https://www.28hse.com/en/estate/detail/city-one-shatin-4080/history/stateno-1/blockno-2,
98,city_one_shatin,1,2,F,16,451,7500000,16630,2020-04-17,https://www.28hse.com/en/estate/detail/city-one-shatin-4080/history/stateno-1/blockno-2,
99,city_one_shatin,1,2,G,16,327,5790000,17706,2020-11-06,https://www.28hse.com/en/estate/detail/city-one-shatin-4080/history/stateno-1/blockno-2,
100,city_one_shatin,1,2,D,18,327,6400000,19572,2021-09-14,https://www.28hse.com/en/estate/detail/city-one-shatin-4080/history/stateno-1/blockno-2,
101,city_one_shatin,1,2,G,18,327,6220000,19021,2021-10-22,https://www.28hse.com/en/estate/detail/city-one-shatin-4080/history/stateno-1/blockno-2,
102,city_one_shatin,1,2,B,19,451,7650000,16962,2021-08-03,https://www.28hse.com/en/estate/detail/city-one-shatin-4080/history/stateno-1/blockno-2,
103,city_one_shatin,1,2,C,19,327,6000000,18349,2018-09-21,https://www.28hse.com/en/estate/detail/city-one-shatin-4080/history/stateno-1/blockno-2,
104,city_one_shatin,1,2,D,19,327,5900000,18043,2020-04-22,https://www.28hse.com/en/estate/detail/city-one-shatin-4080/history/stateno-1/blockno-2,
105,city_one_shatin,1,2,B,20,451,5630000,12483,2026-03-23,https://www.28hse.com/en/estate/detail/city-one-shatin-4080/history/stateno-1/blockno-2,
106,city_one_shatin,1,2,G,20,327,5850000,17890,2021-11-17,https://www.28hse.com/en/estate/detail/city-one-shatin-4080/history/stateno-1/blockno-2,
107,city_one_shatin,1,2,F,22,451,3550000,7871,2023-05-22,https://www.28hse.com/en/estate/detail/city-one-shatin-4080/history/stateno-1/blockno-2,
108,city_one_shatin,1,2,D,23,327,5000000,15291,2025-06-11,https://www.28hse.com/en/estate/detail/city-one-shatin-4080/history/stateno-1/blockno-2,
109,city_one_shatin,1,2,F,23,451,6500000,14412,2022-09-09,https://www.28hse.com/en/estate/detail/city-one-shatin-4080/history/stateno-1/blockno-2,
110,city_one_shatin,1,2,A,24,451,7900000,17517,2021-07-30,https://www.28hse.com/en/estate/detail/city-one-shatin-4080/history/stateno-1/blockno-2,
111,city_one_shatin,1,2,B,24,451,7250000,16075,2022-06-02,https://www.28hse.com/en/estate/detail/city-one-shatin-4080/history/stateno-1/blockno-2,
112,city_one_shatin,1,2,G,24,327,5930000,18135,2020-09-11,https://www.28hse.com/en/estate/detail/city-one-shatin-4080/history/stateno-1/blockno-2,
113,city_one_shatin,1,2,H,24,327,5895000,18028,2021-05-03,https://www.28hse.com/en/estate/detail/city-one-shatin-4080/history/stateno-1/blockno-2,
114,city_one_shatin,1,2,C,25,327,5500000,16820,2022-03-22,https://www.28hse.com/en/estate/detail/city-one-shatin-4080/history/stateno-1/blockno-2,
115,city_one_shatin,1,2,D,25,327,5800000,17737,2022-04-11,https://www.28hse.com/en/estate/detail/city-one-shatin-4080/history/stateno-1/blockno-2,
116,city_one_shatin,1,2,E,25,451,6500000,14412,2019-03-26,https://www.28hse.com/en/estate/detail/city-one-shatin-4080/history/stateno-1/blockno-2,
117,city_one_shatin,1,2,H,26,327,4280000,13089,2025-10-02,https://www.28hse.com/en/estate/detail/city-one-shatin-4080/history/stateno-1/blockno-2,
118,city_one_shatin,1,2,H,27,327,6000000,18349,2019-10-10,https://www.28hse.com/en/estate/detail/city-one-shatin-4080/history/stateno-1/blockno-2,
119,city_one_shatin,2,15,B,1,819,9990000,12198,2022-01-21,https://www.28hse.com/en/estate/detail/city-one-shatin-4080/history/stateno-2/blockno-15,
120,city_one_shatin,2,15,C,3,853,9000000,10551,2026-05-19,https://www.28hse.com/en/estate/detail/city-one-shatin-4080/history/stateno-2/blockno-15,
121,city_one_shatin,2,15,D,3,853,9600000,11254,2023-10-25,https://www.28hse.com/en/estate/detail/city-one-shatin-4080/history/stateno-2/blockno-15,
122,city_one_shatin,2,15,B,4,819,11718000,14308,2020-09-04,https://www.28hse.com/en/estate/detail/city-one-shatin-4080/history/stateno-2/blockno-15,
123,city_one_shatin,2,15,D,6,853,10380000,12169,2023-02-22,https://www.28hse.com/en/estate/detail/city-one-shatin-4080/history/stateno-2/blockno-15,
124,city_one_shatin,2,15,A,7,819,8800000,10745,2025-11-24,https://www.28hse.com/en/estate/detail/city-one-shatin-4080/history/stateno-2/blockno-15,
125,city_one_shatin,2,15,D,12,853,8380000,9824,2025-03-12,https://www.28hse.com/en/estate/detail/city-one-shatin-4080/history/stateno-2/blockno-15,
126,city_one_shatin,2,15,C,14,853,10180000,11934,2019-01-28,https://www.28hse.com/en/estate/detail/city-one-shatin-4080/history/stateno-2/blockno-15,
127,city_one_shatin,2,15,A,15,819,11380000,13895,2021-04-13,https://www.28hse.com/en/estate/detail/city-one-shatin-4080/history/stateno-2/blockno-15,
128,city_one_shatin,2,15,C,15,853,12400000,14537,2020-09-14,https://www.28hse.com/en/estate/detail/city-one-shatin-4080/history/stateno-2/blockno-15,
129,city_one_shatin,2,15,A,17,819,10000000,12210,2021-05-11,https://www.28hse.com/en/estate/detail/city-one-shatin-4080/history/stateno-2/blockno-15,
130,city_one_shatin,2,15,D,17,853,11800000,13834,2021-04-20,https://www.28hse.com/en/estate/detail/city-one-shatin-4080/history/stateno-2/blockno-15,
131,city_one_shatin,2,15,C,18,853,9200000,10785,2025-11-25,https://www.28hse.com/en/estate/detail/city-one-shatin-4080/history/stateno-2/blockno-15,
132,city_one_shatin,2,15,D,18,853,11630000,13634,2020-12-09,https://www.28hse.com/en/estate/detail/city-one-shatin-4080/history/stateno-2/blockno-15,
133,city_one_shatin,2,15,B,19,819,8280000,10110,2024-09-27,https://www.28hse.com/en/estate/detail/city-one-shatin-4080/history/stateno-2/blockno-15,
134,city_one_shatin,2,15,D,20,853,12280000,14396,2018-10-23,https://www.28hse.com/en/estate/detail/city-one-shatin-4080/history/stateno-2/blockno-15,
135,city_one_shatin,2,15,A,21,819,8000000,9768,2025-12-11,https://www.28hse.com/en/estate/detail/city-one-shatin-4080/history/stateno-2/blockno-15,
136,city_one_shatin,2,15,D,21,853,10800000,12661,2023-08-02,https://www.28hse.com/en/estate/detail/city-one-shatin-4080/history/stateno-2/blockno-15,
137,city_one_shatin,2,15,A,22,819,9380000,11453,2025-11-25,https://www.28hse.com/en/estate/detail/city-one-shatin-4080/history/stateno-2/blockno-15,
138,city_one_shatin,2,15,D,22,853,3000000,3517,2020-01-02,https://www.28hse.com/en/estate/detail/city-one-shatin-4080/history/stateno-2/blockno-15,
139,city_one_shatin,2,15,A,23,819,11468000,14002,2022-05-11,https://www.28hse.com/en/estate/detail/city-one-shatin-4080/history/stateno-2/blockno-15,
140,city_one_shatin,2,15,D,27,853,13000000,15240,2022-04-25,https://www.28hse.com/en/estate/detail/city-one-shatin-4080/history/stateno-2/blockno-15,
141,city_one_shatin,2,16,D,1,327,4050000,12385,2025-07-15,https://www.28hse.com/en/estate/detail/city-one-shatin-4080/history/stateno-2/blockno-16,
142,city_one_shatin,2,16,E,1,451,5380000,11929,2026-02-13,https://www.28hse.com/en/estate/detail/city-one-shatin-4080/history/stateno-2/blockno-16,
143,city_one_shatin,2,16,G,2,327,5200000,15902,2020-02-18,https://www.28hse.com/en/estate/detail/city-one-shatin-4080/history/stateno-2/blockno-16,
144,city_one_shatin,2,16,A,3,451,6280000,13925,2022-09-28,https://www.28hse.com/en/estate/detail/city-one-shatin-4080/history/stateno-2/blockno-16,
145,city_one_shatin,2,16,B,3,451,6000000,13304,2021-04-08,https://www.28hse.com/en/estate/detail/city-one-shatin-4080/history/stateno-2/blockno-16,
146,city_one_shatin,2,16,C,3,327,3900000,11927,2024-09-13,https://www.28hse.com/en/estate/detail/city-one-shatin-4080/history/stateno-2/blockno-16,
147,city_one_shatin,2,16,A,4,451,6500000,14412,2021-12-01,https://www.28hse.com/en/estate/detail/city-one-shatin-4080/history/stateno-2/blockno-16,
148,city_one_shatin,2,16,D,4,327,5100000,15596,2022-06-08,https://www.28hse.com/en/estate/detail/city-one-shatin-4080/history/stateno-2/blockno-16,
149,city_one_shatin,2,16,F,4,451,6080000,13481,2021-02-11,https://www.28hse.com/en/estate/detail/city-one-shatin-4080/history/stateno-2/blockno-16,
150,city_one_shatin,2,16,C,5,327,5700000,17431,2022-01-21,https://www.28hse.com/en/estate/detail/city-one-shatin-4080/history/stateno-2/blockno-16,
151,city_one_shatin,2,16,A,6,451,6050000,13415,2023-01-11,https://www.28hse.com/en/estate/detail/city-one-shatin-4080/history/stateno-2/blockno-16,
152,city_one_shatin,2,16,D,6,327,5400000,16514,2022-06-08,https://www.28hse.com/en/estate/detail/city-one-shatin-4080/history/stateno-2/blockno-16,
153,city_one_shatin,2,16,F,6,451,7000000,15521,2020-09-11,https://www.28hse.com/en/estate/detail/city-one-shatin-4080/history/stateno-2/blockno-16,
154,city_one_shatin,2,16,G,6,327,4350000,13303,2025-12-11,https://www.28hse.com/en/estate/detail/city-one-shatin-4080/history/stateno-2/blockno-16,
155,city_one_shatin,2,16,H,6,327,5650000,17278,2020-03-19,https://www.28hse.com/en/estate/detail/city-one-shatin-4080/history/stateno-2/blockno-16,
156,city_one_shatin,2,16,B,7,451,5160000,11441,2024-09-27,https://www.28hse.com/en/estate/detail/city-one-shatin-4080/history/stateno-2/blockno-16,
157,city_one_shatin,2,16,F,7,451,6000000,13304,2026-03-11,https://www.28hse.com/en/estate/detail/city-one-shatin-4080/history/stateno-2/blockno-16,
158,city_one_shatin,2,16,H,7,327,4630000,14159,2022-10-21,https://www.28hse.com/en/estate/detail/city-one-shatin-4080/history/stateno-2/blockno-16,
159,city_one_shatin,2,16,A,8,451,7360000,16319,2018-06-06,https://www.28hse.com/en/estate/detail/city-one-shatin-4080/history/stateno-2/blockno-16,
160,city_one_shatin,2,16,G,8,327,4280000,13089,2024-10-23,https://www.28hse.com/en/estate/detail/city-one-shatin-4080/history/stateno-2/blockno-16,
161,city_one_shatin,2,16,H,8,327,4680000,14312,2026-06-05,https://www.28hse.com/en/estate/detail/city-one-shatin-4080/history/stateno-2/blockno-16,
162,city_one_shatin,2,16,A,9,451,6130000,13592,2026-04-08,https://www.28hse.com/en/estate/detail/city-one-shatin-4080/history/stateno-2/blockno-16,
163,city_one_shatin,2,16,B,9,451,7220000,16009,2020-05-22,https://www.28hse.com/en/estate/detail/city-one-shatin-4080/history/stateno-2/blockno-16,
164,city_one_shatin,2,16,C,9,327,5510000,16850,2020-02-12,https://www.28hse.com/en/estate/detail/city-one-shatin-4080/history/stateno-2/blockno-16,
165,city_one_shatin,2,16,H,9,327,4400000,13456,2026-01-21,https://www.28hse.com/en/estate/detail/city-one-shatin-4080/history/stateno-2/blockno-16,
166,city_one_shatin,2,16,D,10,327,6000000,18349,2021-12-29,https://www.28hse.com/en/estate/detail/city-one-shatin-4080/history/stateno-2/blockno-16,
167,city_one_shatin,2,16,G,10,327,5280000,16147,2018-01-09,https://www.28hse.com/en/estate/detail/city-one-shatin-4080/history/stateno-2/blockno-16,
168,city_one_shatin,2,16,H,10,327,5960000,18226,2022-02-24,https://www.28hse.com/en/estate/detail/city-one-shatin-4080/history/stateno-2/blockno-16,
169,city_one_shatin,2,16,D,11,327,5700000,17431,2020-06-03,https://www.28hse.com/en/estate/detail/city-one-shatin-4080/history/stateno-2/blockno-16,
170,city_one_shatin,2,16,G,11,327,6110000,18685,2021-07-05,https://www.28hse.com/en/estate/detail/city-one-shatin-4080/history/stateno-2/blockno-16,
171,city_one_shatin,2,16,H,11,327,4100000,12538,2024-07-22,https://www.28hse.com/en/estate/detail/city-one-shatin-4080/history/stateno-2/blockno-16,
172,city_one_shatin,2,16,B,12,451,7300000,16186,2020-06-12,https://www.28hse.com/en/estate/detail/city-one-shatin-4080/history/stateno-2/blockno-16,
173,city_one_shatin,2,16,D,13,327,5200000,15902,2023-02-23,https://www.28hse.com/en/estate/detail/city-one-shatin-4080/history/stateno-2/blockno-16,
174,city_one_shatin,2,16,E,13,451,7150000,15854,2022-02-09,https://www.28hse.com/en/estate/detail/city-one-shatin-4080/history/stateno-2/blockno-16,
175,city_one_shatin,2,16,G,13,327,5620000,17187,2018-04-23,https://www.28hse.com/en/estate/detail/city-one-shatin-4080/history/stateno-2/blockno-16,
176,city_one_shatin,2,16,C,14,327,5500000,16820,2021-01-14,https://www.28hse.com/en/estate/detail/city-one-shatin-4080/history/stateno-2/blockno-16,
177,city_one_shatin,2,16,D,14,327,4420000,13517,2026-02-13,https://www.28hse.com/en/estate/detail/city-one-shatin-4080/history/stateno-2/blockno-16,
178,city_one_shatin,2,16,E,14,451,5800000,12860,2025-11-07,https://www.28hse.com/en/estate/detail/city-one-shatin-4080/history/stateno-2/blockno-16,
179,city_one_shatin,2,16,F,14,451,6100000,13525,2024-12-03,https://www.28hse.com/en/estate/detail/city-one-shatin-4080/history/stateno-2/blockno-16,
180,city_one_shatin,2,16,H,15,327,4468000,13664,2025-11-19,https://www.28hse.com/en/estate/detail/city-one-shatin-4080/history/stateno-2/blockno-16,
181,city_one_shatin,2,16,E,16,451,4830000,10710,2025-03-24,https://www.28hse.com/en/estate/detail/city-one-shatin-4080/history/stateno-2/blockno-16,
182,city_one_shatin,2,16,B,17,451,5500000,12195,2025-11-25,https://www.28hse.com/en/estate/detail/city-one-shatin-4080/history/stateno-2/blockno-16,
183,city_one_shatin,2,16,D,17,327,6000000,18349,2019-11-21,https://www.28hse.com/en/estate/detail/city-one-shatin-4080/history/stateno-2/blockno-16,
184,city_one_shatin,2,16,G,17,327,5850000,17890,2020-02-05,https://www.28hse.com/en/estate/detail/city-one-shatin-4080/history/stateno-2/blockno-16,
185,city_one_shatin,2,16,E,18,451,6400000,14191,2023-01-12,https://www.28hse.com/en/estate/detail/city-one-shatin-4080/history/stateno-2/blockno-16,
186,city_one_shatin,2,16,C,19,327,4250000,12997,2024-10-24,https://www.28hse.com/en/estate/detail/city-one-shatin-4080/history/stateno-2/blockno-16,
187,city_one_shatin,2,16,E,19,451,3000000,6652,2019-05-22,https://www.28hse.com/en/estate/detail/city-one-shatin-4080/history/stateno-2/blockno-16,
188,city_one_shatin,2,16,G,19,327,4480000,13700,2025-10-08,https://www.28hse.com/en/estate/detail/city-one-shatin-4080/history/stateno-2/blockno-16,
189,city_one_shatin,2,16,B,20,451,5538000,12279,2024-06-25,https://www.28hse.com/en/estate/detail/city-one-shatin-4080/history/stateno-2/blockno-16,
190,city_one_shatin,2,16,C,20,327,5280000,16147,2019-11-12,https://www.28hse.com/en/estate/detail/city-one-shatin-4080/history/stateno-2/blockno-16,
191,city_one_shatin,2,16,D,20,327,4430000,13547,2024-01-24,https://www.28hse.com/en/estate/detail/city-one-shatin-4080/history/stateno-2/blockno-16,
192,city_one_shatin,2,16,F,20,451,7200000,15965,2022-02-22,https://www.28hse.com/en/estate/detail/city-one-shatin-4080/history/stateno-2/blockno-16,
193,city_one_shatin,2,16,G,20,327,5300000,16208,2022-11-28,https://www.28hse.com/en/estate/detail/city-one-shatin-4080/history/stateno-2/blockno-16,
194,city_one_shatin,2,16,F,21,451,7200000,15965,2019-03-07,https://www.28hse.com/en/estate/detail/city-one-shatin-4080/history/stateno-2/blockno-16,
195,city_one_shatin,2,16,A,22,451,6780000,15033,2023-09-04,https://www.28hse.com/en/estate/detail/city-one-shatin-4080/history/stateno-2/blockno-16,
196,city_one_shatin,2,16,C,22,327,4250000,12997,2024-09-20,https://www.28hse.com/en/estate/detail/city-one-shatin-4080/history/stateno-2/blockno-16,
197,city_one_shatin,2,16,C,23,327,4350000,13303,2024-06-28,https://www.28hse.com/en/estate/detail/city-one-shatin-4080/history/stateno-2/blockno-16,
198,city_one_shatin,2,16,C,24,327,5950000,18196,2021-07-16,https://www.28hse.com/en/estate/detail/city-one-shatin-4080/history/stateno-2/blockno-16,
199,city_one_shatin,2,16,H,24,327,5200000,15902,2023-07-28,https://www.28hse.com/en/estate/detail/city-one-shatin-4080/history/stateno-2/blockno-16,
200,city_one_shatin,2,16,A,25,451,7680000,17029,2018-05-15,https://www.28hse.com/en/estate/detail/city-one-shatin-4080/history/stateno-2/blockno-16,
201,city_one_shatin,2,16,C,25,327,4800000,14679,2023-11-17,https://www.28hse.com/en/estate/detail/city-one-shatin-4080/history/stateno-2/blockno-16,
202,city_one_shatin,2,16,E,25,451,7370000,16341,2021-01-27,https://www.28hse.com/en/estate/detail/city-one-shatin-4080/history/stateno-2/blockno-16,
203,city_one_shatin,2,16,G,25,327,5300000,16208,2025-03-25,https://www.28hse.com/en/estate/detail/city-one-shatin-4080/history/stateno-2/blockno-16,
204,city_one_shatin,2,16,C,26,327,5400000,16514,2023-03-15,https://www.28hse.com/en/estate/detail/city-one-shatin-4080/history/stateno-2/blockno-16,
205,city_one_shatin,2,16,D,26,327,5860000,17920,2020-08-10,https://www.28hse.com/en/estate/detail/city-one-shatin-4080/history/stateno-2/blockno-16,
206,city_one_shatin,2,16,E,26,451,5750000,12749,2024-03-25,https://www.28hse.com/en/estate/detail/city-one-shatin-4080/history/stateno-2/blockno-16,
207,city_one_shatin,2,16,H,26,327,5700000,17431,2020-11-25,https://www.28hse.com/en/estate/detail/city-one-shatin-4080/history/stateno-2/blockno-16,
208,city_one_shatin,2,16,B,27,451,7600000,16851,2020-09-24,https://www.28hse.com/en/estate/detail/city-one-shatin-4080/history/stateno-2/blockno-16,
209,city_one_shatin,2,16,C,27,327,6000000,18349,2019-07-17,https://www.28hse.com/en/estate/detail/city-one-shatin-4080/history/stateno-2/blockno-16,
210,city_one_shatin,2,16,F,27,451,6080000,13481,2024-07-24,https://www.28hse.com/en/estate/detail/city-one-shatin-4080/history/stateno-2/blockno-16,
211,city_one_shatin,2,16,C,28,327,4180000,12783,2025-04-17,https://www.28hse.com/en/estate/detail/city-one-shatin-4080/history/stateno-2/blockno-16,
212,city_one_shatin,2,16,F,28,451,6000000,13304,2025-08-08,https://www.28hse.com/en/estate/detail/city-one-shatin-4080/history/stateno-2/blockno-16,
213,city_one_shatin,2,16,G,28,327,6360000,19450,2019-11-15,https://www.28hse.com/en/estate/detail/city-one-shatin-4080/history/stateno-2/blockno-16,
214,city_one_shatin,2,16,B,29,451,5750000,12749,2024-12-03,https://www.28hse.com/en/estate/detail/city-one-shatin-4080/history/stateno-2/blockno-16,
215,city_one_shatin,2,16,D,29,327,5268000,16110,2018-12-06,https://www.28hse.com/en/estate/detail/city-one-shatin-4080/history/stateno-2/blockno-16,
216,city_one_shatin,2,16,A,30,451,7980000,17694,2020-11-20,https://www.28hse.com/en/estate/detail/city-one-shatin-4080/history/stateno-2/blockno-16,
217,city_one_shatin,2,16,B,30,451,8180000,18137,2022-02-22,https://www.28hse.com/en/estate/detail/city-one-shatin-4080/history/stateno-2/blockno-16,
218,city_one_shatin,2,16,G,30,327,5920000,18104,2021-06-28,https://www.28hse.com/en/estate/detail/city-one-shatin-4080/history/stateno-2/blockno-16,
219,city_one_shatin,2,16,H,30,327,6010000,18379,2020-12-07,https://www.28hse.com/en/estate/detail/city-one-shatin-4080/history/stateno-2/blockno-16,
220,city_one_shatin,3,29,A,1,451,2000000,4435,2018-06-05,https://www.28hse.com/en/estate/detail/city-one-shatin-4080/history/stateno-3/blockno-29,
221,city_one_shatin,3,29,B,1,451,5000000,11086,2024-03-18,https://www.28hse.com/en/estate/detail/city-one-shatin-4080/history/stateno-3/blockno-29,
222,city_one_shatin,3,29,C,1,327,5618000,17180,2021-07-20,https://www.28hse.com/en/estate/detail/city-one-shatin-4080/history/stateno-3/blockno-29,
223,city_one_shatin,3,29,A,2,451,5968000,13233,2023-02-15,https://www.28hse.com/en/estate/detail/city-one-shatin-4080/history/stateno-3/blockno-29,
224,city_one_shatin,3,29,B,2,451,6668000,14785,2021-10-08,https://www.28hse.com/en/estate/detail/city-one-shatin-4080/history/stateno-3/blockno-29,
225,city_one_shatin,3,29,D,2,327,3980000,12171,2025-11-11,https://www.28hse.com/en/estate/detail/city-one-shatin-4080/history/stateno-3/blockno-29,
226,city_one_shatin,3,29,E,2,451,6210000,13769,2022-08-01,https://www.28hse.com/en/estate/detail/city-one-shatin-4080/history/stateno-3/blockno-29,
227,city_one_shatin,3,29,G,2,327,4750000,14526,2022-11-08,https://www.28hse.com/en/estate/detail/city-one-shatin-4080/history/stateno-3/blockno-29,
228,city_one_shatin,3,29,D,3,327,4720000,14434,2018-01-12,https://www.28hse.com/en/estate/detail/city-one-shatin-4080/history/stateno-3/blockno-29,
229,city_one_shatin,3,29,A,4,451,6800000,15078,2019-06-24,https://www.28hse.com/en/estate/detail/city-one-shatin-4080/history/stateno-3/blockno-29,
230,city_one_shatin,3,29,B,4,451,6280000,13925,2023-03-10,https://www.28hse.com/en/estate/detail/city-one-shatin-4080/history/stateno-3/blockno-29,
231,city_one_shatin,3,29,D,4,327,5500000,16820,2020-09-25,https://www.28hse.com/en/estate/detail/city-one-shatin-4080/history/stateno-3/blockno-29,
232,city_one_shatin,3,29,D,5,327,5900000,18043,2021-09-21,https://www.28hse.com/en/estate/detail/city-one-shatin-4080/history/stateno-3/blockno-29,
233,city_one_shatin,3,29,E,5,451,7080000,15698,2020-05-15,https://www.28hse.com/en/estate/detail/city-one-shatin-4080/history/stateno-3/blockno-29,
234,city_one_shatin,3,29,F,5,451,7250000,16075,2020-09-08,https://www.28hse.com/en/estate/detail/city-one-shatin-4080/history/stateno-3/blockno-29,
235,city_one_shatin,3,29,G,6,327,6080000,18593,2021-10-26,https://www.28hse.com/en/estate/detail/city-one-shatin-4080/history/stateno-3/blockno-29,
236,city_one_shatin,3,29,B,7,451,5830000,12927,2023-09-04,https://www.28hse.com/en/estate/detail/city-one-shatin-4080/history/stateno-3/blockno-29,
237,city_one_shatin,3,29,G,8,327,4198000,12838,2024-10-17,https://www.28hse.com/en/estate/detail/city-one-shatin-4080/history/stateno-3/blockno-29,
238,city_one_shatin,3,29,B,9,451,7820000,17339,2018-08-03,https://www.28hse.com/en/estate/detail/city-one-shatin-4080/history/stateno-3/blockno-29,
239,city_one_shatin,3,29,C,9,327,4190000,12813,2025-07-31,https://www.28hse.com/en/estate/detail/city-one-shatin-4080/history/stateno-3/blockno-29,
240,city_one_shatin,3,29,F,9,451,7280000,16142,2020-10-15,https://www.28hse.com/en/estate/detail/city-one-shatin-4080/history/stateno-3/blockno-29,
241,city_one_shatin,3,29,G,9,327,5800000,17737,2021-06-07,https://www.28hse.com/en/estate/detail/city-one-shatin-4080/history/stateno-3/blockno-29,
242,city_one_shatin,3,29,A,10,451,6680000,14812,2022-10-05,https://www.28hse.com/en/estate/detail/city-one-shatin-4080/history/stateno-3/blockno-29,
243,city_one_shatin,3,29,G,10,327,5600000,17125,2021-04-07,https://www.28hse.com/en/estate/detail/city-one-shatin-4080/history/stateno-3/blockno-29,
244,city_one_shatin,3,29,B,11,451,6000000,13304,2024-04-12,https://www.28hse.com/en/estate/detail/city-one-shatin-4080/history/stateno-3/blockno-29,
245,city_one_shatin,3,29,C,11,327,6080000,18593,2021-06-18,https://www.28hse.com/en/estate/detail/city-one-shatin-4080/history/stateno-3/blockno-29,
246,city_one_shatin,3,29,D,11,327,5150000,15749,2022-12-01,https://www.28hse.com/en/estate/detail/city-one-shatin-4080/history/stateno-3/blockno-29,
247,city_one_shatin,3,29,C,13,327,5380000,16453,2023-03-23,https://www.28hse.com/en/estate/detail/city-one-shatin-4080/history/stateno-3/blockno-29,
248,city_one_shatin,3,29,D,13,327,3750000,11468,2024-09-17,https://www.28hse.com/en/estate/detail/city-one-shatin-4080/history/stateno-3/blockno-29,
249,city_one_shatin,3,29,G,13,327,4200000,12844,2024-01-29,https://www.28hse.com/en/estate/detail/city-one-shatin-4080/history/stateno-3/blockno-29,
250,city_one_shatin,3,29,H,14,327,4200000,12844,2024-02-02,https://www.28hse.com/en/estate/detail/city-one-shatin-4080/history/stateno-3/blockno-29,
251,city_one_shatin,3,29,D,16,327,4980000,15229,2022-11-18,https://www.28hse.com/en/estate/detail/city-one-shatin-4080/history/stateno-3/blockno-29,
252,city_one_shatin,3,29,D,17,327,5680000,17370,2020-07-13,https://www.28hse.com/en/estate/detail/city-one-shatin-4080/history/stateno-3/blockno-29,
253,city_one_shatin,3,29,C,19,327,5210000,15933,2021-11-03,https://www.28hse.com/en/estate/detail/city-one-shatin-4080/history/stateno-3/blockno-29,
254,city_one_shatin,3,29,F,19,451,5000000,11086,2025-04-08,https://www.28hse.com/en/estate/detail/city-one-shatin-4080/history/stateno-3/blockno-29,
255,city_one_shatin,3,29,H,19,327,5550000,16972,2019-03-07,https://www.28hse.com/en/estate/detail/city-one-shatin-4080/history/stateno-3/blockno-29,
256,city_one_shatin,3,29,A,20,451,6430000,14257,2022-10-19,https://www.28hse.com/en/estate/detail/city-one-shatin-4080/history/stateno-3/blockno-29,
257,city_one_shatin,3,29,B,20,451,4800000,10643,2026-03-06,https://www.28hse.com/en/estate/detail/city-one-shatin-4080/history/stateno-3/blockno-29,
258,city_one_shatin,3,29,B,22,451,7780000,17251,2021-09-06,https://www.28hse.com/en/estate/detail/city-one-shatin-4080/history/stateno-3/blockno-29,
259,city_one_shatin,3,29,C,22,327,5300000,16208,2019-10-16,https://www.28hse.com/en/estate/detail/city-one-shatin-4080/history/stateno-3/blockno-29,
260,city_one_shatin,3,29,F,22,451,7700000,17073,2021-05-28,https://www.28hse.com/en/estate/detail/city-one-shatin-4080/history/stateno-3/blockno-29,
261,city_one_shatin,3,29,F,23,451,7100000,15743,2020-08-03,https://www.28hse.com/en/estate/detail/city-one-shatin-4080/history/stateno-3/blockno-29,
262,city_one_shatin,3,29,B,24,451,7620000,16896,2018-05-28,https://www.28hse.com/en/estate/detail/city-one-shatin-4080/history/stateno-3/blockno-29,
263,city_one_shatin,3,29,F,24,451,6700000,14856,2022-10-17,https://www.28hse.com/en/estate/detail/city-one-shatin-4080/history/stateno-3/blockno-29,
264,city_one_shatin,3,29,H,24,327,5000000,15291,2018-08-09,https://www.28hse.com/en/estate/detail/city-one-shatin-4080/history/stateno-3/blockno-29,
265,city_one_shatin,3,29,A,25,451,7550000,16741,2020-12-03,https://www.28hse.com/en/estate/detail/city-one-shatin-4080/history/stateno-3/blockno-29,
266,city_one_shatin,3,29,C,26,327,5220000,15963,2023-03-03,https://www.28hse.com/en/estate/detail/city-one-shatin-4080/history/stateno-3/blockno-29,
267,city_one_shatin,3,29,A,27,451,6230000,13814,2025-11-04,https://www.28hse.com/en/estate/detail/city-one-shatin-4080/history/stateno-3/blockno-29,
268,city_one_shatin,3,29,H,27,327,5580000,17064,2019-10-08,https://www.28hse.com/en/estate/detail/city-one-shatin-4080/history/stateno-3/blockno-29,
269,city_one_shatin,3,29,A,28,451,5700000,12639,2024-09-09,https://www.28hse.com/en/estate/detail/city-one-shatin-4080/history/stateno-3/blockno-29,
270,city_one_shatin,3,29,H,28,327,6280000,19205,2022-02-17,https://www.28hse.com/en/estate/detail/city-one-shatin-4080/history/stateno-3/blockno-29,
271,city_one_shatin,3,29,A,29,451,8050000,17849,2020-06-03,https://www.28hse.com/en/estate/detail/city-one-shatin-4080/history/stateno-3/blockno-29,
272,city_one_shatin,3,29,D,29,327,5700000,17431,2018-04-18,https://www.28hse.com/en/estate/detail/city-one-shatin-4080/history/stateno-3/blockno-29,
273,city_one_shatin,3,29,E,29,451,7850000,17406,2021-06-18,https://www.28hse.com/en/estate/detail/city-one-shatin-4080/history/stateno-3/blockno-29,
274,city_one_shatin,3,29,H,29,327,5750000,17584,2020-03-24,https://www.28hse.com/en/estate/detail/city-one-shatin-4080/history/stateno-3/blockno-29,
275,city_one_shatin,3,30,E,1,451,6630000,14701,2020-10-27,https://www.28hse.com/en/estate/detail/city-one-shatin-4080/history/stateno-3/blockno-30,
276,city_one_shatin,3,30,C,2,327,3973000,12150,2024-08-08,https://www.28hse.com/en/estate/detail/city-one-shatin-4080/history/stateno-3/blockno-30,
277,city_one_shatin,3,30,C,3,327,5360000,16391,2018-03-05,https://www.28hse.com/en/estate/detail/city-one-shatin-4080/history/stateno-3/blockno-30,
278,city_one_shatin,3,30,D,3,327,3700000,11315,2025-04-10,https://www.28hse.com/en/estate/detail/city-one-shatin-4080/history/stateno-3/blockno-30,
279,city_one_shatin,3,30,E,4,451,6750000,14967,2021-01-27,https://www.28hse.com/en/estate/detail/city-one-shatin-4080/history/stateno-3/blockno-30,
280,city_one_shatin,3,30,G,4,327,5650000,17278,2020-05-28,https://www.28hse.com/en/estate/detail/city-one-shatin-4080/history/stateno-3/blockno-30,
281,city_one_shatin,3,30,B,5,451,6550000,14523,2023-05-15,https://www.28hse.com/en/estate/detail/city-one-shatin-4080/history/stateno-3/blockno-30,
282,city_one_shatin,3,30,D,5,327,4880000,14924,2018-01-04,https://www.28hse.com/en/estate/detail/city-one-shatin-4080/history/stateno-3/blockno-30,
283,city_one_shatin,3,30,E,5,451,6600000,14634,2019-09-13,https://www.28hse.com/en/estate/detail/city-one-shatin-4080/history/stateno-3/blockno-30,
284,city_one_shatin,3,30,G,5,327,4600000,14067,2018-05-28,https://www.28hse.com/en/estate/detail/city-one-shatin-4080/history/stateno-3/blockno-30,
285,city_one_shatin,3,30,H,5,327,5200000,15902,2022-04-11,https://www.28hse.com/en/estate/detail/city-one-shatin-4080/history/stateno-3/blockno-30,
286,city_one_shatin,3,30,A,6,451,6930000,15366,2022-04-29,https://www.28hse.com/en/estate/detail/city-one-shatin-4080/history/stateno-3/blockno-30,
287,city_one_shatin,3,30,B,6,451,5325000,11807,2025-02-14,https://www.28hse.com/en/estate/detail/city-one-shatin-4080/history/stateno-3/blockno-30,
288,city_one_shatin,3,30,D,6,327,5000000,15291,2025-09-10,https://www.28hse.com/en/estate/detail/city-one-shatin-4080/history/stateno-3/blockno-30,
289,city_one_shatin,3,30,F,7,451,3250000,7206,2021-11-01,https://www.28hse.com/en/estate/detail/city-one-shatin-4080/history/stateno-3/blockno-30,
290,city_one_shatin,3,30,G,7,327,5300000,16208,2021-04-08,https://www.28hse.com/en/estate/detail/city-one-shatin-4080/history/stateno-3/blockno-30,
291,city_one_shatin,3,30,H,7,327,4100000,12538,2023-11-01,https://www.28hse.com/en/estate/detail/city-one-shatin-4080/history/stateno-3/blockno-30,
292,city_one_shatin,3,30,C,9,327,4200000,12844,2025-10-31,https://www.28hse.com/en/estate/detail/city-one-shatin-4080/history/stateno-3/blockno-30,
293,city_one_shatin,3,30,E,9,451,6000000,13304,2019-02-15,https://www.28hse.com/en/estate/detail/city-one-shatin-4080/history/stateno-3/blockno-30,
294,city_one_shatin,3,30,F,9,451,5400000,11973,2023-03-03,https://www.28hse.com/en/estate/detail/city-one-shatin-4080/history/stateno-3/blockno-30,
295,city_one_shatin,3,30,H,9,327,3980000,12171,2025-06-19,https://www.28hse.com/en/estate/detail/city-one-shatin-4080/history/stateno-3/blockno-30,
296,city_one_shatin,3,30,A,11,451,5880000,13038,2023-10-25,https://www.28hse.com/en/estate/detail/city-one-shatin-4080/history/stateno-3/blockno-30,
297,city_one_shatin,3,30,D,12,327,5500000,16820,2020-10-12,https://www.28hse.com/en/estate/detail/city-one-shatin-4080/history/stateno-3/blockno-30,
298,city_one_shatin,3,30,E,12,451,986000,2186,2022-11-07,https://www.28hse.com/en/estate/detail/city-one-shatin-4080/history/stateno-3/blockno-30,
299,city_one_shatin,3,30,A,13,451,5900000,13082,2023-09-25,https://www.28hse.com/en/estate/detail/city-one-shatin-4080/history/stateno-3/blockno-30,
300,city_one_shatin,3,30,F,13,451,7280000,16142,2020-11-24,https://www.28hse.com/en/estate/detail/city-one-shatin-4080/history/stateno-3/blockno-30,
301,city_one_shatin,3,30,H,13,327,4260000,13028,2023-11-21,https://www.28hse.com/en/estate/detail/city-one-shatin-4080/history/stateno-3/blockno-30,
302,city_one_shatin,3,30,C,14,327,4920000,15046,2026-06-24,https://www.28hse.com/en/estate/detail/city-one-shatin-4080/history/stateno-3/blockno-30,
303,city_one_shatin,3,30,G,14,327,5780000,17676,2020-07-29,https://www.28hse.com/en/estate/detail/city-one-shatin-4080/history/stateno-3/blockno-30,
304,city_one_shatin,3,30,A,15,451,2980000,6608,2024-07-18,https://www.28hse.com/en/estate/detail/city-one-shatin-4080/history/stateno-3/blockno-30,
305,city_one_shatin,3,30,B,15,451,7280000,16142,2020-04-20,https://www.28hse.com/en/estate/detail/city-one-shatin-4080/history/stateno-3/blockno-30,
306,city_one_shatin,3,30,C,15,327,5300000,16208,2018-02-22,https://www.28hse.com/en/estate/detail/city-one-shatin-4080/history/stateno-3/blockno-30,
307,city_one_shatin,3,30,H,15,327,5730000,17523,2021-12-09,https://www.28hse.com/en/estate/detail/city-one-shatin-4080/history/stateno-3/blockno-30,
308,city_one_shatin,3,30,B,16,451,7250000,16075,2022-06-16,https://www.28hse.com/en/estate/detail/city-one-shatin-4080/history/stateno-3/blockno-30,
309,city_one_shatin,3,30,C,16,327,4310000,13180,2025-10-08,https://www.28hse.com/en/estate/detail/city-one-shatin-4080/history/stateno-3/blockno-30,
310,city_one_shatin,3,30,A,17,451,7000000,15521,2022-06-30,https://www.28hse.com/en/estate/detail/city-one-shatin-4080/history/stateno-3/blockno-30,
311,city_one_shatin,3,30,G,17,327,5900000,18043,2018-06-07,https://www.28hse.com/en/estate/detail/city-one-shatin-4080/history/stateno-3/blockno-30,
312,city_one_shatin,3,30,H,17,327,3500000,10703,2024-10-22,https://www.28hse.com/en/estate/detail/city-one-shatin-4080/history/stateno-3/blockno-30,
313,city_one_shatin,3,30,G,18,327,4950000,15138,2022-12-08,https://www.28hse.com/en/estate/detail/city-one-shatin-4080/history/stateno-3/blockno-30,
314,city_one_shatin,3,30,B,19,451,5000000,11086,2025-03-31,https://www.28hse.com/en/estate/detail/city-one-shatin-4080/history/stateno-3/blockno-30,
315,city_one_shatin,3,30,C,20,327,2300000,7034,2024-10-14,https://www.28hse.com/en/estate/detail/city-one-shatin-4080/history/stateno-3/blockno-30,
316,city_one_shatin,3,30,E,20,451,6500000,14412,2026-08-19,https://www.28hse.com/en/estate/detail/city-one-shatin-4080/history/stateno-3/blockno-30,
317,city_one_shatin,3,30,C,21,327,4689000,14339,2026-06-29,https://www.28hse.com/en/estate/detail/city-one-shatin-4080/history/stateno-3/blockno-30,
318,city_one_shatin,3,30,D,22,327,5650000,17278,2020-09-17,https://www.28hse.com/en/estate/detail/city-one-shatin-4080/history/stateno-3/blockno-30,
319,city_one_shatin,3,30,E,22,451,5650000,12528,2023-12-15,https://www.28hse.com/en/estate/detail/city-one-shatin-4080/history/stateno-3/blockno-30,
320,city_one_shatin,3,30,G,22,327,4688000,14336,2024-01-19,https://www.28hse.com/en/estate/detail/city-one-shatin-4080/history/stateno-3/blockno-30,
321,city_one_shatin,3,30,B,23,451,5350000,11863,2025-04-08,https://www.28hse.com/en/estate/detail/city-one-shatin-4080/history/stateno-3/blockno-30,
322,city_one_shatin,3,30,F,23,451,7680000,17029,2020-04-23,https://www.28hse.com/en/estate/detail/city-one-shatin-4080/history/stateno-3/blockno-30,
323,city_one_shatin,3,30,H,23,327,4900000,14985,2023-09-12,https://www.28hse.com/en/estate/detail/city-one-shatin-4080/history/stateno-3/blockno-30,
324,city_one_shatin,3,30,H,24,327,4300000,13150,2023-10-30,https://www.28hse.com/en/estate/detail/city-one-shatin-4080/history/stateno-3/blockno-30,
325,city_one_shatin,3,30,G,25,327,3850000,11774,2025-05-21,https://www.28hse.com/en/estate/detail/city-one-shatin-4080/history/stateno-3/blockno-30,
326,city_one_shatin,3,30,B,27,451,7750000,17184,2021-01-12,https://www.28hse.com/en/estate/detail/city-one-shatin-4080/history/stateno-3/blockno-30,
327,city_one_shatin,3,30,C,27,327,5500000,16820,2019-04-12,https://www.28hse.com/en/estate/detail/city-one-shatin-4080/history/stateno-3/blockno-30,
328,city_one_shatin,3,30,D,27,327,5960000,18226,2020-08-17,https://www.28hse.com/en/estate/detail/city-one-shatin-4080/history/stateno-3/blockno-30,
329,city_one_shatin,3,30,G,27,327,5400000,16514,2018-06-19,https://www.28hse.com/en/estate/detail/city-one-shatin-4080/history/stateno-3/blockno-30,
330,city_one_shatin,3,30,D,28,327,4250000,12997,2024-10-28,https://www.28hse.com/en/estate/detail/city-one-shatin-4080/history/stateno-3/blockno-30,
331,city_one_shatin,3,30,H,28,327,5910000,18073,2020-02-13,https://www.28hse.com/en/estate/detail/city-one-shatin-4080/history/stateno-3/blockno-30,
332,city_one_shatin,3,30,C,29,327,5300000,16208,2018-02-02,https://www.28hse.com/en/estate/detail/city-one-shatin-4080/history/stateno-3/blockno-30,
333,city_one_shatin,3,30,F,30,451,6220000,13792,2024-08-21,https://www.28hse.com/en/estate/detail/city-one-shatin-4080/history/stateno-3/blockno-30,
334,city_one_shatin,4,37,A,3,284,4260000,15000,2019-02-27,https://www.28hse.com/en/estate/detail/city-one-shatin-4080/history/stateno-4/blockno-37,
335,city_one_shatin,4,37,E,3,284,4990000,17570,2020-05-18,https://www.28hse.com/en/estate/detail/city-one-shatin-4080/history/stateno-4/blockno-37,
336,city_one_shatin,4,37,F,3,284,5168000,18197,2018-02-27,https://www.28hse.com/en/estate/detail/city-one-shatin-4080/history/stateno-4/blockno-37,
337,city_one_shatin,4,37,G,3,304,4700000,15461,2019-05-24,https://www.28hse.com/en/estate/detail/city-one-shatin-4080/history/stateno-4/blockno-37,
338,city_one_shatin,4,37,H,3,304,5300000,17434,2020-06-30,https://www.28hse.com/en/estate/detail/city-one-shatin-4080/history/stateno-4/blockno-37,
339,city_one_shatin,4,37,F,4,284,4100000,14437,2024-04-08,https://www.28hse.com/en/estate/detail/city-one-shatin-4080/history/stateno-4/blockno-37,
340,city_one_shatin,4,37,E,5,284,5250000,18486,2020-05-18,https://www.28hse.com/en/estate/detail/city-one-shatin-4080/history/stateno-4/blockno-37,
341,city_one_shatin,4,37,G,5,304,5280000,17368,2018-07-17,https://www.28hse.com/en/estate/detail/city-one-shatin-4080/history/stateno-4/blockno-37,
342,city_one_shatin,4,37,A,6,284,4500000,15845,2023-09-07,https://www.28hse.com/en/estate/detail/city-one-shatin-4080/history/stateno-4/blockno-37,
343,city_one_shatin,4,37,E,6,284,4300000,15141,2023-02-10,https://www.28hse.com/en/estate/detail/city-one-shatin-4080/history/stateno-4/blockno-37,
344,city_one_shatin,4,37,F,6,284,6000000,21127,2018-10-26,https://www.28hse.com/en/estate/detail/city-one-shatin-4080/history/stateno-4/blockno-37,
345,city_one_shatin,4,37,G,6,304,4500000,14803,2022-10-11,https://www.28hse.com/en/estate/detail/city-one-shatin-4080/history/stateno-4/blockno-37,
346,city_one_shatin,4,37,A,7,284,5300000,18662,2020-08-04,https://www.28hse.com/en/estate/detail/city-one-shatin-4080/history/stateno-4/blockno-37,
347,city_one_shatin,4,37,B,7,284,4940000,17394,2019-02-26,https://www.28hse.com/en/estate/detail/city-one-shatin-4080/history/stateno-4/blockno-37,
348,city_one_shatin,4,37,E,7,284,3930000,13838,2025-12-12,https://www.28hse.com/en/estate/detail/city-one-shatin-4080/history/stateno-4/blockno-37,
349,city_one_shatin,4,37,F,7,284,5250000,18486,2022-07-08,https://www.28hse.com/en/estate/detail/city-one-shatin-4080/history/stateno-4/blockno-37,
350,city_one_shatin,4,37,G,7,304,4080000,13421,2022-12-05,https://www.28hse.com/en/estate/detail/city-one-shatin-4080/history/stateno-4/blockno-37,
351,city_one_shatin,4,37,G,8,304,5330000,17533,2021-07-06,https://www.28hse.com/en/estate/detail/city-one-shatin-4080/history/stateno-4/blockno-37,
352,city_one_shatin,4,37,B,9,284,4450000,15669,2022-11-24,https://www.28hse.com/en/estate/detail/city-one-shatin-4080/history/stateno-4/blockno-37,
353,city_one_shatin,4,37,G,9,304,4460000,14671,2026-06-29,https://www.28hse.com/en/estate/detail/city-one-shatin-4080/history/stateno-4/blockno-37,
354,city_one_shatin,4,37,A,10,284,3800000,13380,2025-05-30,https://www.28hse.com/en/estate/detail/city-one-shatin-4080/history/stateno-4/blockno-37,
355,city_one_shatin,4,37,C,10,304,5500000,18092,2021-11-24,https://www.28hse.com/en/estate/detail/city-one-shatin-4080/history/stateno-4/blockno-37,
356,city_one_shatin,4,37,F,10,284,5250000,18486,2022-06-09,https://www.28hse.com/en/estate/detail/city-one-shatin-4080/history/stateno-4/blockno-37,
357,city_one_shatin,4,37,G,10,304,5590000,18388,2020-03-18,https://www.28hse.com/en/estate/detail/city-one-shatin-4080/history/stateno-4/blockno-37,
358,city_one_shatin,4,37,A,11,284,4860000,17113,2018-02-08,https://www.28hse.com/en/estate/detail/city-one-shatin-4080/history/stateno-4/blockno-37,
359,city_one_shatin,4,37,C,11,304,5700000,18750,2020-12-10,https://www.28hse.com/en/estate/detail/city-one-shatin-4080/history/stateno-4/blockno-37,
360,city_one_shatin,4,37,D,11,304,4180000,13750,2023-11-29,https://www.28hse.com/en/estate/detail/city-one-shatin-4080/history/stateno-4/blockno-37,
361,city_one_shatin,4,37,E,11,284,5100000,17958,2020-09-17,https://www.28hse.com/en/estate/detail/city-one-shatin-4080/history/stateno-4/blockno-37,
362,city_one_shatin,4,37,F,11,284,3820000,13451,2025-10-02,https://www.28hse.com/en/estate/detail/city-one-shatin-4080/history/stateno-4/blockno-37,
363,city_one_shatin,4,37,H,11,304,5380000,17697,2020-05-06,https://www.28hse.com/en/estate/detail/city-one-shatin-4080/history/stateno-4/blockno-37,
364,city_one_shatin,4,37,A,12,284,5330000,18768,2018-05-11,https://www.28hse.com/en/estate/detail/city-one-shatin-4080/history/stateno-4/blockno-37,
365,city_one_shatin,4,37,D,12,304,4418000,14533,2026-03-02,https://www.28hse.com/en/estate/detail/city-one-shatin-4080/history/stateno-4/blockno-37,
366,city_one_shatin,4,37,E,12,284,5260000,18521,2020-02-17,https://www.28hse.com/en/estate/detail/city-one-shatin-4080/history/stateno-4/blockno-37,
367,city_one_shatin,4,37,A,13,284,4560000,16056,2026-08-20,https://www.28hse.com/en/estate/detail/city-one-shatin-4080/history/stateno-4/blockno-37,
368,city_one_shatin,4,37,D,13,304,5120000,16842,2022-09-16,https://www.28hse.com/en/estate/detail/city-one-shatin-4080/history/stateno-4/blockno-37,
369,city_one_shatin,4,37,F,13,284,4340000,15282,2024-07-31,https://www.28hse.com/en/estate/detail/city-one-shatin-4080/history/stateno-4/blockno-37,
370,city_one_shatin,4,37,H,13,304,4068000,13382,2024-09-27,https://www.28hse.com/en/estate/detail/city-one-shatin-4080/history/stateno-4/blockno-37,
371,city_one_shatin,4,37,B,14,284,4550000,16021,2026-05-26,https://www.28hse.com/en/estate/detail/city-one-shatin-4080/history/stateno-4/blockno-37,
372,city_one_shatin,4,37,D,14,304,5600000,18421,2019-06-25,https://www.28hse.com/en/estate/detail/city-one-shatin-4080/history/stateno-4/blockno-37,
373,city_one_shatin,4,37,G,14,304,5500000,18092,2021-04-16,https://www.28hse.com/en/estate/detail/city-one-shatin-4080/history/stateno-4/blockno-37,
374,city_one_shatin,4,37,H,14,304,4395000,14457,2026-02-24,https://www.28hse.com/en/estate/detail/city-one-shatin-4080/history/stateno-4/blockno-37,
375,city_one_shatin,4,37,A,15,284,5450000,19190,2021-05-26,https://www.28hse.com/en/estate/detail/city-one-shatin-4080/history/stateno-4/blockno-37,
376,city_one_shatin,4,37,C,15,304,5490000,18059,2020-09-14,https://www.28hse.com/en/estate/detail/city-one-shatin-4080/history/stateno-4/blockno-37,
377,city_one_shatin,4,37,G,15,304,4238000,13941,2024-05-02,https://www.28hse.com/en/estate/detail/city-one-shatin-4080/history/stateno-4/blockno-37,
378,city_one_shatin,4,37,B,16,284,4150000,14613,2025-04-25,https://www.28hse.com/en/estate/detail/city-one-shatin-4080/history/stateno-4/blockno-37,
379,city_one_shatin,4,37,D,16,304,5180000,17039,2023-02-15,https://www.28hse.com/en/estate/detail/city-one-shatin-4080/history/stateno-4/blockno-37,
380,city_one_shatin,4,37,A,17,284,5250000,18486,2022-02-04,https://www.28hse.com/en/estate/detail/city-one-shatin-4080/history/stateno-4/blockno-37,
381,city_one_shatin,4,37,F,17,284,5510000,19401,2021-09-08,https://www.28hse.com/en/estate/detail/city-one-shatin-4080/history/stateno-4/blockno-37,
382,city_one_shatin,4,37,A,18,284,5680000,20000,2021-09-24,https://www.28hse.com/en/estate/detail/city-one-shatin-4080/history/stateno-4/blockno-37,
383,city_one_shatin,4,37,B,18,284,4800000,16901,2019-03-14,https://www.28hse.com/en/estate/detail/city-one-shatin-4080/history/stateno-4/blockno-37,
384,city_one_shatin,4,37,C,18,304,3700000,12171,2024-05-14,https://www.28hse.com/en/estate/detail/city-one-shatin-4080/history/stateno-4/blockno-37,
385,city_one_shatin,4,37,D,18,304,5600000,18421,2018-09-03,https://www.28hse.com/en/estate/detail/city-one-shatin-4080/history/stateno-4/blockno-37,
386,city_one_shatin,4,37,E,18,284,4000000,14085,2026-02-26,https://www.28hse.com/en/estate/detail/city-one-shatin-4080/history/stateno-4/blockno-37,
387,city_one_shatin,4,37,G,18,304,5690000,18717,2021-11-22,https://www.28hse.com/en/estate/detail/city-one-shatin-4080/history/stateno-4/blockno-37,
388,city_one_shatin,4,37,B,19,284,5200000,18310,2020-08-20,https://www.28hse.com/en/estate/detail/city-one-shatin-4080/history/stateno-4/blockno-37,
389,city_one_shatin,4,37,D,19,304,5750000,18914,2022-04-22,https://www.28hse.com/en/estate/detail/city-one-shatin-4080/history/stateno-4/blockno-37,
390,city_one_shatin,4,37,H,19,304,5650000,18586,2021-03-18,https://www.28hse.com/en/estate/detail/city-one-shatin-4080/history/stateno-4/blockno-37,
391,city_one_shatin,4,37,C,20,304,4410000,14507,2024-06-18,https://www.28hse.com/en/estate/detail/city-one-shatin-4080/history/stateno-4/blockno-37,
392,city_one_shatin,4,37,F,20,284,896000,3155,2018-10-30,https://www.28hse.com/en/estate/detail/city-one-shatin-4080/history/stateno-4/blockno-37,
393,city_one_shatin,4,37,H,20,304,4580000,15066,2023-01-18,https://www.28hse.com/en/estate/detail/city-one-shatin-4080/history/stateno-4/blockno-37,
394,city_one_shatin,4,37,A,21,284,4820000,16972,2018-01-08,https://www.28hse.com/en/estate/detail/city-one-shatin-4080/history/stateno-4/blockno-37,
395,city_one_shatin,4,37,B,21,284,5180000,18239,2018-04-24,https://www.28hse.com/en/estate/detail/city-one-shatin-4080/history/stateno-4/blockno-37,
396,city_one_shatin,4,37,E,21,284,4000000,14085,2025-08-12,https://www.28hse.com/en/estate/detail/city-one-shatin-4080/history/stateno-4/blockno-37,
397,city_one_shatin,4,37,H,21,304,3750000,12336,2020-03-02,https://www.28hse.com/en/estate/detail/city-one-shatin-4080/history/stateno-4/blockno-37,
398,city_one_shatin,4,37,C,22,304,2000000,6579,2021-06-29,https://www.28hse.com/en/estate/detail/city-one-shatin-4080/history/stateno-4/blockno-37,
399,city_one_shatin,4,37,G,22,304,4690000,15428,2026-05-19,https://www.28hse.com/en/estate/detail/city-one-shatin-4080/history/stateno-4/blockno-37,
400,city_one_shatin,4,37,B,23,284,5700000,20070,2020-06-04,https://www.28hse.com/en/estate/detail/city-one-shatin-4080/history/stateno-4/blockno-37,
401,city_one_shatin,4,37,C,23,304,4800000,15789,2022-11-07,https://www.28hse.com/en/estate/detail/city-one-shatin-4080/history/stateno-4/blockno-37,
402,city_one_shatin,4,37,E,23,284,4268000,15028,2026-02-09,https://www.28hse.com/en/estate/detail/city-one-shatin-4080/history/stateno-4/blockno-37,
403,city_one_shatin,4,37,G,23,304,5900000,19408,2019-08-21,https://www.28hse.com/en/estate/detail/city-one-shatin-4080/history/stateno-4/blockno-37,
404,city_one_shatin,4,37,H,23,304,5200000,17105,2020-02-26,https://www.28hse.com/en/estate/detail/city-one-shatin-4080/history/stateno-4/blockno-37,
405,city_one_shatin,4,37,E,24,284,3920000,13803,2025-07-23,https://www.28hse.com/en/estate/detail/city-one-shatin-4080/history/stateno-4/blockno-37,
406,city_one_shatin,4,37,E,25,284,5450000,19190,2020-07-10,https://www.28hse.com/en/estate/detail/city-one-shatin-4080/history/stateno-4/blockno-37,
407,city_one_shatin,4,37,H,25,304,5290000,17401,2020-10-08,https://www.28hse.com/en/estate/detail/city-one-shatin-4080/history/stateno-4/blockno-37,
408,city_one_shatin,4,37,B,26,284,5600000,19718,2021-02-26,https://www.28hse.com/en/estate/detail/city-one-shatin-4080/history/stateno-4/blockno-37,
409,city_one_shatin,4,37,D,26,304,3800000,12500,2025-06-17,https://www.28hse.com/en/estate/detail/city-one-shatin-4080/history/stateno-4/blockno-37,
410,city_one_shatin,4,37,E,26,284,5540000,19507,2022-01-21,https://www.28hse.com/en/estate/detail/city-one-shatin-4080/history/stateno-4/blockno-37,
411,city_one_shatin,4,37,H,26,304,5600000,18421,2021-03-17,https://www.28hse.com/en/estate/detail/city-one-shatin-4080/history/stateno-4/blockno-37,
412,city_one_shatin,4,37,C,27,304,5420000,17829,2018-03-06,https://www.28hse.com/en/estate/detail/city-one-shatin-4080/history/stateno-4/blockno-37,
413,city_one_shatin,4,37,C,28,304,4168000,13711,2024-12-03,https://www.28hse.com/en/estate/detail/city-one-shatin-4080/history/stateno-4/blockno-37,
414,city_one_shatin,4,37,D,28,304,5850000,19243,2021-09-07,https://www.28hse.com/en/estate/detail/city-one-shatin-4080/history/stateno-4/blockno-37,
415,city_one_shatin,4,37,E,28,284,4500000,15845,2026-05-06,https://www.28hse.com/en/estate/detail/city-one-shatin-4080/history/stateno-4/blockno-37,
416,city_one_shatin,4,37,D,29,304,4150000,13651,2024-12-02,https://www.28hse.com/en/estate/detail/city-one-shatin-4080/history/stateno-4/blockno-37,
417,city_one_shatin,4,37,F,29,284,5020000,17676,2019-03-13,https://www.28hse.com/en/estate/detail/city-one-shatin-4080/history/stateno-4/blockno-37,
418,city_one_shatin,4,37,H,29,304,4800000,15789,2022-10-31,https://www.28hse.com/en/estate/detail/city-one-shatin-4080/history/stateno-4/blockno-37,
419,city_one_shatin,4,37,C,30,304,5800000,19079,2020-06-23,https://www.28hse.com/en/estate/detail/city-one-shatin-4080/history/stateno-4/blockno-37,
420,city_one_shatin,4,37,D,30,304,5350000,17599,2019-10-30,https://www.28hse.com/en/estate/detail/city-one-shatin-4080/history/stateno-4/blockno-37,
421,city_one_shatin,4,37,C,31,304,5950000,19572,2019-09-19,https://www.28hse.com/en/estate/detail/city-one-shatin-4080/history/stateno-4/blockno-37,
422,city_one_shatin,4,37,E,31,284,4800000,16901,2023-06-15,https://www.28hse.com/en/estate/detail/city-one-shatin-4080/history/stateno-4/blockno-37,
423,city_one_shatin,4,37,F,32,284,1600000,5634,2025-01-23,https://www.28hse.com/en/estate/detail/city-one-shatin-4080/history/stateno-4/blockno-37,
424,city_one_shatin,4,37,H,32,304,4900000,16118,2026-06-24,https://www.28hse.com/en/estate/detail/city-one-shatin-4080/history/stateno-4/blockno-37,
425,city_one_shatin,4,38,B,3,284,4800000,16901,2023-05-18,https://www.28hse.com/en/estate/detail/city-one-shatin-4080/history/stateno-4/blockno-38,
426,city_one_shatin,4,38,D,3,304,5000000,16447,2021-05-20,https://www.28hse.com/en/estate/detail/city-one-shatin-4080/history/stateno-4/blockno-38,
427,city_one_shatin,4,38,F,4,284,5030000,17711,2020-09-16,https://www.28hse.com/en/estate/detail/city-one-shatin-4080/history/stateno-4/blockno-38,
428,city_one_shatin,4,38,G,4,304,4350000,14309,2022-09-29,https://www.28hse.com/en/estate/detail/city-one-shatin-4080/history/stateno-4/blockno-38,
429,city_one_shatin,4,38,C,5,304,5280000,17368,2021-03-30,https://www.28hse.com/en/estate/detail/city-one-shatin-4080/history/stateno-4/blockno-38,
430,city_one_shatin,4,38,D,5,304,5050000,16612,2020-10-27,https://www.28hse.com/en/estate/detail/city-one-shatin-4080/history/stateno-4/blockno-38,
431,city_one_shatin,4,38,F,6,284,5200000,18310,2022-03-09,https://www.28hse.com/en/estate/detail/city-one-shatin-4080/history/stateno-4/blockno-38,
432,city_one_shatin,4,38,H,6,304,4850000,15954,2022-09-28,https://www.28hse.com/en/estate/detail/city-one-shatin-4080/history/stateno-4/blockno-38,
433,city_one_shatin,4,38,C,7,304,5180000,17039,2020-11-20,https://www.28hse.com/en/estate/detail/city-one-shatin-4080/history/stateno-4/blockno-38,
434,city_one_shatin,4,38,D,7,304,3830000,12599,2025-07-16,https://www.28hse.com/en/estate/detail/city-one-shatin-4080/history/stateno-4/blockno-38,
435,city_one_shatin,4,38,F,7,284,5540000,19507,2021-08-11,https://www.28hse.com/en/estate/detail/city-one-shatin-4080/history/stateno-4/blockno-38,
436,city_one_shatin,4,38,C,8,304,4850000,15954,2021-02-10,https://www.28hse.com/en/estate/detail/city-one-shatin-4080/history/stateno-4/blockno-38,
437,city_one_shatin,4,38,E,8,284,5220000,18380,2022-04-29,https://www.28hse.com/en/estate/detail/city-one-shatin-4080/history/stateno-4/blockno-38,
438,city_one_shatin,4,38,C,9,304,5180000,17039,2022-07-26,https://www.28hse.com/en/estate/detail/city-one-shatin-4080/history/stateno-4/blockno-38,
439,city_one_shatin,4,38,D,9,304,4600000,15132,2018-01-11,https://www.28hse.com/en/estate/detail/city-one-shatin-4080/history/stateno-4/blockno-38,
440,city_one_shatin,4,38,F,9,284,5380000,18944,2021-03-15,https://www.28hse.com/en/estate/detail/city-one-shatin-4080/history/stateno-4/blockno-38,
441,city_one_shatin,4,38,G,9,304,5280000,17368,2018-05-10,https://www.28hse.com/en/estate/detail/city-one-shatin-4080/history/stateno-4/blockno-38,
442,city_one_shatin,4,38,A,10,284,5250000,18486,2019-11-29,https://www.28hse.com/en/estate/detail/city-one-shatin-4080/history/stateno-4/blockno-38,
443,city_one_shatin,4,38,F,10,284,5250000,18486,2020-02-19,https://www.28hse.com/en/estate/detail/city-one-shatin-4080/history/stateno-4/blockno-38,
444,city_one_shatin,4,38,H,10,304,5730000,18849,2021-10-22,https://www.28hse.com/en/estate/detail/city-one-shatin-4080/history/stateno-4/blockno-38,
445,city_one_shatin,4,38,B,11,284,4168000,14676,2023-11-17,https://www.28hse.com/en/estate/detail/city-one-shatin-4080/history/stateno-4/blockno-38,
446,city_one_shatin,4,38,E,12,284,5450000,19190,2021-06-01,https://www.28hse.com/en/estate/detail/city-one-shatin-4080/history/stateno-4/blockno-38,
447,city_one_shatin,4,38,F,12,284,4050000,14261,2025-10-10,https://www.28hse.com/en/estate/detail/city-one-shatin-4080/history/stateno-4/blockno-38,
448,city_one_shatin,4,38,G,12,304,5450000,17928,2020-05-06,https://www.28hse.com/en/estate/detail/city-one-shatin-4080/history/stateno-4/blockno-38,
449,city_one_shatin,4,38,A,13,284,4780000,16831,2023-03-01,https://www.28hse.com/en/estate/detail/city-one-shatin-4080/history/stateno-4/blockno-38,
450,city_one_shatin,4,38,B,13,284,5300000,18662,2019-03-01,https://www.28hse.com/en/estate/detail/city-one-shatin-4080/history/stateno-4/blockno-38,
451,city_one_shatin,4,38,A,14,284,4880000,17183,2023-03-23,https://www.28hse.com/en/estate/detail/city-one-shatin-4080/history/stateno-4/blockno-38,
452,city_one_shatin,4,38,D,14,304,5300000,17434,2020-04-28,https://www.28hse.com/en/estate/detail/city-one-shatin-4080/history/stateno-4/blockno-38,
453,city_one_shatin,4,38,F,14,284,5300000,18662,2021-02-10,https://www.28hse.com/en/estate/detail/city-one-shatin-4080/history/stateno-4/blockno-38,
454,city_one_shatin,4,38,A,15,284,4130000,14542,2025-07-10,https://www.28hse.com/en/estate/detail/city-one-shatin-4080/history/stateno-4/blockno-38,
455,city_one_shatin,4,38,B,15,284,4600000,16197,2026-04-28,https://www.28hse.com/en/estate/detail/city-one-shatin-4080/history/stateno-4/blockno-38,
456,city_one_shatin,4,38,G,15,304,5468000,17987,2018-11-07,https://www.28hse.com/en/estate/detail/city-one-shatin-4080/history/stateno-4/blockno-38,
457,city_one_shatin,4,38,H,15,304,4880000,16053,2023-03-08,https://www.28hse.com/en/estate/detail/city-one-shatin-4080/history/stateno-4/blockno-38,
458,city_one_shatin,4,38,B,16,284,5500000,19366,2020-10-16,https://www.28hse.com/en/estate/detail/city-one-shatin-4080/history/stateno-4/blockno-38,
459,city_one_shatin,4,38,E,16,284,5000000,17606,2021-10-25,https://www.28hse.com/en/estate/detail/city-one-shatin-4080/history/stateno-4/blockno-38,
460,city_one_shatin,4,38,G,16,304,3500000,11513,2025-02-05,https://www.28hse.com/en/estate/detail/city-one-shatin-4080/history/stateno-4/blockno-38,
461,city_one_shatin,4,38,H,16,304,5380000,17697,2022-02-11,https://www.28hse.com/en/estate/detail/city-one-shatin-4080/history/stateno-4/blockno-38,
462,city_one_shatin,4,38,B,17,284,3880000,13662,2025-08-29,https://www.28hse.com/en/estate/detail/city-one-shatin-4080/history/stateno-4/blockno-38,
463,city_one_shatin,4,38,D,17,304,5550000,18257,2019-12-02,https://www.28hse.com/en/estate/detail/city-one-shatin-4080/history/stateno-4/blockno-38,
464,city_one_shatin,4,38,H,17,304,4050000,13322,2024-01-11,https://www.28hse.com/en/estate/detail/city-one-shatin-4080/history/stateno-4/blockno-38,
465,city_one_shatin,4,38,D,18,304,5180000,17039,2022-03-14,https://www.28hse.com/en/estate/detail/city-one-shatin-4080/history/stateno-4/blockno-38,
466,city_one_shatin,4,38,D,19,304,4450000,14638,2024-04-12,https://www.28hse.com/en/estate/detail/city-one-shatin-4080/history/stateno-4/blockno-38,
467,city_one_shatin,4,38,F,19,284,5380000,18944,2020-05-15,https://www.28hse.com/en/estate/detail/city-one-shatin-4080/history/stateno-4/blockno-38,
468,city_one_shatin,4,38,G,19,304,5600000,18421,2022-06-06,https://www.28hse.com/en/estate/detail/city-one-shatin-4080/history/stateno-4/blockno-38,
469,city_one_shatin,4,38,H,19,304,5090000,16743,2019-03-26,https://www.28hse.com/en/estate/detail/city-one-shatin-4080/history/stateno-4/blockno-38,
470,city_one_shatin,4,38,B,20,284,4150000,14613,2022-11-25,https://www.28hse.com/en/estate/detail/city-one-shatin-4080/history/stateno-4/blockno-38,
471,city_one_shatin,4,38,F,20,284,3990000,14049,2026-05-07,https://www.28hse.com/en/estate/detail/city-one-shatin-4080/history/stateno-4/blockno-38,
472,city_one_shatin,4,38,G,20,304,4700000,15461,2026-05-29,https://www.28hse.com/en/estate/detail/city-one-shatin-4080/history/stateno-4/blockno-38,
473,city_one_shatin,4,38,D,21,304,5120000,16842,2020-03-09,https://www.28hse.com/en/estate/detail/city-one-shatin-4080/history/stateno-4/blockno-38,
474,city_one_shatin,4,38,G,22,304,5450000,17928,2020-04-16,https://www.28hse.com/en/estate/detail/city-one-shatin-4080/history/stateno-4/blockno-38,
475,city_one_shatin,4,38,H,22,304,4000000,13158,2025-02-17,https://www.28hse.com/en/estate/detail/city-one-shatin-4080/history/stateno-4/blockno-38,
476,city_one_shatin,4,38,D,23,304,5850000,19243,2020-06-12,https://www.28hse.com/en/estate/detail/city-one-shatin-4080/history/stateno-4/blockno-38,
477,city_one_shatin,4,38,E,23,284,5350000,18838,2020-02-21,https://www.28hse.com/en/estate/detail/city-one-shatin-4080/history/stateno-4/blockno-38,
478,city_one_shatin,4,38,F,23,284,4790000,16866,2019-03-15,https://www.28hse.com/en/estate/detail/city-one-shatin-4080/history/stateno-4/blockno-38,
479,city_one_shatin,4,38,H,23,304,5930000,19507,2019-07-16,https://www.28hse.com/en/estate/detail/city-one-shatin-4080/history/stateno-4/blockno-38,
480,city_one_shatin,4,38,B,24,284,5200000,18310,2019-11-11,https://www.28hse.com/en/estate/detail/city-one-shatin-4080/history/stateno-4/blockno-38,
481,city_one_shatin,4,38,E,24,284,5220000,18380,2022-04-11,https://www.28hse.com/en/estate/detail/city-one-shatin-4080/history/stateno-4/blockno-38,
482,city_one_shatin,4,38,H,24,304,5280000,17368,2022-04-29,https://www.28hse.com/en/estate/detail/city-one-shatin-4080/history/stateno-4/blockno-38,
483,city_one_shatin,4,38,E,26,284,4450000,15669,2023-09-14,https://www.28hse.com/en/estate/detail/city-one-shatin-4080/history/stateno-4/blockno-38,
484,city_one_shatin,4,38,H,26,304,5850000,19243,2018-08-01,https://www.28hse.com/en/estate/detail/city-one-shatin-4080/history/stateno-4/blockno-38,
485,city_one_shatin,4,38,A,27,284,5000000,17606,2023-03-23,https://www.28hse.com/en/estate/detail/city-one-shatin-4080/history/stateno-4/blockno-38,
486,city_one_shatin,4,38,B,27,284,5380000,18944,2021-03-29,https://www.28hse.com/en/estate/detail/city-one-shatin-4080/history/stateno-4/blockno-38,
487,city_one_shatin,4,38,E,27,284,4300000,15141,2024-05-28,https://www.28hse.com/en/estate/detail/city-one-shatin-4080/history/stateno-4/blockno-38,
488,city_one_shatin,4,38,G,27,304,5730000,18849,2021-08-11,https://www.28hse.com/en/estate/detail/city-one-shatin-4080/history/stateno-4/blockno-38,
489,city_one_shatin,4,38,A,28,284,5500000,19366,2021-02-17,https://www.28hse.com/en/estate/detail/city-one-shatin-4080/history/stateno-4/blockno-38,
490,city_one_shatin,4,38,F,28,284,5340000,18803,2019-10-25,https://www.28hse.com/en/estate/detail/city-one-shatin-4080/history/stateno-4/blockno-38,
491,city_one_shatin,4,38,G,28,304,5800000,19079,2018-06-19,https://www.28hse.com/en/estate/detail/city-one-shatin-4080/history/stateno-4/blockno-38,
492,city_one_shatin,4,38,B,29,284,3800000,13380,2019-11-11,https://www.28hse.com/en/estate/detail/city-one-shatin-4080/history/stateno-4/blockno-38,
493,city_one_shatin,4,38,D,29,304,3800000,12500,2025-07-31,https://www.28hse.com/en/estate/detail/city-one-shatin-4080/history/stateno-4/blockno-38,
494,city_one_shatin,4,38,E,29,284,5200000,18310,2021-12-22,https://www.28hse.com/en/estate/detail/city-one-shatin-4080/history/stateno-4/blockno-38,
495,city_one_shatin,4,38,H,29,304,5580000,18355,2022-04-08,https://www.28hse.com/en/estate/detail/city-one-shatin-4080/history/stateno-4/blockno-38,
496,city_one_shatin,4,38,C,30,304,5500000,18092,2020-12-08,https://www.28hse.com/en/estate/detail/city-one-shatin-4080/history/stateno-4/blockno-38,
497,city_one_shatin,4,38,F,30,284,5500000,19366,2020-12-02,https://www.28hse.com/en/estate/detail/city-one-shatin-4080/history/stateno-4/blockno-38,
498,city_one_shatin,4,38,H,30,304,5700000,18750,2020-10-09,https://www.28hse.com/en/estate/detail/city-one-shatin-4080/history/stateno-4/blockno-38,
499,city_one_shatin,4,38,B,31,284,5600000,19718,2021-06-22,https://www.28hse.com/en/estate/detail/city-one-shatin-4080/history/stateno-4/blockno-38,
500,city_one_shatin,4,38,D,31,304,5100000,16776,2018-03-09,https://www.28hse.com/en/estate/detail/city-one-shatin-4080/history/stateno-4/blockno-38,
501,city_one_shatin,4,38,B,32,284,5700000,20070,2021-04-27,https://www.28hse.com/en/estate/detail/city-one-shatin-4080/history/stateno-4/blockno-38,
502,city_one_shatin,4,38,E,32,284,2700000,9507,2019-03-15,https://www.28hse.com/en/estate/detail/city-one-shatin-4080/history/stateno-4/blockno-38,
503,city_one_shatin,4,38,F,32,284,4310000,15176,2026-03-19,https://www.28hse.com/en/estate/detail/city-one-shatin-4080/history/stateno-4/blockno-38,
504,city_one_shatin,4,38,G,32,304,5999000,19734,2021-11-23,https://www.28hse.com/en/estate/detail/city-one-shatin-4080/history/stateno-4/blockno-38,
505,city_one_shatin,5,27,A,1,688,7150000,10392,2026-06-05,https://www.28hse.com/en/estate/detail/city-one-shatin-4080/history/stateno-5/blockno-27,
506,city_one_shatin,5,27,C,2,688,6600000,9593,2025-06-20,https://www.28hse.com/en/estate/detail/city-one-shatin-4080/history/stateno-5/blockno-27,
507,city_one_shatin,5,27,D,3,688,8830000,12834,2022-09-02,https://www.28hse.com/en/estate/detail/city-one-shatin-4080/history/stateno-5/blockno-27,
508,city_one_shatin,5,27,C,4,688,6500000,9448,2024-02-07,https://www.28hse.com/en/estate/detail/city-one-shatin-4080/history/stateno-5/blockno-27,
509,city_one_shatin,5,27,C,6,688,7000000,10174,2024-04-30,https://www.28hse.com/en/estate/detail/city-one-shatin-4080/history/stateno-5/blockno-27,
510,city_one_shatin,5,27,A,7,688,6920000,10058,2025-03-27,https://www.28hse.com/en/estate/detail/city-one-shatin-4080/history/stateno-5/blockno-27,
511,city_one_shatin,5,27,B,8,688,6700000,9738,2025-10-02,https://www.28hse.com/en/estate/detail/city-one-shatin-4080/history/stateno-5/blockno-27,
512,city_one_shatin,5,27,C,9,688,9980000,14506,2021-10-26,https://www.28hse.com/en/estate/detail/city-one-shatin-4080/history/stateno-5/blockno-27,
513,city_one_shatin,5,27,A,10,688,7200000,10465,2024-10-22,https://www.28hse.com/en/estate/detail/city-one-shatin-4080/history/stateno-5/blockno-27,
514,city_one_shatin,5,27,B,13,688,6900000,10029,2024-08-23,https://www.28hse.com/en/estate/detail/city-one-shatin-4080/history/stateno-5/blockno-27,
515,city_one_shatin,5,27,C,13,688,7700000,11192,2024-05-09,https://www.28hse.com/en/estate/detail/city-one-shatin-4080/history/stateno-5/blockno-27,
516,city_one_shatin,5,27,D,16,688,8750000,12718,2026-07-17,https://www.28hse.com/en/estate/detail/city-one-shatin-4080/history/stateno-5/blockno-27,
517,city_one_shatin,5,27,C,17,688,8000000,11628,2025-05-13,https://www.28hse.com/en/estate/detail/city-one-shatin-4080/history/stateno-5/blockno-27,
518,city_one_shatin,5,27,C,18,688,8200000,11919,2024-06-12,https://www.28hse.com/en/estate/detail/city-one-shatin-4080/history/stateno-5/blockno-27,
519,city_one_shatin,5,27,A,19,688,10280000,14942,2021-09-03,https://www.28hse.com/en/estate/detail/city-one-shatin-4080/history/stateno-5/blockno-27,
520,city_one_shatin,5,27,D,20,688,9888000,14372,2020-05-04,https://www.28hse.com/en/estate/detail/city-one-shatin-4080/history/stateno-5/blockno-27,
521,city_one_shatin,5,27,A,22,688,9980000,14506,2020-10-09,https://www.28hse.com/en/estate/detail/city-one-shatin-4080/history/stateno-5/blockno-27,
522,city_one_shatin,5,27,B,22,688,8900000,12936,2018-02-09,https://www.28hse.com/en/estate/detail/city-one-shatin-4080/history/stateno-5/blockno-27,
523,city_one_shatin,5,27,D,22,688,9700000,14099,2019-05-16,https://www.28hse.com/en/estate/detail/city-one-shatin-4080/history/stateno-5/blockno-27,
524,city_one_shatin,5,27,D,23,688,8100000,11773,2025-10-31,https://www.28hse.com/en/estate/detail/city-one-shatin-4080/history/stateno-5/blockno-27,
525,city_one_shatin,5,27,A,25,688,1525000,2217,2024-10-15,https://www.28hse.com/en/estate/detail/city-one-shatin-4080/history/stateno-5/blockno-27,
526,city_one_shatin,5,27,A,27,688,9600000,13953,2020-11-17,https://www.28hse.com/en/estate/detail/city-one-shatin-4080/history/stateno-5/blockno-27,
527,city_one_shatin,5,27,B,27,688,8880000,12907,2022-06-01,https://www.28hse.com/en/estate/detail/city-one-shatin-4080/history/stateno-5/blockno-27,
528,city_one_shatin,5,27,C,27,688,10280000,14942,2022-08-04,https://www.28hse.com/en/estate/detail/city-one-shatin-4080/history/stateno-5/blockno-27,
529,city_one_shatin,5,27,D,27,688,2500000,3634,2023-11-10,https://www.28hse.com/en/estate/detail/city-one-shatin-4080/history/stateno-5/blockno-27,
530,city_one_shatin,5,27,B,28,688,4800000,6977,2019-04-04,https://www.28hse.com/en/estate/detail/city-one-shatin-4080/history/stateno-5/blockno-27,
531,city_one_shatin,5,28,A,3,688,9068000,13180,2021-02-17,https://www.28hse.com/en/estate/detail/city-one-shatin-4080/history/stateno-5/blockno-28,
532,city_one_shatin,5,28,D,6,688,7730000,11235,2026-03-20,https://www.28hse.com/en/estate/detail/city-one-shatin-4080/history/stateno-5/blockno-28,
533,city_one_shatin,5,28,D,8,688,10000000,14535,2021-07-12,https://www.28hse.com/en/estate/detail/city-one-shatin-4080/history/stateno-5/blockno-28,
534,city_one_shatin,5,28,C,9,688,7720000,11221,2025-11-13,https://www.28hse.com/en/estate/detail/city-one-shatin-4080/history/stateno-5/blockno-28,
535,city_one_shatin,5,28,A,10,688,9680000,14070,2020-08-07,https://www.28hse.com/en/estate/detail/city-one-shatin-4080/history/stateno-5/blockno-28,
536,city_one_shatin,5,28,B,15,688,6980000,10145,2026-02-24,https://www.28hse.com/en/estate/detail/city-one-shatin-4080/history/stateno-5/blockno-28,
537,city_one_shatin,5,28,B,19,688,9980000,14506,2021-08-03,https://www.28hse.com/en/estate/detail/city-one-shatin-4080/history/stateno-5/blockno-28,
538,city_one_shatin,5,28,D,19,688,7800000,11337,2024-01-30,https://www.28hse.com/en/estate/detail/city-one-shatin-4080/history/stateno-5/blockno-28,
539,city_one_shatin,5,28,D,20,688,9938000,14445,2022-09-27,https://www.28hse.com/en/estate/detail/city-one-shatin-4080/history/stateno-5/blockno-28,
540,city_one_shatin,5,28,D,21,688,9920000,14419,2021-01-21,https://www.28hse.com/en/estate/detail/city-one-shatin-4080/history/stateno-5/blockno-28,
541,city_one_shatin,5,28,A,23,688,7790000,11323,2023-09-25,https://www.28hse.com/en/estate/detail/city-one-shatin-4080/history/stateno-5/blockno-28,
542,city_one_shatin,5,28,D,23,688,9168000,13326,2023-03-07,https://www.28hse.com/en/estate/detail/city-one-shatin-4080/history/stateno-5/blockno-28,
543,city_one_shatin,5,28,C,24,688,8080000,11744,2024-04-18,https://www.28hse.com/en/estate/detail/city-one-shatin-4080/history/stateno-5/blockno-28,
544,city_one_shatin,5,28,C,26,688,7530000,10945,2025-03-28,https://www.28hse.com/en/estate/detail/city-one-shatin-4080/history/stateno-5/blockno-28,
545,city_one_shatin,5,28,C,27,688,8650000,12573,2023-03-27,https://www.28hse.com/en/estate/detail/city-one-shatin-4080/history/stateno-5/blockno-28,
546,city_one_shatin,5,28,D,27,688,8700000,12645,2023-02-27,https://www.28hse.com/en/estate/detail/city-one-shatin-4080/history/stateno-5/blockno-28,
547,city_one_shatin,5,28,C,28,688,8280000,12035,2024-05-13,https://www.28hse.com/en/estate/detail/city-one-shatin-4080/history/stateno-5/blockno-28,
548,city_one_shatin,6,24,A,1,447,5950000,13311,2021-03-11,https://www.28hse.com/en/estate/detail/city-one-shatin-4080/history/stateno-6/blockno-24,
549,city_one_shatin,6,24,C,1,326,3820000,11718,2025-10-10,https://www.28hse.com/en/estate/detail/city-one-shatin-4080/history/stateno-6/blockno-24,
550,city_one_shatin,6,24,D,1,326,4618000,14166,2023-04-20,https://www.28hse.com/en/estate/detail/city-one-shatin-4080/history/stateno-6/blockno-24,
551,city_one_shatin,6,24,E,1,447,6080000,13602,2022-06-30,https://www.28hse.com/en/estate/detail/city-one-shatin-4080/history/stateno-6/blockno-24,
552,city_one_shatin,6,24,F,1,447,6000000,13423,2021-03-26,https://www.28hse.com/en/estate/detail/city-one-shatin-4080/history/stateno-6/blockno-24,
553,city_one_shatin,6,24,H,2,326,4495000,13788,2019-04-25,https://www.28hse.com/en/estate/detail/city-one-shatin-4080/history/stateno-6/blockno-24,
554,city_one_shatin,6,24,E,3,447,5800000,12975,2026-03-20,https://www.28hse.com/en/estate/detail/city-one-shatin-4080/history/stateno-6/blockno-24,
555,city_one_shatin,6,24,B,4,447,7100000,15884,2019-04-17,https://www.28hse.com/en/estate/detail/city-one-shatin-4080/history/stateno-6/blockno-24,
556,city_one_shatin,6,24,C,4,326,4450000,13650,2023-02-23,https://www.28hse.com/en/estate/detail/city-one-shatin-4080/history/stateno-6/blockno-24,
557,city_one_shatin,6,24,D,4,326,4050000,12423,2024-11-19,https://www.28hse.com/en/estate/detail/city-one-shatin-4080/history/stateno-6/blockno-24,
558,city_one_shatin,6,24,E,4,447,6900000,15436,2019-11-27,https://www.28hse.com/en/estate/detail/city-one-shatin-4080/history/stateno-6/blockno-24,
559,city_one_shatin,6,24,F,4,447,5100000,11409,2024-06-05,https://www.28hse.com/en/estate/detail/city-one-shatin-4080/history/stateno-6/blockno-24,
560,city_one_shatin,6,24,D,5,326,5638000,17294,2020-07-02,https://www.28hse.com/en/estate/detail/city-one-shatin-4080/history/stateno-6/blockno-24,
561,city_one_shatin,6,24,D,6,326,4730000,14509,2023-04-14,https://www.28hse.com/en/estate/detail/city-one-shatin-4080/history/stateno-6/blockno-24,
562,city_one_shatin,6,24,G,6,326,3900000,11963,2024-04-12,https://www.28hse.com/en/estate/detail/city-one-shatin-4080/history/stateno-6/blockno-24,
563,city_one_shatin,6,24,H,6,326,1830000,5613,2019-12-02,https://www.28hse.com/en/estate/detail/city-one-shatin-4080/history/stateno-6/blockno-24,
564,city_one_shatin,6,24,D,7,326,5400000,16564,2020-08-26,https://www.28hse.com/en/estate/detail/city-one-shatin-4080/history/stateno-6/blockno-24,
565,city_one_shatin,6,24,F,7,447,6695000,14978,2023-05-31,https://www.28hse.com/en/estate/detail/city-one-shatin-4080/history/stateno-6/blockno-24,
566,city_one_shatin,6,24,B,8,447,7080000,15839,2018-10-22,https://www.28hse.com/en/estate/detail/city-one-shatin-4080/history/stateno-6/blockno-24,
567,city_one_shatin,6,24,D,8,326,5950000,18252,2018-10-02,https://www.28hse.com/en/estate/detail/city-one-shatin-4080/history/stateno-6/blockno-24,
568,city_one_shatin,6,24,H,8,326,4100000,12577,2024-01-10,https://www.28hse.com/en/estate/detail/city-one-shatin-4080/history/stateno-6/blockno-24,
569,city_one_shatin,6,24,C,9,326,5630000,17270,2021-05-31,https://www.28hse.com/en/estate/detail/city-one-shatin-4080/history/stateno-6/blockno-24,
570,city_one_shatin,6,24,F,9,447,5450000,12192,2025-02-10,https://www.28hse.com/en/estate/detail/city-one-shatin-4080/history/stateno-6/blockno-24,
571,city_one_shatin,6,24,A,10,447,5000000,11186,2023-04-28,https://www.28hse.com/en/estate/detail/city-one-shatin-4080/history/stateno-6/blockno-24,
572,city_one_shatin,6,24,B,10,447,6880000,15391,2018-10-12,https://www.28hse.com/en/estate/detail/city-one-shatin-4080/history/stateno-6/blockno-24,
573,city_one_shatin,6,24,C,10,326,5000000,15337,2019-02-18,https://www.28hse.com/en/estate/detail/city-one-shatin-4080/history/stateno-6/blockno-24,
574,city_one_shatin,6,24,B,11,447,6000000,13423,2019-01-28,https://www.28hse.com/en/estate/detail/city-one-shatin-4080/history/stateno-6/blockno-24,
575,city_one_shatin,6,24,D,11,326,5400000,16564,2019-12-06,https://www.28hse.com/en/estate/detail/city-one-shatin-4080/history/stateno-6/blockno-24,
576,city_one_shatin,6,24,B,12,447,6000000,13423,2018-04-26,https://www.28hse.com/en/estate/detail/city-one-shatin-4080/history/stateno-6/blockno-24,
577,city_one_shatin,6,24,C,12,326,4220000,12945,2024-09-05,https://www.28hse.com/en/estate/detail/city-one-shatin-4080/history/stateno-6/blockno-24,
578,city_one_shatin,6,24,E,12,447,6000000,13423,2026-06-04,https://www.28hse.com/en/estate/detail/city-one-shatin-4080/history/stateno-6/blockno-24,
579,city_one_shatin,6,24,A,13,447,5000000,11186,2025-11-13,https://www.28hse.com/en/estate/detail/city-one-shatin-4080/history/stateno-6/blockno-24,
580,city_one_shatin,6,24,C,13,326,4280000,13129,2024-03-27,https://www.28hse.com/en/estate/detail/city-one-shatin-4080/history/stateno-6/blockno-24,
581,city_one_shatin,6,24,D,13,326,5780000,17730,2020-11-20,https://www.28hse.com/en/estate/detail/city-one-shatin-4080/history/stateno-6/blockno-24,
582,city_one_shatin,6,24,E,13,447,7450000,16667,2021-01-12,https://www.28hse.com/en/estate/detail/city-one-shatin-4080/history/stateno-6/blockno-24,
583,city_one_shatin,6,24,B,14,447,7200000,16107,2020-12-17,https://www.28hse.com/en/estate/detail/city-one-shatin-4080/history/stateno-6/blockno-24,
584,city_one_shatin,6,24,C,14,326,4070000,12485,2025-06-27,https://www.28hse.com/en/estate/detail/city-one-shatin-4080/history/stateno-6/blockno-24,
585,city_one_shatin,6,24,D,14,326,5900000,18098,2022-01-03,https://www.28hse.com/en/estate/detail/city-one-shatin-4080/history/stateno-6/blockno-24,
586,city_one_shatin,6,24,G,14,326,4900000,15031,2026-06-16,https://www.28hse.com/en/estate/detail/city-one-shatin-4080/history/stateno-6/blockno-24,
587,city_one_shatin,6,24,A,15,447,5220000,11678,2025-03-31,https://www.28hse.com/en/estate/detail/city-one-shatin-4080/history/stateno-6/blockno-24,
588,city_one_shatin,6,24,B,15,447,7450000,16667,2018-05-03,https://www.28hse.com/en/estate/detail/city-one-shatin-4080/history/stateno-6/blockno-24,
589,city_one_shatin,6,24,D,16,326,4500000,13804,2024-02-27,https://www.28hse.com/en/estate/detail/city-one-shatin-4080/history/stateno-6/blockno-24,
590,city_one_shatin,6,24,C,17,326,5600000,17178,2020-07-23,https://www.28hse.com/en/estate/detail/city-one-shatin-4080/history/stateno-6/blockno-24,
591,city_one_shatin,6,24,E,17,447,5480000,12260,2024-11-27,https://www.28hse.com/en/estate/detail/city-one-shatin-4080/history/stateno-6/blockno-24,
592,city_one_shatin,6,24,F,17,447,7440000,16644,2022-04-21,https://www.28hse.com/en/estate/detail/city-one-shatin-4080/history/stateno-6/blockno-24,
593,city_one_shatin,6,24,H,18,326,4330000,13282,2024-12-03,https://www.28hse.com/en/estate/detail/city-one-shatin-4080/history/stateno-6/blockno-24,
594,city_one_shatin,6,24,B,19,447,6340000,14183,2022-10-13,https://www.28hse.com/en/estate/detail/city-one-shatin-4080/history/stateno-6/blockno-24,
595,city_one_shatin,6,24,D,19,326,4150000,12730,2024-10-15,https://www.28hse.com/en/estate/detail/city-one-shatin-4080/history/stateno-6/blockno-24,
596,city_one_shatin,6,24,E,19,447,7900000,17673,2018-06-14,https://www.28hse.com/en/estate/detail/city-one-shatin-4080/history/stateno-6/blockno-24,
597,city_one_shatin,6,24,G,19,326,4180000,12822,2024-09-10,https://www.28hse.com/en/estate/detail/city-one-shatin-4080/history/stateno-6/blockno-24,
598,city_one_shatin,6,24,B,22,447,7980000,17852,2021-05-06,https://www.28hse.com/en/estate/detail/city-one-shatin-4080/history/stateno-6/blockno-24,
599,city_one_shatin,6,24,C,22,326,5560000,17055,2018-03-19,https://www.28hse.com/en/estate/detail/city-one-shatin-4080/history/stateno-6/blockno-24,
600,city_one_shatin,6,24,A,25,447,5400000,12081,2025-02-20,https://www.28hse.com/en/estate/detail/city-one-shatin-4080/history/stateno-6/blockno-24,
601,city_one_shatin,6,24,B,26,447,6200000,13870,2023-01-10,https://www.28hse.com/en/estate/detail/city-one-shatin-4080/history/stateno-6/blockno-24,
602,city_one_shatin,6,24,D,26,326,4960000,15215,2026-07-14,https://www.28hse.com/en/estate/detail/city-one-shatin-4080/history/stateno-6/blockno-24,
603,city_one_shatin,6,24,E,26,447,6600000,14765,2026-02-06,https://www.28hse.com/en/estate/detail/city-one-shatin-4080/history/stateno-6/blockno-24,
604,city_one_shatin,6,24,H,26,326,6150000,18865,2021-05-17,https://www.28hse.com/en/estate/detail/city-one-shatin-4080/history/stateno-6/blockno-24,
605,city_one_shatin,6,24,A,27,447,7250000,16219,2023-07-27,https://www.28hse.com/en/estate/detail/city-one-shatin-4080/history/stateno-6/blockno-24,
606,city_one_shatin,6,24,C,27,326,5800000,17791,2018-04-27,https://www.28hse.com/en/estate/detail/city-one-shatin-4080/history/stateno-6/blockno-24,
607,city_one_shatin,6,24,H,27,326,6000000,18405,2018-10-31,https://www.28hse.com/en/estate/detail/city-one-shatin-4080/history/stateno-6/blockno-24,
608,city_one_shatin,6,24,B,28,447,6260000,14004,2022-11-02,https://www.28hse.com/en/estate/detail/city-one-shatin-4080/history/stateno-6/blockno-24,
609,city_one_shatin,6,24,G,28,326,5300000,16258,2018-02-14,https://www.28hse.com/en/estate/detail/city-one-shatin-4080/history/stateno-6/blockno-24,
610,city_one_shatin,6,24,C,30,326,5500000,16871,2022-04-25,https://www.28hse.com/en/estate/detail/city-one-shatin-4080/history/stateno-6/blockno-24,
611,city_one_shatin,6,24,D,30,326,5088000,15607,2024-10-28,https://www.28hse.com/en/estate/detail/city-one-shatin-4080/history/stateno-6/blockno-24,
612,city_one_shatin,6,24,F,30,447,8000000,17897,2021-05-03,https://www.28hse.com/en/estate/detail/city-one-shatin-4080/history/stateno-6/blockno-24,
613,city_one_shatin,6,25,C,1,688,8280000,12035,2021-09-14,https://www.28hse.com/en/estate/detail/city-one-shatin-4080/history/stateno-6/blockno-25,
614,city_one_shatin,6,25,C,2,688,6398000,9299,2024-10-15,https://www.28hse.com/en/estate/detail/city-one-shatin-4080/history/stateno-6/blockno-25,
615,city_one_shatin,6,25,C,5,688,7200000,10465,2024-01-16,https://www.28hse.com/en/estate/detail/city-one-shatin-4080/history/stateno-6/blockno-25,
616,city_one_shatin,6,25,D,7,688,9650000,14026,2020-04-02,https://www.28hse.com/en/estate/detail/city-one-shatin-4080/history/stateno-6/blockno-25,
617,city_one_shatin,6,25,C,8,688,8350000,12137,2026-05-22,https://www.28hse.com/en/estate/detail/city-one-shatin-4080/history/stateno-6/blockno-25,
618,city_one_shatin,6,25,C,9,688,9988000,14517,2020-09-23,https://www.28hse.com/en/estate/detail/city-one-shatin-4080/history/stateno-6/blockno-25,
619,city_one_shatin,6,25,A,10,688,9950000,14462,2021-03-02,https://www.28hse.com/en/estate/detail/city-one-shatin-4080/history/stateno-6/blockno-25,
620,city_one_shatin,6,25,A,11,688,8280000,12035,2023-02-01,https://www.28hse.com/en/estate/detail/city-one-shatin-4080/history/stateno-6/blockno-25,
621,city_one_shatin,6,25,A,12,688,10000000,14535,2021-03-17,https://www.28hse.com/en/estate/detail/city-one-shatin-4080/history/stateno-6/blockno-25,
622,city_one_shatin,6,25,B,12,688,9800000,14244,2021-06-01,https://www.28hse.com/en/estate/detail/city-one-shatin-4080/history/stateno-6/blockno-25,
623,city_one_shatin,6,25,B,13,688,8500000,12355,2023-05-19,https://www.28hse.com/en/estate/detail/city-one-shatin-4080/history/stateno-6/blockno-25,
624,city_one_shatin,6,25,D,14,688,7290000,10596,2021-12-02,https://www.28hse.com/en/estate/detail/city-one-shatin-4080/history/stateno-6/blockno-25,
625,city_one_shatin,6,25,D,15,688,8380000,12180,2021-12-03,https://www.28hse.com/en/estate/detail/city-one-shatin-4080/history/stateno-6/blockno-25,
626,city_one_shatin,6,25,B,16,688,9150000,13299,2023-02-10,https://www.28hse.com/en/estate/detail/city-one-shatin-4080/history/stateno-6/blockno-25,
627,city_one_shatin,6,25,B,17,688,7900000,11483,2023-10-05,https://www.28hse.com/en/estate/detail/city-one-shatin-4080/history/stateno-6/blockno-25,
628,city_one_shatin,6,25,B,18,688,5000000,7267,2023-11-14,https://www.28hse.com/en/estate/detail/city-one-shatin-4080/history/stateno-6/blockno-25,
629,city_one_shatin,6,25,C,19,688,6000000,8721,2024-10-30,https://www.28hse.com/en/estate/detail/city-one-shatin-4080/history/stateno-6/blockno-25,
630,city_one_shatin,6,25,A,20,688,10000000,14535,2021-05-13,https://www.28hse.com/en/estate/detail/city-one-shatin-4080/history/stateno-6/blockno-25,
631,city_one_shatin,6,25,D,20,688,9350000,13590,2020-10-20,https://www.28hse.com/en/estate/detail/city-one-shatin-4080/history/stateno-6/blockno-25,
632,city_one_shatin,6,25,A,24,688,7600000,11047,2026-01-12,https://www.28hse.com/en/estate/detail/city-one-shatin-4080/history/stateno-6/blockno-25,
633,city_one_shatin,6,25,C,24,688,8500000,12355,2024-06-07,https://www.28hse.com/en/estate/detail/city-one-shatin-4080/history/stateno-6/blockno-25,
634,city_one_shatin,6,25,A,27,688,10000000,14535,2021-02-23,https://www.28hse.com/en/estate/detail/city-one-shatin-4080/history/stateno-6/blockno-25,
635,city_one_shatin,6,25,D,27,688,6000000,8721,2021-04-23,https://www.28hse.com/en/estate/detail/city-one-shatin-4080/history/stateno-6/blockno-25,
636,city_one_shatin,7,34,B,3,707,8712000,12322,2021-10-12,https://www.28hse.com/en/estate/detail/city-one-shatin-4080/history/stateno-7/blockno-34,
637,city_one_shatin,7,34,C,3,707,8200000,11598,2019-05-17,https://www.28hse.com/en/estate/detail/city-one-shatin-4080/history/stateno-7/blockno-34,
638,city_one_shatin,7,34,A,4,707,8330000,11782,2023-05-09,https://www.28hse.com/en/estate/detail/city-one-shatin-4080/history/stateno-7/blockno-34,
639,city_one_shatin,7,34,D,8,707,9730000,13762,2021-04-28,https://www.28hse.com/en/estate/detail/city-one-shatin-4080/history/stateno-7/blockno-34,
640,city_one_shatin,7,34,C,10,707,3800000,5375,2026-04-09,https://www.28hse.com/en/estate/detail/city-one-shatin-4080/history/stateno-7/blockno-34,
641,city_one_shatin,7,34,C,13,707,8000000,11315,2024-07-15,https://www.28hse.com/en/estate/detail/city-one-shatin-4080/history/stateno-7/blockno-34,
642,city_one_shatin,7,34,D,13,707,8600000,12164,2026-05-18,https://www.28hse.com/en/estate/detail/city-one-shatin-4080/history/stateno-7/blockno-34,
643,city_one_shatin,7,34,B,17,707,9850000,13932,2020-11-24,https://www.28hse.com/en/estate/detail/city-one-shatin-4080/history/stateno-7/blockno-34,
644,city_one_shatin,7,34,C,17,707,2100000,2970,2022-12-09,https://www.28hse.com/en/estate/detail/city-one-shatin-4080/history/stateno-7/blockno-34,
645,city_one_shatin,7,34,C,19,707,8500000,12023,2026-01-14,https://www.28hse.com/en/estate/detail/city-one-shatin-4080/history/stateno-7/blockno-34,
646,city_one_shatin,7,34,C,21,707,8000000,11315,2025-10-23,https://www.28hse.com/en/estate/detail/city-one-shatin-4080/history/stateno-7/blockno-34,
647,city_one_shatin,7,34,A,22,707,7680000,10863,2024-11-20,https://www.28hse.com/en/estate/detail/city-one-shatin-4080/history/stateno-7/blockno-34,
648,city_one_shatin,7,34,D,23,707,9320000,13182,2026-09-11,https://www.28hse.com/en/estate/detail/city-one-shatin-4080/history/stateno-7/blockno-34,
649,city_one_shatin,7,34,A,24,707,8000000,11315,2025-01-10,https://www.28hse.com/en/estate/detail/city-one-shatin-4080/history/stateno-7/blockno-34,
650,city_one_shatin,7,34,A,25,707,9630000,13621,2023-04-17,https://www.28hse.com/en/estate/detail/city-one-shatin-4080/history/stateno-7/blockno-34,
651,city_one_shatin,7,34,B,25,707,10000000,14144,2020-11-03,https://www.28hse.com/en/estate/detail/city-one-shatin-4080/history/stateno-7/blockno-34,
652,city_one_shatin,7,34,C,25,707,9330000,13197,2023-04-26,https://www.28hse.com/en/estate/detail/city-one-shatin-4080/history/stateno-7/blockno-34,
653,city_one_shatin,7,34,D,25,707,9350000,13225,2026-06-10,https://www.28hse.com/en/estate/detail/city-one-shatin-4080/history/stateno-7/blockno-34,
654,city_one_shatin,7,34,A,27,707,9180000,12984,2022-04-01,https://www.28hse.com/en/estate/detail/city-one-shatin-4080/history/stateno-7/blockno-34,
655,city_one_shatin,7,34,C,28,707,8980000,12702,2023-11-27,https://www.28hse.com/en/estate/detail/city-one-shatin-4080/history/stateno-7/blockno-34,
656,city_one_shatin,7,34,D,28,707,10000000,14144,2020-12-07,https://www.28hse.com/en/estate/detail/city-one-shatin-4080/history/stateno-7/blockno-34,
657,city_one_shatin,7,34,B,32,707,7950000,11245,2024-11-25,https://www.28hse.com/en/estate/detail/city-one-shatin-4080/history/stateno-7/blockno-34,
658,city_one_shatin,7,34,C,32,707,9700000,13720,2023-07-04,https://www.28hse.com/en/estate/detail/city-one-shatin-4080/history/stateno-7/blockno-34,
659,city_one_shatin,7,34,A,33,707,9900000,14003,2020-09-01,https://www.28hse.com/en/estate/detail/city-one-shatin-4080/history/stateno-7/blockno-34,
660,city_one_shatin,7,34,A,34,707,9978000,14113,2022-02-08,https://www.28hse.com/en/estate/detail/city-one-shatin-4080/history/stateno-7/blockno-34,
661,city_one_shatin,7,34,B,35,707,11650000,16478,2022-05-16,https://www.28hse.com/en/estate/detail/city-one-shatin-4080/history/stateno-7/blockno-34,
662,city_one_shatin,7,35,D,3,707,8800000,12447,2023-05-12,https://www.28hse.com/en/estate/detail/city-one-shatin-4080/history/stateno-7/blockno-35,
663,city_one_shatin,7,35,A,8,707,10700000,15134,2021-06-21,https://www.28hse.com/en/estate/detail/city-one-shatin-4080/history/stateno-7/blockno-35,
664,city_one_shatin,7,35,B,9,707,9990000,14130,2020-09-08,https://www.28hse.com/en/estate/detail/city-one-shatin-4080/history/stateno-7/blockno-35,
665,city_one_shatin,7,35,B,12,707,8080000,11429,2024-04-12,https://www.28hse.com/en/estate/detail/city-one-shatin-4080/history/stateno-7/blockno-35,
666,city_one_shatin,7,35,C,14,707,8990000,12716,2023-02-06,https://www.28hse.com/en/estate/detail/city-one-shatin-4080/history/stateno-7/blockno-35,
667,city_one_shatin,7,35,D,15,707,9800000,13861,2019-11-15,https://www.28hse.com/en/estate/detail/city-one-shatin-4080/history/stateno-7/blockno-35,
668,city_one_shatin,7,35,B,17,707,7300000,10325,2024-06-28,https://www.28hse.com/en/estate/detail/city-one-shatin-4080/history/stateno-7/blockno-35,
669,city_one_shatin,7,35,B,18,707,9850000,13932,2022-05-20,https://www.28hse.com/en/estate/detail/city-one-shatin-4080/history/stateno-7/blockno-35,
670,city_one_shatin,7,35,B,19,707,7500000,10608,2025-08-25,https://www.28hse.com/en/estate/detail/city-one-shatin-4080/history/stateno-7/blockno-35,
671,city_one_shatin,7,35,D,21,707,3900000,5516,2025-04-24,https://www.28hse.com/en/estate/detail/city-one-shatin-4080/history/stateno-7/blockno-35,
672,city_one_shatin,7,35,A,22,707,7800000,11033,2024-09-11,https://www.28hse.com/en/estate/detail/city-one-shatin-4080/history/stateno-7/blockno-35,
673,city_one_shatin,7,35,B,23,707,9920000,14031,2022-04-28,https://www.28hse.com/en/estate/detail/city-one-shatin-4080/history/stateno-7/blockno-35,
674,city_one_shatin,7,35,A,24,707,10400000,14710,2021-07-19,https://www.28hse.com/en/estate/detail/city-one-shatin-4080/history/stateno-7/blockno-35,
675,city_one_shatin,7,35,C,26,707,10770000,15233,2021-03-16,https://www.28hse.com/en/estate/detail/city-one-shatin-4080/history/stateno-7/blockno-35,
676,city_one_shatin,7,35,C,27,707,8000000,11315,2026-08-03,https://www.28hse.com/en/estate/detail/city-one-shatin-4080/history/stateno-7/blockno-35,
677,city_one_shatin,7,35,A,28,707,10300000,14569,2021-11-29,https://www.28hse.com/en/estate/detail/city-one-shatin-4080/history/stateno-7/blockno-35,
678,city_one_shatin,7,35,B,30,707,8900000,12588,2021-02-25,https://www.28hse.com/en/estate/detail/city-one-shatin-4080/history/stateno-7/blockno-35,
679,city_one_shatin,7,35,C,31,707,9280000,13126,2026-09-09,https://www.28hse.com/en/estate/detail/city-one-shatin-4080/history/stateno-7/blockno-35,
680,city_one_shatin,7,35,C,34,707,8120000,11485,2024-12-04,https://www.28hse.com/en/estate/detail/city-one-shatin-4080/history/stateno-7/blockno-35,
681,city_one_shatin,7,35,B,35,707,6000000,8487,2019-12-11,https://www.28hse.com/en/estate/detail/city-one-shatin-4080/history/stateno-7/blockno-35,
682,city_one_shatin,7,35,C,35,707,11200000,15842,2022-01-10,https://www.28hse.com/en/estate/detail/city-one-shatin-4080/history/stateno-7/blockno-35,
683,city_one_shatin,7,35,D,36,707,11330000,16025,2022-05-03,https://www.28hse.com/en/estate/detail/city-one-shatin-4080/history/stateno-7/blockno-35,
684,dynasty_court,1,1,A,2,2153,76180000,35383,2021-03-04,https://www.28hse.com/en/estate/detail/dynasty-court-787/history/stateno-1/blockno-1,
685,dynasty_court,1,1,B,6,1806,70880000,39247,2026-06-10,https://www.28hse.com/en/estate/detail/dynasty-court-787/history/stateno-1/blockno-1,
686,dynasty_court,1,1,B,9,1806,58000000,32115,2021-04-14,https://www.28hse.com/en/estate/detail/dynasty-court-787/history/stateno-1/blockno-1,
687,dynasty_court,1,1,B,11,1806,64980000,35980,2026-05-08,https://www.28hse.com/en/estate/detail/dynasty-court-787/history/stateno-1/blockno-1,
688,dynasty_court,1,1,A,14,2141,66800000,31200,2025-09-17,https://www.28hse.com/en/estate/detail/dynasty-court-787/history/stateno-1/blockno-1,
689,dynasty_court,1,1,B,14,1794,43320000,24147,2026-03-05,https://www.28hse.com/en/estate/detail/dynasty-court-787/history/stateno-1/blockno-1,
690,dynasty_court,1,1,B,15,1794,73980000,41237,2021-03-02,https://www.28hse.com/en/estate/detail/dynasty-court-787/history/stateno-1/blockno-1,
691,dynasty_court,1,1,B,17,1794,72080000,40178,2021-01-12,https://www.28hse.com/en/estate/detail/dynasty-court-787/history/stateno-1/blockno-1,
692,dynasty_court,1,1,A,23,2153,83800000,38922,2023-09-12,https://www.28hse.com/en/estate/detail/dynasty-court-787/history/stateno-1/blockno-1,
693,dynasty_court,1,1,B,24,1794,86500000,48216,2022-01-14,https://www.28hse.com/en/estate/detail/dynasty-court-787/history/stateno-1/blockno-1,
694,dynasty_court,1,1,A,25,2141,86000000,40168,2023-06-29,https://www.28hse.com/en/estate/detail/dynasty-court-787/history/stateno-1/blockno-1,
695,dynasty_court,1,1,A,26,2141,95000000,44372,2020-07-17,https://www.28hse.com/en/estate/detail/dynasty-court-787/history/stateno-1/blockno-1,
696,dynasty_court,1,1,A,29,2141,100800000,47081,2020-08-24,https://www.28hse.com/en/estate/detail/dynasty-court-787/history/stateno-1/blockno-1,
697,dynasty_court,1,1,B,29,1794,87000000,48495,2021-05-14,https://www.28hse.com/en/estate/detail/dynasty-court-787/history/stateno-1/blockno-1,
698,dynasty_court,1,1,B,35,1794,71800000,40022,2025-08-18,https://www.28hse.com/en/estate/detail/dynasty-court-787/history/stateno-1/blockno-1,
699,dynasty_court,1,1,B,37,1794,70000000,39019,2018-11-07,https://www.28hse.com/en/estate/detail/dynasty-court-787/history/stateno-1/blockno-1,
700,dynasty_court,1,1,B,38,1806,76300000,42248,2026-07-08,https://www.28hse.com/en/estate/detail/dynasty-court-787/history/stateno-1/blockno-1,
701,dynasty_court,1,2,B,1,1806,58500000,32392,2026-01-29,https://www.28hse.com/en/estate/detail/dynasty-court-787/history/stateno-1/blockno-2,
702,dynasty_court,1,2,A,2,2153,76500000,35532,2025-12-08,https://www.28hse.com/en/estate/detail/dynasty-court-787/history/stateno-1/blockno-2,
703,dynasty_court,1,2,B,2,1806,58500000,32392,2025-08-26,https://www.28hse.com/en/estate/detail/dynasty-court-787/history/stateno-1/blockno-2,
704,dynasty_court,1,2,A,3,2153,77000000,35764,2025-12-04,https://www.28hse.com/en/estate/detail/dynasty-court-787/history/stateno-1/blockno-2,
705,dynasty_court,1,2,B,3,1806,59300000,32835,2025-08-25,https://www.28hse.com/en/estate/detail/dynasty-court-787/history/stateno-1/blockno-2,
706,dynasty_court,1,2,B,4,1806,60500000,33499,2025-11-07,https://www.28hse.com/en/estate/detail/dynasty-court-787/history/stateno-1/blockno-2,
707,dynasty_court,1,2,A,5,2153,79000000,36693,2025-09-26,https://www.28hse.com/en/estate/detail/dynasty-court-787/history/stateno-1/blockno-2,
708,dynasty_court,1,2,B,5,1806,61000000,33776,2025-08-06,https://www.28hse.com/en/estate/detail/dynasty-court-787/history/stateno-1/blockno-2,
709,dynasty_court,1,2,A,6,2153,80500000,37390,2025-09-29,https://www.28hse.com/en/estate/detail/dynasty-court-787/history/stateno-1/blockno-2,
710,dynasty_court,1,2,B,6,1806,62000000,34330,2025-08-08,https://www.28hse.com/en/estate/detail/dynasty-court-787/history/stateno-1/blockno-2,
711,dynasty_court,1,2,A,7,2153,81000000,37622,2025-08-25,https://www.28hse.com/en/estate/detail/dynasty-court-787/history/stateno-1/blockno-2,
712,dynasty_court,1,2,B,7,1806,63000000,34884,2025-07-07,https://www.28hse.com/en/estate/detail/dynasty-court-787/history/stateno-1/blockno-2,
713,dynasty_court,1,2,A,8,2153,82131000,38147,2025-06-12,https://www.28hse.com/en/estate/detail/dynasty-court-787/history/stateno-1/blockno-2,
714,dynasty_court,1,2,B,8,1806,64070000,35476,2025-07-29,https://www.28hse.com/en/estate/detail/dynasty-court-787/history/stateno-1/blockno-2,
715,dynasty_court,1,2,A,9,2153,84477000,39237,2025-06-12,https://www.28hse.com/en/estate/detail/dynasty-court-787/history/stateno-1/blockno-2,
716,dynasty_court,1,2,B,9,1806,65156000,36078,2025-06-10,https://www.28hse.com/en/estate/detail/dynasty-court-787/history/stateno-1/blockno-2,
717,dynasty_court,1,2,B,10,1806,72780000,40299,2026-01-26,https://www.28hse.com/en/estate/detail/dynasty-court-787/history/stateno-1/blockno-2,
718,dynasty_court,1,2,A,11,2153,87000000,40409,2025-07-21,https://www.28hse.com/en/estate/detail/dynasty-court-787/history/stateno-1/blockno-2,
719,dynasty_court,1,2,B,11,1806,68000000,37652,2025-07-16,https://www.28hse.com/en/estate/detail/dynasty-court-787/history/stateno-1/blockno-2,
720,dynasty_court,1,2,A,12,2153,89880000,41746,2025-08-25,https://www.28hse.com/en/estate/detail/dynasty-court-787/history/stateno-1/blockno-2,
721,dynasty_court,1,2,B,12,1806,70000000,38760,2025-09-17,https://www.28hse.com/en/estate/detail/dynasty-court-787/history/stateno-1/blockno-2,
722,dynasty_court,1,2,A,13,2153,92900000,43149,2025-09-04,https://www.28hse.com/en/estate/detail/dynasty-court-787/history/stateno-1/blockno-2,
723,dynasty_court,1,2,B,13,1806,72000000,39867,2025-12-03,https://www.28hse.com/en/estate/detail/dynasty-court-787/history/stateno-1/blockno-2,
724,dynasty_court,1,2,B,14,1794,74000000,41249,2026-01-12,https://www.28hse.com/en/estate/detail/dynasty-court-787/history/stateno-1/blockno-2,
725,dynasty_court,1,2,A,15,2153,97400000,45239,2022-10-06,https://www.28hse.com/en/estate/detail/dynasty-court-787/history/stateno-1/blockno-2,
726,dynasty_court,1,2,B,15,1806,76500000,42359,2026-01-12,https://www.28hse.com/en/estate/detail/dynasty-court-787/history/stateno-1/blockno-2,
727,dynasty_court,1,2,A,16,2141,101800000,47548,2025-07-28,https://www.28hse.com/en/estate/detail/dynasty-court-787/history/stateno-1/blockno-2,
728,dynasty_court,1,2,B,16,1794,78500000,43757,2026-02-16,https://www.28hse.com/en/estate/detail/dynasty-court-787/history/stateno-1/blockno-2,
729,dynasty_court,1,2,B,17,1806,82300000,45570,2026-02-06,https://www.28hse.com/en/estate/detail/dynasty-court-787/history/stateno-1/blockno-2,
730,dynasty_court,1,2,A,18,2141,113473000,53000,2024-05-10,https://www.28hse.com/en/estate/detail/dynasty-court-787/history/stateno-1/blockno-2,
731,dynasty_court,1,2,B,18,1794,81500000,45429,2025-11-26,https://www.28hse.com/en/estate/detail/dynasty-court-787/history/stateno-1/blockno-2,
732,dynasty_court,1,2,A,19,2141,112500000,52546,2026-02-05,https://www.28hse.com/en/estate/detail/dynasty-court-787/history/stateno-1/blockno-2,
733,dynasty_court,1,2,B,19,1794,85000000,47380,2026-02-25,https://www.28hse.com/en/estate/detail/dynasty-court-787/history/stateno-1/blockno-2,
734,dynasty_court,1,2,A,20,2153,116000000,53878,2024-07-30,https://www.28hse.com/en/estate/detail/dynasty-court-787/history/stateno-1/blockno-2,
735,dynasty_court,1,2,B,20,1806,89000000,49280,2026-02-11,https://www.28hse.com/en/estate/detail/dynasty-court-787/history/stateno-1/blockno-2,
736,dynasty_court,1,2,A,21,2141,99900000,46660,2022-10-06,https://www.28hse.com/en/estate/detail/dynasty-court-787/history/stateno-1/blockno-2,
737,dynasty_court,1,2,B,21,1794,87906000,49000,2024-07-10,https://www.28hse.com/en/estate/detail/dynasty-court-787/history/stateno-1/blockno-2,
738,dynasty_court,1,2,A,22,2141,117500000,54881,2023-07-21,https://www.28hse.com/en/estate/detail/dynasty-court-787/history/stateno-1/blockno-2,
739,dynasty_court,1,2,A,23,2153,118180000,54891,2023-07-27,https://www.28hse.com/en/estate/detail/dynasty-court-787/history/stateno-1/blockno-2,
740,dynasty_court,1,2,A,24,2141,118397000,55300,2023-04-11,https://www.28hse.com/en/estate/detail/dynasty-court-787/history/stateno-1/blockno-2,
741,dynasty_court,1,2,B,24,1794,81500000,45429,2020-11-04,https://www.28hse.com/en/estate/detail/dynasty-court-787/history/stateno-1/blockno-2,
742,dynasty_court,1,2,B,25,1794,84200000,46934,2022-10-06,https://www.28hse.com/en/estate/detail/dynasty-court-787/history/stateno-1/blockno-2,
743,dynasty_court,1,2,A,26,2141,119896000,56000,2023-03-29,https://www.28hse.com/en/estate/detail/dynasty-court-787/history/stateno-1/blockno-2,
744,dynasty_court,1,2,B,26,1794,93288000,52000,2024-10-09,https://www.28hse.com/en/estate/detail/dynasty-court-787/history/stateno-1/blockno-2,
745,dynasty_court,1,2,A,27,2153,122500000,56897,2026-02-13,https://www.28hse.com/en/estate/detail/dynasty-court-787/history/stateno-1/blockno-2,
746,dynasty_court,1,2,B,27,1806,85600000,47398,2022-10-06,https://www.28hse.com/en/estate/detail/dynasty-court-787/history/stateno-1/blockno-2,
747,dynasty_court,1,2,A,28,2141,124000000,57917,2026-02-03,https://www.28hse.com/en/estate/detail/dynasty-court-787/history/stateno-1/blockno-2,
748,dynasty_court,1,2,A,29,2141,104100000,48622,2022-10-06,https://www.28hse.com/en/estate/detail/dynasty-court-787/history/stateno-1/blockno-2,
749,dynasty_court,1,2,A,30,2141,101900000,47595,2020-11-04,https://www.28hse.com/en/estate/detail/dynasty-court-787/history/stateno-1/blockno-2,
750,dynasty_court,1,2,B,30,1794,84100000,46878,2020-11-04,https://www.28hse.com/en/estate/detail/dynasty-court-787/history/stateno-1/blockno-2,
751,dynasty_court,1,2,B,31,1806,108000000,59801,2026-03-13,https://www.28hse.com/en/estate/detail/dynasty-court-787/history/stateno-1/blockno-2,
752,dynasty_court,1,2,A,32,2141,105700000,49369,2022-10-06,https://www.28hse.com/en/estate/detail/dynasty-court-787/history/stateno-1/blockno-2,
753,dynasty_court,1,2,A,33,2141,133800000,62494,2025-09-01,https://www.28hse.com/en/estate/detail/dynasty-court-787/history/stateno-1/blockno-2,
754,dynasty_court,1,2,B,33,1794,85400000,47603,2020-11-04,https://www.28hse.com/en/estate/detail/dynasty-court-787/history/stateno-1/blockno-2,
755,dynasty_court,1,2,B,34,1794,88100000,49108,2022-10-06,https://www.28hse.com/en/estate/detail/dynasty-court-787/history/stateno-1/blockno-2,
756,dynasty_court,1,2,B,35,1794,95900000,53456,2021-10-26,https://www.28hse.com/en/estate/detail/dynasty-court-787/history/stateno-1/blockno-2,
757,dynasty_court,1,2,A,36,2153,108500000,50395,2022-01-14,https://www.28hse.com/en/estate/detail/dynasty-court-787/history/stateno-1/blockno-2,
758,dynasty_court,1,2,B,36,1806,89600000,49612,2022-10-06,https://www.28hse.com/en/estate/detail/dynasty-court-787/history/stateno-1/blockno-2,
759,dynasty_court,1,2,A,38,2141,115800000,54087,2021-10-26,https://www.28hse.com/en/estate/detail/dynasty-court-787/history/stateno-1/blockno-2,
760,dynasty_court,1,2,A,39,2141,106700000,49837,2020-11-04,https://www.28hse.com/en/estate/detail/dynasty-court-787/history/stateno-1/blockno-2,
761,dynasty_court,1,2,B,39,1794,88100000,49108,2020-11-04,https://www.28hse.com/en/estate/detail/dynasty-court-787/history/stateno-1/blockno-2,
762,dynasty_court,1,2,A,40,2141,116900000,54601,2021-10-26,https://www.28hse.com/en/estate/detail/dynasty-court-787/history/stateno-1/blockno-2,
763,dynasty_court,1,2,A,41,2141,110700000,51705,2022-10-06,https://www.28hse.com/en/estate/detail/dynasty-court-787/history/stateno-1/blockno-2,
764,dynasty_court,1,2,B,42,1794,91800000,51171,2022-01-14,https://www.28hse.com/en/estate/detail/dynasty-court-787/history/stateno-1/blockno-2,
765,dynasty_court,1,2,A,43,2153,112500000,52253,2022-10-06,https://www.28hse.com/en/estate/detail/dynasty-court-787/history/stateno-1/blockno-2,
766,dynasty_court,1,2,B,43,1806,92900000,51440,2022-10-06,https://www.28hse.com/en/estate/detail/dynasty-court-787/history/stateno-1/blockno-2,
767,dynasty_court,1,2,B,46,4621,246000000,53235,2023-09-26,https://www.28hse.com/en/estate/detail/dynasty-court-787/history/stateno-1/blockno-2,
768,dynasty_court,1,3,A,1,1530,45900000,30000,2025-02-11,https://www.28hse.com/en/estate/detail/dynasty-court-787/history/stateno-1/blockno-3,
769,dynasty_court,1,3,B,1,1522,46000000,30223,2025-11-05,https://www.28hse.com/en/estate/detail/dynasty-court-787/history/stateno-1/blockno-3,
770,dynasty_court,1,3,A,2,1530,46500000,30392,2025-01-03,https://www.28hse.com/en/estate/detail/dynasty-court-787/history/stateno-1/blockno-3,
771,dynasty_court,1,3,B,2,1522,46500000,30552,2025-09-03,https://www.28hse.com/en/estate/detail/dynasty-court-787/history/stateno-1/blockno-3,
772,dynasty_court,1,3,A,3,1530,46900000,30654,2024-07-08,https://www.28hse.com/en/estate/detail/dynasty-court-787/history/stateno-1/blockno-3,
773,dynasty_court,1,3,B,3,1522,46700000,30683,2024-12-18,https://www.28hse.com/en/estate/detail/dynasty-court-787/history/stateno-1/blockno-3,
774,dynasty_court,1,3,A,4,1530,47280000,30902,2024-08-02,https://www.28hse.com/en/estate/detail/dynasty-court-787/history/stateno-1/blockno-3,
775,dynasty_court,1,3,B,4,1522,47100000,30946,2025-08-21,https://www.28hse.com/en/estate/detail/dynasty-court-787/history/stateno-1/blockno-3,
776,dynasty_court,1,3,A,5,1530,48250000,31536,2024-05-10,https://www.28hse.com/en/estate/detail/dynasty-court-787/history/stateno-1/blockno-3,
777,dynasty_court,1,3,B,5,1522,48000000,31537,2025-02-11,https://www.28hse.com/en/estate/detail/dynasty-court-787/history/stateno-1/blockno-3,
778,dynasty_court,1,3,A,6,1530,48700000,31830,2024-11-01,https://www.28hse.com/en/estate/detail/dynasty-court-787/history/stateno-1/blockno-3,
779,dynasty_court,1,3,B,6,1522,48600000,31932,2024-12-30,https://www.28hse.com/en/estate/detail/dynasty-court-787/history/stateno-1/blockno-3,
780,dynasty_court,1,3,A,7,1530,49100000,32092,2024-06-25,https://www.28hse.com/en/estate/detail/dynasty-court-787/history/stateno-1/blockno-3,
781,dynasty_court,1,3,B,7,1522,49100000,32260,2024-05-14,https://www.28hse.com/en/estate/detail/dynasty-court-787/history/stateno-1/blockno-3,
782,dynasty_court,1,3,A,8,1530,49700000,32484,2024-07-02,https://www.28hse.com/en/estate/detail/dynasty-court-787/history/stateno-1/blockno-3,
783,dynasty_court,1,3,B,8,1522,49650000,32622,2025-01-03,https://www.28hse.com/en/estate/detail/dynasty-court-787/history/stateno-1/blockno-3,
784,dynasty_court,1,3,A,9,1530,50300000,32876,2024-10-31,https://www.28hse.com/en/estate/detail/dynasty-court-787/history/stateno-1/blockno-3,
785,dynasty_court,1,3,B,9,1522,50200000,32983,2024-11-27,https://www.28hse.com/en/estate/detail/dynasty-court-787/history/stateno-1/blockno-3,
786,dynasty_court,1,3,A,10,1520,51300000,33750,2024-06-20,https://www.28hse.com/en/estate/detail/dynasty-court-787/history/stateno-1/blockno-3,
787,dynasty_court,1,3,B,10,1513,51200000,33840,2024-06-11,https://www.28hse.com/en/estate/detail/dynasty-court-787/history/stateno-1/blockno-3,
788,dynasty_court,1,3,A,11,1520,51500000,33882,2024-06-14,https://www.28hse.com/en/estate/detail/dynasty-court-787/history/stateno-1/blockno-3,
789,dynasty_court,1,3,B,11,1513,51200000,33840,2024-05-21,https://www.28hse.com/en/estate/detail/dynasty-court-787/history/stateno-1/blockno-3,
790,dynasty_court,1,3,A,12,1530,51300000,33529,2024-05-20,https://www.28hse.com/en/estate/detail/dynasty-court-787/history/stateno-1/blockno-3,
791,dynasty_court,1,3,B,12,1522,51450000,33804,2024-05-30,https://www.28hse.com/en/estate/detail/dynasty-court-787/history/stateno-1/blockno-3,
792,dynasty_court,1,3,A,13,1520,51600000,33947,2024-05-28,https://www.28hse.com/en/estate/detail/dynasty-court-787/history/stateno-1/blockno-3,
793,dynasty_court,1,3,B,13,1513,51800000,34237,2024-08-27,https://www.28hse.com/en/estate/detail/dynasty-court-787/history/stateno-1/blockno-3,
794,dynasty_court,1,3,A,14,1520,52000000,34211,2024-06-26,https://www.28hse.com/en/estate/detail/dynasty-court-787/history/stateno-1/blockno-3,
795,dynasty_court,1,3,B,14,1513,52000000,34369,2024-11-18,https://www.28hse.com/en/estate/detail/dynasty-court-787/history/stateno-1/blockno-3,
796,dynasty_court,1,3,A,15,1530,52150000,34085,2024-05-29,https://www.28hse.com/en/estate/detail/dynasty-court-787/history/stateno-1/blockno-3,
797,dynasty_court,1,3,B,15,1522,52300000,34363,2024-06-20,https://www.28hse.com/en/estate/detail/dynasty-court-787/history/stateno-1/blockno-3,
798,dynasty_court,1,3,A,16,1520,52350000,34441,2024-05-10,https://www.28hse.com/en/estate/detail/dynasty-court-787/history/stateno-1/blockno-3,
799,dynasty_court,1,3,B,16,1513,52050000,34402,2024-05-10,https://www.28hse.com/en/estate/detail/dynasty-court-787/history/stateno-1/blockno-3,
800,dynasty_court,1,3,A,17,1520,52600000,34605,2024-06-24,https://www.28hse.com/en/estate/detail/dynasty-court-787/history/stateno-1/blockno-3,
801,dynasty_court,1,3,B,17,1513,52300000,34567,2024-06-13,https://www.28hse.com/en/estate/detail/dynasty-court-787/history/stateno-1/blockno-3,
802,dynasty_court,1,3,A,18,1520,53100000,34934,2024-05-16,https://www.28hse.com/en/estate/detail/dynasty-court-787/history/stateno-1/blockno-3,
803,dynasty_court,1,3,B,18,1513,52800000,34898,2024-10-23,https://www.28hse.com/en/estate/detail/dynasty-court-787/history/stateno-1/blockno-3,
804,dynasty_court,1,3,A,19,1530,53500000,34967,2024-05-17,https://www.28hse.com/en/estate/detail/dynasty-court-787/history/stateno-1/blockno-3,
805,dynasty_court,1,3,B,19,1522,53000000,34823,2024-05-24,https://www.28hse.com/en/estate/detail/dynasty-court-787/history/stateno-1/blockno-3,
806,dynasty_court,1,3,A,20,1520,53700000,35329,2024-05-21,https://www.28hse.com/en/estate/detail/dynasty-court-787/history/stateno-1/blockno-3,
807,dynasty_court,1,3,B,20,1513,53400000,35294,2024-06-26,https://www.28hse.com/en/estate/detail/dynasty-court-787/history/stateno-1/blockno-3,
808,dynasty_court,1,3,A,21,1520,54000000,35526,2024-05-14,https://www.28hse.com/en/estate/detail/dynasty-court-787/history/stateno-1/blockno-3,
809,dynasty_court,1,3,B,21,1513,53800000,35558,2024-05-21,https://www.28hse.com/en/estate/detail/dynasty-court-787/history/stateno-1/blockno-3,
810,dynasty_court,1,3,A,22,1520,55000000,36184,2024-06-06,https://www.28hse.com/en/estate/detail/dynasty-court-787/history/stateno-1/blockno-3,
811,dynasty_court,1,3,B,22,1513,54180000,35810,2024-11-22,https://www.28hse.com/en/estate/detail/dynasty-court-787/history/stateno-1/blockno-3,
812,dynasty_court,1,3,A,23,1530,55000000,35948,2024-06-14,https://www.28hse.com/en/estate/detail/dynasty-court-787/history/stateno-1/blockno-3,
813,dynasty_court,1,3,A,24,1520,55300000,36382,2024-05-16,https://www.28hse.com/en/estate/detail/dynasty-court-787/history/stateno-1/blockno-3,
814,dynasty_court,1,3,B,24,1513,55100000,36418,2024-12-18,https://www.28hse.com/en/estate/detail/dynasty-court-787/history/stateno-1/blockno-3,
815,dynasty_court,1,3,A,25,1520,55700000,36645,2024-06-07,https://www.28hse.com/en/estate/detail/dynasty-court-787/history/stateno-1/blockno-3,
816,dynasty_court,1,3,B,25,1513,55350000,36583,2024-05-16,https://www.28hse.com/en/estate/detail/dynasty-court-787/history/stateno-1/blockno-3,
817,dynasty_court,1,3,A,26,1520,55800000,36711,2024-05-14,https://www.28hse.com/en/estate/detail/dynasty-court-787/history/stateno-1/blockno-3,
818,dynasty_court,1,3,B,26,1513,55800000,36880,2024-05-10,https://www.28hse.com/en/estate/detail/dynasty-court-787/history/stateno-1/blockno-3,
819,dynasty_court,1,3,A,27,1520,56300000,37039,2024-05-14,https://www.28hse.com/en/estate/detail/dynasty-court-787/history/stateno-1/blockno-3,
820,dynasty_court,1,3,B,27,1513,56000000,37013,2024-05-24,https://www.28hse.com/en/estate/detail/dynasty-court-787/history/stateno-1/blockno-3,
821,dynasty_court,1,3,A,28,1530,58500000,38235,2024-05-06,https://www.28hse.com/en/estate/detail/dynasty-court-787/history/stateno-1/blockno-3,
822,dynasty_court,1,3,B,28,1522,58500000,38436,2024-05-06,https://www.28hse.com/en/estate/detail/dynasty-court-787/history/stateno-1/blockno-3,
823,dynasty_court,1,3,A,29,1520,60000000,39474,2024-05-16,https://www.28hse.com/en/estate/detail/dynasty-court-787/history/stateno-1/blockno-3,
824,dynasty_court,1,3,B,29,1513,60000000,39656,2024-05-16,https://www.28hse.com/en/estate/detail/dynasty-court-787/history/stateno-1/blockno-3,
825,dynasty_court,1,3,A,30,1520,62700000,41250,2024-06-12,https://www.28hse.com/en/estate/detail/dynasty-court-787/history/stateno-1/blockno-3,
826,dynasty_court,1,3,B,30,1513,62300000,41176,2024-06-18,https://www.28hse.com/en/estate/detail/dynasty-court-787/history/stateno-1/blockno-3,
827,dynasty_court,1,3,A,31,1520,65000000,42763,2024-07-10,https://www.28hse.com/en/estate/detail/dynasty-court-787/history/stateno-1/blockno-3,
828,dynasty_court,1,3,B,31,1513,64000000,42300,2024-07-10,https://www.28hse.com/en/estate/detail/dynasty-court-787/history/stateno-1/blockno-3,
829,dynasty_court,1,3,A,32,1520,66000000,43421,2024-06-25,https://www.28hse.com/en/estate/detail/dynasty-court-787/history/stateno-1/blockno-3,
830,dynasty_court,1,3,B,32,1513,65000000,42961,2024-12-23,https://www.28hse.com/en/estate/detail/dynasty-court-787/history/stateno-1/blockno-3,
831,dynasty_court,1,3,A,33,1520,67000000,44079,2026-01-21,https://www.28hse.com/en/estate/detail/dynasty-court-787/history/stateno-1/blockno-3,
832,dynasty_court,1,3,B,33,1513,66000000,43622,2026-01-21,https://www.28hse.com/en/estate/detail/dynasty-court-787/history/stateno-1/blockno-3,
833,dynasty_court,1,3,A,35,1530,69500000,45425,2026-02-13,https://www.28hse.com/en/estate/detail/dynasty-court-787/history/stateno-1/blockno-3,
834,dynasty_court,1,3,B,35,1522,68500000,45007,2026-02-12,https://www.28hse.com/en/estate/detail/dynasty-court-787/history/stateno-1/blockno-3,
835,dynasty_court,1,3,A,38,2287,145220000,63498,2024-07-26,https://www.28hse.com/en/estate/detail/dynasty-court-787/history/stateno-1/blockno-3,
836,dynasty_court,1,3,B,38,2268,144018000,63500,2024-09-09,https://www.28hse.com/en/estate/detail/dynasty-court-787/history/stateno-1/blockno-3,
837,dynasty_court,1,4,B,3,1522,43000000,28252,2025-11-26,https://www.28hse.com/en/estate/detail/dynasty-court-787/history/stateno-1/blockno-4,
838,dynasty_court,1,4,B,6,1522,58000000,38108,2019-04-11,https://www.28hse.com/en/estate/detail/dynasty-court-787/history/stateno-1/blockno-4,
839,dynasty_court,1,4,A,9,1522,55250000,36301,2019-12-02,https://www.28hse.com/en/estate/detail/dynasty-court-787/history/stateno-1/blockno-4,
840,dynasty_court,1,4,B,11,1522,54800000,36005,2020-07-03,https://www.28hse.com/en/estate/detail/dynasty-court-787/history/stateno-1/blockno-4,
841,dynasty_court,1,4,B,12,1522,36800000,24179,2026-01-02,https://www.28hse.com/en/estate/detail/dynasty-court-787/history/stateno-1/blockno-4,
842,dynasty_court,1,4,B,15,1513,60480000,39974,2019-05-23,https://www.28hse.com/en/estate/detail/dynasty-court-787/history/stateno-1/blockno-4,
843,dynasty_court,1,4,B,16,1522,46000000,30223,2024-10-24,https://www.28hse.com/en/estate/detail/dynasty-court-787/history/stateno-1/blockno-4,
844,dynasty_court,1,4,A,18,1513,54000000,35691,2019-01-31,https://www.28hse.com/en/estate/detail/dynasty-court-787/history/stateno-1/blockno-4,
845,dynasty_court,1,4,B,18,1513,43500000,28751,2025-04-07,https://www.28hse.com/en/estate/detail/dynasty-court-787/history/stateno-1/blockno-4,
846,dynasty_court,1,4,A,19,1522,42000000,27595,2025-09-11,https://www.28hse.com/en/estate/detail/dynasty-court-787/history/stateno-1/blockno-4,
847,dynasty_court,1,4,A,20,1513,65800000,43490,2019-07-19,https://www.28hse.com/en/estate/detail/dynasty-court-787/history/stateno-1/blockno-4,
848,dynasty_court,1,4,A,24,1513,62000000,40978,2018-12-04,https://www.28hse.com/en/estate/detail/dynasty-court-787/history/stateno-1/blockno-4,
849,dynasty_court,1,4,A,27,1522,59780000,39277,2020-03-04,https://www.28hse.com/en/estate/detail/dynasty-court-787/history/stateno-1/blockno-4,
850,dynasty_court,1,4,A,29,1513,60000000,39656,2023-06-12,https://www.28hse.com/en/estate/detail/dynasty-court-787/history/stateno-1/blockno-4,
851,dynasty_court,1,4,A,30,1513,45280000,29927,2025-08-22,https://www.28hse.com/en/estate/detail/dynasty-court-787/history/stateno-1/blockno-4,
852,dynasty_court,1,4,A,31,1513,56380000,37264,2023-02-02,https://www.28hse.com/en/estate/detail/dynasty-court-787/history/stateno-1/blockno-4,
853,dynasty_court,1,4,A,32,1522,65800000,43233,2018-06-26,https://www.28hse.com/en/estate/detail/dynasty-court-787/history/stateno-1/blockno-4,
854,dynasty_court,1,4,A,33,1513,56500000,37343,2023-07-06,https://www.28hse.com/en/estate/detail/dynasty-court-787/history/stateno-1/blockno-4,
855,dynasty_court,1,4,B,33,1513,65500000,43291,2019-02-20,https://www.28hse.com/en/estate/detail/dynasty-court-787/history/stateno-1/blockno-4,
856,dynasty_court,1,4,B,37,1513,67500000,44613,2021-04-09,https://www.28hse.com/en/estate/detail/dynasty-court-787/history/stateno-1/blockno-4,
857,dynasty_court,1,5,A,8,1522,57000000,37451,2020-07-30,https://www.28hse.com/en/estate/detail/dynasty-court-787/history/stateno-1/blockno-5,
858,dynasty_court,1,5,B,9,1530,42500000,27778,2026-02-04,https://www.28hse.com/en/estate/detail/dynasty-court-787/history/stateno-1/blockno-5,
859,dynasty_court,1,5,A,10,1522,43800000,28778,2025-01-21,https://www.28hse.com/en/estate/detail/dynasty-court-787/history/stateno-1/blockno-5,
860,dynasty_court,1,5,B,11,1530,63500000,41503,2019-11-26,https://www.28hse.com/en/estate/detail/dynasty-court-787/history/stateno-1/blockno-5,
861,dynasty_court,1,5,A,16,1522,55000000,36137,2018-02-05,https://www.28hse.com/en/estate/detail/dynasty-court-787/history/stateno-1/blockno-5,
862,dynasty_court,1,5,A,18,1513,52000000,34369,2026-03-10,https://www.28hse.com/en/estate/detail/dynasty-court-787/history/stateno-1/blockno-5,
863,dynasty_court,1,5,B,28,1520,55400000,36447,2023-03-02,https://www.28hse.com/en/estate/detail/dynasty-court-787/history/stateno-1/blockno-5,
864,dynasty_court,1,5,A,29,1513,60000000,39656,2023-07-11,https://www.28hse.com/en/estate/detail/dynasty-court-787/history/stateno-1/blockno-5,
865,dynasty_court,1,5,A,31,1522,43800000,28778,2025-08-08,https://www.28hse.com/en/estate/detail/dynasty-court-787/history/stateno-1/blockno-5,
866,dynasty_court,1,5,A,34,1513,51908000,34308,2024-05-10,https://www.28hse.com/en/estate/detail/dynasty-court-787/history/stateno-1/blockno-5,
867,dynasty_court,1,5,B,35,1520,58000000,38158,2024-06-21,https://www.28hse.com/en/estate/detail/dynasty-court-787/history/stateno-1/blockno-5,
868,dynasty_court,1,5,A,37,1513,68000000,44944,2026-06-30,https://www.28hse.com/en/estate/detail/dynasty-court-787/history/stateno-1/blockno-5,
869,dynasty_court,1,5,A,38,1513,55000000,36352,2021-04-12,https://www.28hse.com/en/estate/detail/dynasty-court-787/history/stateno-1/blockno-5,
870,dynasty_court,1,5,B,42,1520,45800000,30132,2025-08-04,https://www.28hse.com/en/estate/detail/dynasty-court-787/history/stateno-1/blockno-5,
871,dynasty_court,1,5,B,43,1530,71000000,46405,2021-10-08,https://www.28hse.com/en/estate/detail/dynasty-court-787/history/stateno-1/blockno-5,
872,dynasty_court,1,5,B,44,1520,49800000,32763,2025-12-18,https://www.28hse.com/en/estate/detail/dynasty-court-787/history/stateno-1/blockno-5,
873,mei_foo_sun_chuen,1,1,C,2,706,5800000,8215,2024-11-28,https://www.28hse.com/en/estate/detail/mei-foo-sun-chuen-2520/history/stateno-1/blockno-1,
874,mei_foo_sun_chuen,1,1,A,3,629,8500000,13514,2018-08-31,https://www.28hse.com/en/estate/detail/mei-foo-sun-chuen-2520/history/stateno-1/blockno-1,
875,mei_foo_sun_chuen,1,1,A,4,629,6600000,10493,2026-03-31,https://www.28hse.com/en/estate/detail/mei-foo-sun-chuen-2520/history/stateno-1/blockno-1,
876,mei_foo_sun_chuen,1,1,B,4,827,11000000,13301,2018-04-17,https://www.28hse.com/en/estate/detail/mei-foo-sun-chuen-2520/history/stateno-1/blockno-1,
877,mei_foo_sun_chuen,1,1,C,5,739,2500000,3383,2024-12-03,https://www.28hse.com/en/estate/detail/mei-foo-sun-chuen-2520/history/stateno-1/blockno-1,
878,mei_foo_sun_chuen,1,1,C,6,706,8950000,12677,2021-04-27,https://www.28hse.com/en/estate/detail/mei-foo-sun-chuen-2520/history/stateno-1/blockno-1,
879,mei_foo_sun_chuen,1,1,A,7,629,7780000,12369,2023-05-15,https://www.28hse.com/en/estate/detail/mei-foo-sun-chuen-2520/history/stateno-1/blockno-1,
880,mei_foo_sun_chuen,1,1,C,10,706,9450000,13385,2021-12-14,https://www.28hse.com/en/estate/detail/mei-foo-sun-chuen-2520/history/stateno-1/blockno-1,
881,mei_foo_sun_chuen,1,1,B,12,827,7000000,8464,2025-01-10,https://www.28hse.com/en/estate/detail/mei-foo-sun-chuen-2520/history/stateno-1/blockno-1,
882,mei_foo_sun_chuen,1,1,C,12,706,7600000,10765,2026-04-20,https://www.28hse.com/en/estate/detail/mei-foo-sun-chuen-2520/history/stateno-1/blockno-1,
883,mei_foo_sun_chuen,1,1,B,13,827,9200000,11125,2026-02-13,https://www.28hse.com/en/estate/detail/mei-foo-sun-chuen-2520/history/stateno-1/blockno-1,
884,mei_foo_sun_chuen,1,1,C,13,706,9580000,13569,2019-11-27,https://www.28hse.com/en/estate/detail/mei-foo-sun-chuen-2520/history/stateno-1/blockno-1,
885,mei_foo_sun_chuen,1,1,C,14,706,8580000,12153,2022-08-22,https://www.28hse.com/en/estate/detail/mei-foo-sun-chuen-2520/history/stateno-1/blockno-1,
886,mei_foo_sun_chuen,1,1,C,15,706,8000000,11331,2018-12-10,https://www.28hse.com/en/estate/detail/mei-foo-sun-chuen-2520/history/stateno-1/blockno-1,
887,mei_foo_sun_chuen,1,1,B,18,827,9100000,11004,2023-02-03,https://www.28hse.com/en/estate/detail/mei-foo-sun-chuen-2520/history/stateno-1/blockno-1,
888,mei_foo_sun_chuen,1,2,A,1,885,8200000,9266,2024-05-09,https://www.28hse.com/en/estate/detail/mei-foo-sun-chuen-2520/history/stateno-1/blockno-2,
889,mei_foo_sun_chuen,1,2,D,1,885,10000000,11299,2020-11-17,https://www.28hse.com/en/estate/detail/mei-foo-sun-chuen-2520/history/stateno-1/blockno-2,
890,mei_foo_sun_chuen,1,2,A,2,885,11780000,13311,2019-05-21,https://www.28hse.com/en/estate/detail/mei-foo-sun-chuen-2520/history/stateno-1/blockno-2,
891,mei_foo_sun_chuen,1,2,A,3,885,7460000,8429,2024-05-06,https://www.28hse.com/en/estate/detail/mei-foo-sun-chuen-2520/history/stateno-1/blockno-2,
892,mei_foo_sun_chuen,1,2,C,5,856,6780000,7921,2024-11-19,https://www.28hse.com/en/estate/detail/mei-foo-sun-chuen-2520/history/stateno-1/blockno-2,
893,mei_foo_sun_chuen,1,2,D,5,885,12700000,14350,2019-05-06,https://www.28hse.com/en/estate/detail/mei-foo-sun-chuen-2520/history/stateno-1/blockno-2,
894,mei_foo_sun_chuen,1,2,A,6,885,10228000,11557,2022-08-26,https://www.28hse.com/en/estate/detail/mei-foo-sun-chuen-2520/history/stateno-1/blockno-2,
895,mei_foo_sun_chuen,1,2,D,7,885,9520000,10757,2026-08-19,https://www.28hse.com/en/estate/detail/mei-foo-sun-chuen-2520/history/stateno-1/blockno-2,
896,mei_foo_sun_chuen,1,2,D,8,885,9800000,11073,2022-09-16,https://www.28hse.com/en/estate/detail/mei-foo-sun-chuen-2520/history/stateno-1/blockno-2,
897,mei_foo_sun_chuen,1,2,B,10,856,8800000,10280,2024-02-07,https://www.28hse.com/en/estate/detail/mei-foo-sun-chuen-2520/history/stateno-1/blockno-2,
898,mei_foo_sun_chuen,1,2,B,11,856,12000000,14019,2021-09-09,https://www.28hse.com/en/estate/detail/mei-foo-sun-chuen-2520/history/stateno-1/blockno-2,
899,mei_foo_sun_chuen,1,2,A,12,885,12688000,14337,2022-03-30,https://www.28hse.com/en/estate/detail/mei-foo-sun-chuen-2520/history/stateno-1/blockno-2,
900,mei_foo_sun_chuen,1,2,C,15,856,11500000,13435,2021-04-13,https://www.28hse.com/en/estate/detail/mei-foo-sun-chuen-2520/history/stateno-1/blockno-2,
901,mei_foo_sun_chuen,1,2,A,19,885,9980000,11277,2026-04-13,https://www.28hse.com/en/estate/detail/mei-foo-sun-chuen-2520/history/stateno-1/blockno-2,
902,mei_foo_sun_chuen,1,2,A,20,859,8580000,9988,2026-06-03,https://www.28hse.com/en/estate/detail/mei-foo-sun-chuen-2520/history/stateno-1/blockno-2,
903,mei_foo_sun_chuen,1,2,C,20,826,3000000,3632,2023-05-29,https://www.28hse.com/en/estate/detail/mei-foo-sun-chuen-2520/history/stateno-1/blockno-2,
904,mei_foo_sun_chuen,2,28,A,5,630,5650000,8968,2023-11-20,https://www.28hse.com/en/estate/detail/mei-foo-sun-chuen-2520/history/stateno-2/blockno-28,
905,mei_foo_sun_chuen,2,28,C,6,637,5300000,8320,2024-09-10,https://www.28hse.com/en/estate/detail/mei-foo-sun-chuen-2520/history/stateno-2/blockno-28,
906,mei_foo_sun_chuen,2,28,D,6,685,5220000,7620,2025-06-10,https://www.28hse.com/en/estate/detail/mei-foo-sun-chuen-2520/history/stateno-2/blockno-28,
907,mei_foo_sun_chuen,2,28,C,7,637,8130000,12763,2020-02-14,https://www.28hse.com/en/estate/detail/mei-foo-sun-chuen-2520/history/stateno-2/blockno-28,
908,mei_foo_sun_chuen,2,28,A,8,630,7950000,12619,2020-03-05,https://www.28hse.com/en/estate/detail/mei-foo-sun-chuen-2520/history/stateno-2/blockno-28,
909,mei_foo_sun_chuen,2,28,B,8,635,8600000,13543,2020-10-30,https://www.28hse.com/en/estate/detail/mei-foo-sun-chuen-2520/history/stateno-2/blockno-28,
910,mei_foo_sun_chuen,2,28,C,9,637,5800000,9105,2023-11-14,https://www.28hse.com/en/estate/detail/mei-foo-sun-chuen-2520/history/stateno-2/blockno-28,
911,mei_foo_sun_chuen,2,28,B,11,635,8638000,13603,2021-08-04,https://www.28hse.com/en/estate/detail/mei-foo-sun-chuen-2520/history/stateno-2/blockno-28,
912,mei_foo_sun_chuen,2,28,D,12,685,7620000,11124,2026-08-24,https://www.28hse.com/en/estate/detail/mei-foo-sun-chuen-2520/history/stateno-2/blockno-28,
913,mei_foo_sun_chuen,2,28,A,13,630,6770000,10746,2023-02-21,https://www.28hse.com/en/estate/detail/mei-foo-sun-chuen-2520/history/stateno-2/blockno-28,
914,mei_foo_sun_chuen,2,28,C,14,637,8500000,13344,2019-11-27,https://www.28hse.com/en/estate/detail/mei-foo-sun-chuen-2520/history/stateno-2/blockno-28,
915,mei_foo_sun_chuen,2,28,A,15,630,7300000,11587,2022-04-22,https://www.28hse.com/en/estate/detail/mei-foo-sun-chuen-2520/history/stateno-2/blockno-28,
916,mei_foo_sun_chuen,2,28,D,16,685,9100000,13285,2020-07-03,https://www.28hse.com/en/estate/detail/mei-foo-sun-chuen-2520/history/stateno-2/blockno-28,
917,mei_foo_sun_chuen,2,28,A,18,630,7660000,12159,2023-09-04,https://www.28hse.com/en/estate/detail/mei-foo-sun-chuen-2520/history/stateno-2/blockno-28,
918,mei_foo_sun_chuen,2,28,A,19,630,4900000,7778,2025-03-24,https://www.28hse.com/en/estate/detail/mei-foo-sun-chuen-2520/history/stateno-2/blockno-28,
919,mei_foo_sun_chuen,2,29,B,3,626,6100000,9744,2023-09-28,https://www.28hse.com/en/estate/detail/mei-foo-sun-chuen-2520/history/stateno-2/blockno-29,
920,mei_foo_sun_chuen,2,29,A,5,475,2500000,5263,2019-03-12,https://www.28hse.com/en/estate/detail/mei-foo-sun-chuen-2520/history/stateno-2/blockno-29,
921,mei_foo_sun_chuen,2,29,B,5,626,7880000,12588,2021-04-20,https://www.28hse.com/en/estate/detail/mei-foo-sun-chuen-2520/history/stateno-2/blockno-29,
922,mei_foo_sun_chuen,2,29,C,5,620,5400000,8710,2025-07-25,https://www.28hse.com/en/estate/detail/mei-foo-sun-chuen-2520/history/stateno-2/blockno-29,
923,mei_foo_sun_chuen,2,29,C,6,620,8480000,13677,2021-09-10,https://www.28hse.com/en/estate/detail/mei-foo-sun-chuen-2520/history/stateno-2/blockno-29,
924,mei_foo_sun_chuen,2,29,D,6,695,9050000,13022,2019-05-03,https://www.28hse.com/en/estate/detail/mei-foo-sun-chuen-2520/history/stateno-2/blockno-29,
925,mei_foo_sun_chuen,2,29,A,7,475,6800000,14316,2021-06-07,https://www.28hse.com/en/estate/detail/mei-foo-sun-chuen-2520/history/stateno-2/blockno-29,
926,mei_foo_sun_chuen,2,29,A,8,475,5000000,10526,2023-03-03,https://www.28hse.com/en/estate/detail/mei-foo-sun-chuen-2520/history/stateno-2/blockno-29,
927,mei_foo_sun_chuen,2,29,C,8,620,7300000,11774,2022-07-15,https://www.28hse.com/en/estate/detail/mei-foo-sun-chuen-2520/history/stateno-2/blockno-29,
928,mei_foo_sun_chuen,2,29,A,9,475,5210000,10968,2026-02-13,https://www.28hse.com/en/estate/detail/mei-foo-sun-chuen-2520/history/stateno-2/blockno-29,
929,mei_foo_sun_chuen,2,29,B,9,626,7850000,12540,2022-03-18,https://www.28hse.com/en/estate/detail/mei-foo-sun-chuen-2520/history/stateno-2/blockno-29,
930,mei_foo_sun_chuen,2,29,A,10,475,4880000,10274,2023-01-04,https://www.28hse.com/en/estate/detail/mei-foo-sun-chuen-2520/history/stateno-2/blockno-29,
931,mei_foo_sun_chuen,2,29,B,10,626,8250000,13179,2019-09-18,https://www.28hse.com/en/estate/detail/mei-foo-sun-chuen-2520/history/stateno-2/blockno-29,
932,mei_foo_sun_chuen,2,29,C,10,620,7700000,12419,2018-02-22,https://www.28hse.com/en/estate/detail/mei-foo-sun-chuen-2520/history/stateno-2/blockno-29,
933,mei_foo_sun_chuen,2,29,D,10,695,9000000,12950,2021-12-29,https://www.28hse.com/en/estate/detail/mei-foo-sun-chuen-2520/history/stateno-2/blockno-29,
934,mei_foo_sun_chuen,2,29,A,11,475,6460000,13600,2020-07-28,https://www.28hse.com/en/estate/detail/mei-foo-sun-chuen-2520/history/stateno-2/blockno-29,
935,mei_foo_sun_chuen,2,29,B,11,626,7800000,12460,2023-08-10,https://www.28hse.com/en/estate/detail/mei-foo-sun-chuen-2520/history/stateno-2/blockno-29,
936,mei_foo_sun_chuen,2,29,B,12,626,8700000,13898,2018-05-24,https://www.28hse.com/en/estate/detail/mei-foo-sun-chuen-2520/history/stateno-2/blockno-29,
937,mei_foo_sun_chuen,2,29,D,12,695,7500000,10791,2023-02-06,https://www.28hse.com/en/estate/detail/mei-foo-sun-chuen-2520/history/stateno-2/blockno-29,
938,mei_foo_sun_chuen,2,29,C,13,620,7200000,11613,2022-06-30,https://www.28hse.com/en/estate/detail/mei-foo-sun-chuen-2520/history/stateno-2/blockno-29,
939,mei_foo_sun_chuen,2,29,A,15,475,4990000,10505,2026-02-05,https://www.28hse.com/en/estate/detail/mei-foo-sun-chuen-2520/history/stateno-2/blockno-29,
940,mei_foo_sun_chuen,2,29,B,15,626,6880000,10990,2023-03-16,https://www.28hse.com/en/estate/detail/mei-foo-sun-chuen-2520/history/stateno-2/blockno-29,
941,mei_foo_sun_chuen,2,29,A,16,475,4820000,10147,2025-08-12,https://www.28hse.com/en/estate/detail/mei-foo-sun-chuen-2520/history/stateno-2/blockno-29,
942,mei_foo_sun_chuen,2,29,B,16,626,8000000,12780,2021-03-02,https://www.28hse.com/en/estate/detail/mei-foo-sun-chuen-2520/history/stateno-2/blockno-29,
943,mei_foo_sun_chuen,2,29,B,19,626,6000000,9585,2024-05-23,https://www.28hse.com/en/estate/detail/mei-foo-sun-chuen-2520/history/stateno-2/blockno-29,
944,mei_foo_sun_chuen,2,29,A,20,475,5280000,11116,2023-04-06,https://www.28hse.com/en/estate/detail/mei-foo-sun-chuen-2520/history/stateno-2/blockno-29,
945,mei_foo_sun_chuen,3,56,C,3,717,8260000,11520,2022-06-13,https://www.28hse.com/en/estate/detail/mei-foo-sun-chuen-2520/history/stateno-3/blockno-56,
946,mei_foo_sun_chuen,3,56,C,4,717,6450000,8996,2025-05-13,https://www.28hse.com/en/estate/detail/mei-foo-sun-chuen-2520/history/stateno-3/blockno-56,
947,mei_foo_sun_chuen,3,56,D,4,670,5800000,8657,2024-09-09,https://www.28hse.com/en/estate/detail/mei-foo-sun-chuen-2520/history/stateno-3/blockno-56,
948,mei_foo_sun_chuen,3,56,A,5,670,6000000,8955,2024-03-20,https://www.28hse.com/en/estate/detail/mei-foo-sun-chuen-2520/history/stateno-3/blockno-56,
949,mei_foo_sun_chuen,3,56,C,6,717,8820000,12301,2022-05-30,https://www.28hse.com/en/estate/detail/mei-foo-sun-chuen-2520/history/stateno-3/blockno-56,
950,mei_foo_sun_chuen,3,56,A,8,670,6800000,10149,2026-04-01,https://www.28hse.com/en/estate/detail/mei-foo-sun-chuen-2520/history/stateno-3/blockno-56,
951,mei_foo_sun_chuen,3,56,B,8,717,4000000,5579,2019-12-13,https://www.28hse.com/en/estate/detail/mei-foo-sun-chuen-2520/history/stateno-3/blockno-56,
952,mei_foo_sun_chuen,3,56,B,10,717,7250000,10112,2026-01-06,https://www.28hse.com/en/estate/detail/mei-foo-sun-chuen-2520/history/stateno-3/blockno-56,
953,mei_foo_sun_chuen,3,56,B,11,717,8800000,12273,2022-08-04,https://www.28hse.com/en/estate/detail/mei-foo-sun-chuen-2520/history/stateno-3/blockno-56,
954,mei_foo_sun_chuen,3,56,D,11,670,8400000,12537,2018-05-02,https://www.28hse.com/en/estate/detail/mei-foo-sun-chuen-2520/history/stateno-3/blockno-56,
955,mei_foo_sun_chuen,3,56,C,15,717,8100000,11297,2023-03-14,https://www.28hse.com/en/estate/detail/mei-foo-sun-chuen-2520/history/stateno-3/blockno-56,
956,mei_foo_sun_chuen,3,56,B,16,717,8330000,11618,2026-08-10,https://www.28hse.com/en/estate/detail/mei-foo-sun-chuen-2520/history/stateno-3/blockno-56,
957,mei_foo_sun_chuen,3,56,C,16,717,8490000,11841,2019-04-11,https://www.28hse.com/en/estate/detail/mei-foo-sun-chuen-2520/history/stateno-3/blockno-56,
958,mei_foo_sun_chuen,3,56,D,16,670,6365000,9500,2024-09-10,https://www.28hse.com/en/estate/detail/mei-foo-sun-chuen-2520/history/stateno-3/blockno-56,
959,mei_foo_sun_chuen,3,56,A,17,670,8880000,13254,2019-05-24,https://www.28hse.com/en/estate/detail/mei-foo-sun-chuen-2520/history/stateno-3/blockno-56,
960,mei_foo_sun_chuen,3,56,D,17,670,7400000,11045,2026-02-23,https://www.28hse.com/en/estate/detail/mei-foo-sun-chuen-2520/history/stateno-3/blockno-56,
961,mei_foo_sun_chuen,3,56,D,18,670,7100000,10597,2025-05-15,https://www.28hse.com/en/estate/detail/mei-foo-sun-chuen-2520/history/stateno-3/blockno-56,
962,mei_foo_sun_chuen,3,56,A,19,670,9780000,14597,2020-10-06,https://www.28hse.com/en/estate/detail/mei-foo-sun-chuen-2520/history/stateno-3/blockno-56,
963,mei_foo_sun_chuen,3,56,D,19,670,6600000,9851,2025-09-26,https://www.28hse.com/en/estate/detail/mei-foo-sun-chuen-2520/history/stateno-3/blockno-56,
964,mei_foo_sun_chuen,3,56,A,20,663,8300000,12519,2019-04-30,https://www.28hse.com/en/estate/detail/mei-foo-sun-chuen-2520/history/stateno-3/blockno-56,
965,mei_foo_sun_chuen,3,57,D,4,653,9300000,14242,2018-07-31,https://www.28hse.com/en/estate/detail/mei-foo-sun-chuen-2520/history/stateno-3/blockno-57,
966,mei_foo_sun_chuen,3,57,A,5,653,6160000,9433,2025-11-24,https://www.28hse.com/en/estate/detail/mei-foo-sun-chuen-2520/history/stateno-3/blockno-57,
967,mei_foo_sun_chuen,3,57,B,6,509,5300000,10413,2022-11-23,https://www.28hse.com/en/estate/detail/mei-foo-sun-chuen-2520/history/stateno-3/blockno-57,
968,mei_foo_sun_chuen,3,57,A,7,653,6350000,9724,2025-08-14,https://www.28hse.com/en/estate/detail/mei-foo-sun-chuen-2520/history/stateno-3/blockno-57,
969,mei_foo_sun_chuen,3,57,B,7,509,5250000,10314,2025-12-22,https://www.28hse.com/en/estate/detail/mei-foo-sun-chuen-2520/history/stateno-3/blockno-57,
970,mei_foo_sun_chuen,3,57,D,7,653,7800000,11945,2018-04-18,https://www.28hse.com/en/estate/detail/mei-foo-sun-chuen-2520/history/stateno-3/blockno-57,
971,mei_foo_sun_chuen,3,57,A,9,653,6628000,10150,2023-02-16,https://www.28hse.com/en/estate/detail/mei-foo-sun-chuen-2520/history/stateno-3/blockno-57,
972,mei_foo_sun_chuen,3,57,D,9,653,6800000,10413,2023-01-27,https://www.28hse.com/en/estate/detail/mei-foo-sun-chuen-2520/history/stateno-3/blockno-57,
973,mei_foo_sun_chuen,3,57,B,10,509,6000000,11788,2026-08-24,https://www.28hse.com/en/estate/detail/mei-foo-sun-chuen-2520/history/stateno-3/blockno-57,
974,mei_foo_sun_chuen,3,57,C,10,509,7430000,14597,2019-12-06,https://www.28hse.com/en/estate/detail/mei-foo-sun-chuen-2520/history/stateno-3/blockno-57,
975,mei_foo_sun_chuen,3,57,B,11,509,7380000,14499,2021-07-08,https://www.28hse.com/en/estate/detail/mei-foo-sun-chuen-2520/history/stateno-3/blockno-57,
976,mei_foo_sun_chuen,3,57,C,11,509,7300000,14342,2021-10-28,https://www.28hse.com/en/estate/detail/mei-foo-sun-chuen-2520/history/stateno-3/blockno-57,
977,mei_foo_sun_chuen,3,57,D,11,653,8000000,12251,2018-04-30,https://www.28hse.com/en/estate/detail/mei-foo-sun-chuen-2520/history/stateno-3/blockno-57,
978,mei_foo_sun_chuen,3,57,D,13,653,6250000,9571,2025-10-03,https://www.28hse.com/en/estate/detail/mei-foo-sun-chuen-2520/history/stateno-3/blockno-57,
979,mei_foo_sun_chuen,3,57,B,16,509,6138000,12059,2023-02-24,https://www.28hse.com/en/estate/detail/mei-foo-sun-chuen-2520/history/stateno-3/blockno-57,
980,mei_foo_sun_chuen,3,57,C,17,509,6800000,13360,2022-03-29,https://www.28hse.com/en/estate/detail/mei-foo-sun-chuen-2520/history/stateno-3/blockno-57,
981,mei_foo_sun_chuen,3,57,D,18,653,6430000,9847,2024-11-29,https://www.28hse.com/en/estate/detail/mei-foo-sun-chuen-2520/history/stateno-3/blockno-57,
982,mei_foo_sun_chuen,3,57,B,19,509,7580000,14892,2020-12-18,https://www.28hse.com/en/estate/detail/mei-foo-sun-chuen-2520/history/stateno-3/blockno-57,
983,mei_foo_sun_chuen,3,57,C,19,509,5600000,11002,2026-03-11,https://www.28hse.com/en/estate/detail/mei-foo-sun-chuen-2520/history/stateno-3/blockno-57,
984,mei_foo_sun_chuen,3,57,D,19,653,7500000,11485,2026-03-02,https://www.28hse.com/en/estate/detail/mei-foo-sun-chuen-2520/history/stateno-3/blockno-57,
985,mei_foo_sun_chuen,3,57,B,20,451,6480000,14368,2021-10-20,https://www.28hse.com/en/estate/detail/mei-foo-sun-chuen-2520/history/stateno-3/blockno-57,
986,mei_foo_sun_chuen,3,57,C,20,451,5300000,11752,2026-09-04,https://www.28hse.com/en/estate/detail/mei-foo-sun-chuen-2520/history/stateno-3/blockno-57,
987,mei_foo_sun_chuen,4,92,A,3,870,9000000,10345,2022-05-17,https://www.28hse.com/en/estate/detail/mei-foo-sun-chuen-2520/history/stateno-4/blockno-92,
988,mei_foo_sun_chuen,4,92,C,3,664,8260000,12440,2020-05-27,https://www.28hse.com/en/estate/detail/mei-foo-sun-chuen-2520/history/stateno-4/blockno-92,
989,mei_foo_sun_chuen,4,92,A,4,870,2900000,3333,2024-03-22,https://www.28hse.com/en/estate/detail/mei-foo-sun-chuen-2520/history/stateno-4/blockno-92,
990,mei_foo_sun_chuen,4,92,A,7,870,7500000,8621,2023-08-04,https://www.28hse.com/en/estate/detail/mei-foo-sun-chuen-2520/history/stateno-4/blockno-92,
991,mei_foo_sun_chuen,4,92,C,7,664,8750000,13178,2020-09-29,https://www.28hse.com/en/estate/detail/mei-foo-sun-chuen-2520/history/stateno-4/blockno-92,
992,mei_foo_sun_chuen,4,92,C,9,664,8080000,12169,2019-04-15,https://www.28hse.com/en/estate/detail/mei-foo-sun-chuen-2520/history/stateno-4/blockno-92,
993,mei_foo_sun_chuen,4,92,C,10,664,5980000,9006,2025-06-26,https://www.28hse.com/en/estate/detail/mei-foo-sun-chuen-2520/history/stateno-4/blockno-92,
994,mei_foo_sun_chuen,4,92,C,11,664,8900000,13404,2021-06-21,https://www.28hse.com/en/estate/detail/mei-foo-sun-chuen-2520/history/stateno-4/blockno-92,
995,mei_foo_sun_chuen,4,92,C,12,664,8800000,13253,2021-08-12,https://www.28hse.com/en/estate/detail/mei-foo-sun-chuen-2520/history/stateno-4/blockno-92,
996,mei_foo_sun_chuen,4,92,A,17,870,13120000,15080,2019-07-02,https://www.28hse.com/en/estate/detail/mei-foo-sun-chuen-2520/history/stateno-4/blockno-92,
997,mei_foo_sun_chuen,4,92,C,17,664,6500000,9789,2024-04-10,https://www.28hse.com/en/estate/detail/mei-foo-sun-chuen-2520/history/stateno-4/blockno-92,
998,mei_foo_sun_chuen,4,93,A,4,670,8040000,12000,2021-12-29,https://www.28hse.com/en/estate/detail/mei-foo-sun-chuen-2520/history/stateno-4/blockno-93,
999,mei_foo_sun_chuen,4,93,A,7,664,6180000,9307,2023-12-15,https://www.28hse.com/en/estate/detail/mei-foo-sun-chuen-2520/history/stateno-4/blockno-93,
1000,mei_foo_sun_chuen,4,93,C,11,870,8000000,9195,2019-07-29,https://www.28hse.com/en/estate/detail/mei-foo-sun-chuen-2520/history/stateno-4/blockno-93,
1001,mei_foo_sun_chuen,4,93,A,12,664,8600000,12952,2022-01-17,https://www.28hse.com/en/estate/detail/mei-foo-sun-chuen-2520/history/stateno-4/blockno-93,
1002,mei_foo_sun_chuen,4,93,A,15,664,6450000,9714,2025-09-18,https://www.28hse.com/en/estate/detail/mei-foo-sun-chuen-2520/history/stateno-4/blockno-93,
1003,mei_foo_sun_chuen,4,93,C,16,870,13980000,16069,2019-08-08,https://www.28hse.com/en/estate/detail/mei-foo-sun-chuen-2520/history/stateno-4/blockno-93,
1004,mei_foo_sun_chuen,4,93,A,17,664,9000000,13554,2018-09-03,https://www.28hse.com/en/estate/detail/mei-foo-sun-chuen-2520/history/stateno-4/blockno-93,
1005,mei_foo_sun_chuen,4,93,A,18,664,8000000,12048,2018-06-04,https://www.28hse.com/en/estate/detail/mei-foo-sun-chuen-2520/history/stateno-4/blockno-93,
1006,mei_foo_sun_chuen,4,93,B,19,942,9300000,9873,2026-08-17,https://www.28hse.com/en/estate/detail/mei-foo-sun-chuen-2520/history/stateno-4/blockno-93,
1007,mei_foo_sun_chuen,5,116,B,4,509,5550000,10904,2023-10-24,https://www.28hse.com/en/estate/detail/mei-foo-sun-chuen-2520/history/stateno-5/blockno-116,
1008,mei_foo_sun_chuen,5,116,C,5,509,7680000,15088,2018-07-17,https://www.28hse.com/en/estate/detail/mei-foo-sun-chuen-2520/history/stateno-5/blockno-116,
1009,mei_foo_sun_chuen,5,116,D,6,703,9950000,14154,2020-06-19,https://www.28hse.com/en/estate/detail/mei-foo-sun-chuen-2520/history/stateno-5/blockno-116,
1010,mei_foo_sun_chuen,5,116,B,7,507,5300000,10454,2024-07-12,https://www.28hse.com/en/estate/detail/mei-foo-sun-chuen-2520/history/stateno-5/blockno-116,
1011,mei_foo_sun_chuen,5,116,A,8,657,9600000,14612,2018-07-23,https://www.28hse.com/en/estate/detail/mei-foo-sun-chuen-2520/history/stateno-5/blockno-116,
1012,mei_foo_sun_chuen,5,116,B,8,509,5250000,10314,2026-01-02,https://www.28hse.com/en/estate/detail/mei-foo-sun-chuen-2520/history/stateno-5/blockno-116,
1013,mei_foo_sun_chuen,5,116,B,10,509,7090000,13929,2022-05-05,https://www.28hse.com/en/estate/detail/mei-foo-sun-chuen-2520/history/stateno-5/blockno-116,
1014,mei_foo_sun_chuen,5,116,D,10,703,7800000,11095,2023-01-11,https://www.28hse.com/en/estate/detail/mei-foo-sun-chuen-2520/history/stateno-5/blockno-116,
1015,mei_foo_sun_chuen,5,116,B,11,509,5580000,10963,2024-11-27,https://www.28hse.com/en/estate/detail/mei-foo-sun-chuen-2520/history/stateno-5/blockno-116,
1016,mei_foo_sun_chuen,5,116,B,13,509,6700000,13163,2022-08-17,https://www.28hse.com/en/estate/detail/mei-foo-sun-chuen-2520/history/stateno-5/blockno-116,
1017,mei_foo_sun_chuen,5,116,D,14,703,7600000,10811,2025-10-24,https://www.28hse.com/en/estate/detail/mei-foo-sun-chuen-2520/history/stateno-5/blockno-116,
1018,mei_foo_sun_chuen,5,116,C,15,509,5100000,10020,2024-03-12,https://www.28hse.com/en/estate/detail/mei-foo-sun-chuen-2520/history/stateno-5/blockno-116,
1019,mei_foo_sun_chuen,5,116,D,15,703,6980000,9929,2023-11-21,https://www.28hse.com/en/estate/detail/mei-foo-sun-chuen-2520/history/stateno-5/blockno-116,
1020,mei_foo_sun_chuen,5,116,A,16,657,8250000,12557,2021-03-22,https://www.28hse.com/en/estate/detail/mei-foo-sun-chuen-2520/history/stateno-5/blockno-116,
1021,mei_foo_sun_chuen,5,116,C,16,509,7900000,15521,2020-12-04,https://www.28hse.com/en/estate/detail/mei-foo-sun-chuen-2520/history/stateno-5/blockno-116,
1022,mei_foo_sun_chuen,5,116,D,16,703,10090000,14353,2020-09-16,https://www.28hse.com/en/estate/detail/mei-foo-sun-chuen-2520/history/stateno-5/blockno-116,
1023,mei_foo_sun_chuen,5,116,A,17,657,8700000,13242,2022-05-11,https://www.28hse.com/en/estate/detail/mei-foo-sun-chuen-2520/history/stateno-5/blockno-116,
1024,mei_foo_sun_chuen,5,116,A,19,657,9900000,15068,2021-10-08,https://www.28hse.com/en/estate/detail/mei-foo-sun-chuen-2520/history/stateno-5/blockno-116,
1025,mei_foo_sun_chuen,5,116,B,19,509,5500000,10806,2024-02-27,https://www.28hse.com/en/estate/detail/mei-foo-sun-chuen-2520/history/stateno-5/blockno-116,
1026,mei_foo_sun_chuen,5,116,D,19,703,10000000,14225,2023-07-20,https://www.28hse.com/en/estate/detail/mei-foo-sun-chuen-2520/history/stateno-5/blockno-116,
1027,mei_foo_sun_chuen,5,116,B,20,437,3880000,8879,2024-02-19,https://www.28hse.com/en/estate/detail/mei-foo-sun-chuen-2520/history/stateno-5/blockno-116,
1028,mei_foo_sun_chuen,5,117,B,1,530,7000000,13208,2019-05-02,https://www.28hse.com/en/estate/detail/mei-foo-sun-chuen-2520/history/stateno-5/blockno-117,
1029,mei_foo_sun_chuen,5,117,A,2,657,7980000,12146,2021-04-20,https://www.28hse.com/en/estate/detail/mei-foo-sun-chuen-2520/history/stateno-5/blockno-117,
1030,mei_foo_sun_chuen,5,117,B,5,509,5050000,9921,2024-12-10,https://www.28hse.com/en/estate/detail/mei-foo-sun-chuen-2520/history/stateno-5/blockno-117,
1031,mei_foo_sun_chuen,5,117,C,5,509,5750000,11297,2025-10-31,https://www.28hse.com/en/estate/detail/mei-foo-sun-chuen-2520/history/stateno-5/blockno-117,
1032,mei_foo_sun_chuen,5,117,D,6,657,8480000,12907,2021-11-29,https://www.28hse.com/en/estate/detail/mei-foo-sun-chuen-2520/history/stateno-5/blockno-117,
1033,mei_foo_sun_chuen,5,117,C,8,509,5220000,10255,2024-05-20,https://www.28hse.com/en/estate/detail/mei-foo-sun-chuen-2520/history/stateno-5/blockno-117,
1034,mei_foo_sun_chuen,5,117,B,9,509,5300000,10413,2025-08-01,https://www.28hse.com/en/estate/detail/mei-foo-sun-chuen-2520/history/stateno-5/blockno-117,
1035,mei_foo_sun_chuen,5,117,B,11,509,5550000,10904,2025-12-05,https://www.28hse.com/en/estate/detail/mei-foo-sun-chuen-2520/history/stateno-5/blockno-117,
1036,mei_foo_sun_chuen,5,117,A,14,703,9960000,14168,2020-05-12,https://www.28hse.com/en/estate/detail/mei-foo-sun-chuen-2520/history/stateno-5/blockno-117,
1037,mei_foo_sun_chuen,5,117,B,14,509,6200000,12181,2023-01-19,https://www.28hse.com/en/estate/detail/mei-foo-sun-chuen-2520/history/stateno-5/blockno-117,
1038,mei_foo_sun_chuen,5,117,C,14,509,5950000,11690,2025-12-18,https://www.28hse.com/en/estate/detail/mei-foo-sun-chuen-2520/history/stateno-5/blockno-117,
1039,mei_foo_sun_chuen,5,117,A,15,703,7050000,10028,2025-08-18,https://www.28hse.com/en/estate/detail/mei-foo-sun-chuen-2520/history/stateno-5/blockno-117,
1040,mei_foo_sun_chuen,5,117,C,16,509,7500000,14735,2020-05-27,https://www.28hse.com/en/estate/detail/mei-foo-sun-chuen-2520/history/stateno-5/blockno-117,
1041,mei_foo_sun_chuen,5,117,C,17,509,5800000,11395,2025-01-08,https://www.28hse.com/en/estate/detail/mei-foo-sun-chuen-2520/history/stateno-5/blockno-117,
1042,mei_foo_sun_chuen,5,117,A,19,703,9800000,13940,2020-06-08,https://www.28hse.com/en/estate/detail/mei-foo-sun-chuen-2520/history/stateno-5/blockno-117,
1043,mei_foo_sun_chuen,5,117,B,20,437,5200000,11899,2023-06-01,https://www.28hse.com/en/estate/detail/mei-foo-sun-chuen-2520/history/stateno-5/blockno-117,
1044,mei_foo_sun_chuen,5,117,C,20,437,4950000,11327,2022-10-10,https://www.28hse.com/en/estate/detail/mei-foo-sun-chuen-2520/history/stateno-5/blockno-117,
1045,mei_foo_sun_chuen,6,139,C,3,666,8900000,13363,2021-07-19,https://www.28hse.com/en/estate/detail/mei-foo-sun-chuen-2520/history/stateno-6/blockno-139,
1046,mei_foo_sun_chuen,6,139,D,3,672,8300000,12351,2019-04-16,https://www.28hse.com/en/estate/detail/mei-foo-sun-chuen-2520/history/stateno-6/blockno-139,
1047,mei_foo_sun_chuen,6,139,A,4,672,8800000,13095,2021-03-24,https://www.28hse.com/en/estate/detail/mei-foo-sun-chuen-2520/history/stateno-6/blockno-139,
1048,mei_foo_sun_chuen,6,139,A,5,672,8650000,12872,2020-01-06,https://www.28hse.com/en/estate/detail/mei-foo-sun-chuen-2520/history/stateno-6/blockno-139,
1049,mei_foo_sun_chuen,6,139,C,5,716,7150000,9986,2026-08-06,https://www.28hse.com/en/estate/detail/mei-foo-sun-chuen-2520/history/stateno-6/blockno-139,
1050,mei_foo_sun_chuen,6,139,B,8,716,9508000,13279,2021-01-11,https://www.28hse.com/en/estate/detail/mei-foo-sun-chuen-2520/history/stateno-6/blockno-139,
1051,mei_foo_sun_chuen,6,139,C,8,716,7000000,9777,2024-01-05,https://www.28hse.com/en/estate/detail/mei-foo-sun-chuen-2520/history/stateno-6/blockno-139,
1052,mei_foo_sun_chuen,6,139,D,8,672,6700000,9970,2026-04-20,https://www.28hse.com/en/estate/detail/mei-foo-sun-chuen-2520/history/stateno-6/blockno-139,
1053,mei_foo_sun_chuen,6,139,B,10,716,9360000,13073,2021-07-27,https://www.28hse.com/en/estate/detail/mei-foo-sun-chuen-2520/history/stateno-6/blockno-139,
1054,mei_foo_sun_chuen,6,139,C,10,716,6280000,8771,2025-03-10,https://www.28hse.com/en/estate/detail/mei-foo-sun-chuen-2520/history/stateno-6/blockno-139,
1055,mei_foo_sun_chuen,6,139,B,13,716,6980000,9749,2025-04-17,https://www.28hse.com/en/estate/detail/mei-foo-sun-chuen-2520/history/stateno-6/blockno-139,
1056,mei_foo_sun_chuen,6,139,D,13,672,7600000,11310,2023-09-21,https://www.28hse.com/en/estate/detail/mei-foo-sun-chuen-2520/history/stateno-6/blockno-139,
1057,mei_foo_sun_chuen,6,139,C,17,716,9900000,13827,2020-08-14,https://www.28hse.com/en/estate/detail/mei-foo-sun-chuen-2520/history/stateno-6/blockno-139,
1058,mei_foo_sun_chuen,6,139,A,18,672,8500000,12649,2022-04-14,https://www.28hse.com/en/estate/detail/mei-foo-sun-chuen-2520/history/stateno-6/blockno-139,
1059,mei_foo_sun_chuen,6,139,B,18,716,9980000,13939,2021-12-16,https://www.28hse.com/en/estate/detail/mei-foo-sun-chuen-2520/history/stateno-6/blockno-139,
1060,mei_foo_sun_chuen,6,139,C,18,716,9380000,13101,2020-03-12,https://www.28hse.com/en/estate/detail/mei-foo-sun-chuen-2520/history/stateno-6/blockno-139,
1061,mei_foo_sun_chuen,6,139,A,19,672,9050000,13467,2022-05-18,https://www.28hse.com/en/estate/detail/mei-foo-sun-chuen-2520/history/stateno-6/blockno-139,
1062,mei_foo_sun_chuen,6,140,C,4,507,7280000,14359,2020-08-14,https://www.28hse.com/en/estate/detail/mei-foo-sun-chuen-2520/history/stateno-6/blockno-140,
1063,mei_foo_sun_chuen,6,140,C,6,507,7968000,15716,2018-07-06,https://www.28hse.com/en/estate/detail/mei-foo-sun-chuen-2520/history/stateno-6/blockno-140,
1064,mei_foo_sun_chuen,6,140,D,6,657,9100000,13851,2021-07-06,https://www.28hse.com/en/estate/detail/mei-foo-sun-chuen-2520/history/stateno-6/blockno-140,
1065,mei_foo_sun_chuen,6,140,D,8,657,9400000,14307,2020-09-08,https://www.28hse.com/en/estate/detail/mei-foo-sun-chuen-2520/history/stateno-6/blockno-140,
1066,mei_foo_sun_chuen,6,140,C,9,507,7800000,15385,2021-06-21,https://www.28hse.com/en/estate/detail/mei-foo-sun-chuen-2520/history/stateno-6/blockno-140,
1067,mei_foo_sun_chuen,6,140,B,10,507,7680000,15148,2021-07-26,https://www.28hse.com/en/estate/detail/mei-foo-sun-chuen-2520/history/stateno-6/blockno-140,
1068,mei_foo_sun_chuen,6,140,C,10,507,7500000,14793,2021-08-09,https://www.28hse.com/en/estate/detail/mei-foo-sun-chuen-2520/history/stateno-6/blockno-140,
1069,mei_foo_sun_chuen,6,140,D,10,657,6330000,9635,2024-09-19,https://www.28hse.com/en/estate/detail/mei-foo-sun-chuen-2520/history/stateno-6/blockno-140,
1070,mei_foo_sun_chuen,6,140,C,11,507,5840000,11519,2025-10-10,https://www.28hse.com/en/estate/detail/mei-foo-sun-chuen-2520/history/stateno-6/blockno-140,
1071,mei_foo_sun_chuen,6,140,C,12,507,6280000,12387,2026-05-22,https://www.28hse.com/en/estate/detail/mei-foo-sun-chuen-2520/history/stateno-6/blockno-140,
1072,mei_foo_sun_chuen,6,140,C,14,507,7350000,14497,2021-01-25,https://www.28hse.com/en/estate/detail/mei-foo-sun-chuen-2520/history/stateno-6/blockno-140,
1073,mei_foo_sun_chuen,6,140,A,15,657,7800000,11872,2025-07-04,https://www.28hse.com/en/estate/detail/mei-foo-sun-chuen-2520/history/stateno-6/blockno-140,
1074,mei_foo_sun_chuen,6,140,A,16,657,7800000,11872,2023-03-10,https://www.28hse.com/en/estate/detail/mei-foo-sun-chuen-2520/history/stateno-6/blockno-140,
1075,mei_foo_sun_chuen,6,140,B,16,507,5500000,10848,2026-01-09,https://www.28hse.com/en/estate/detail/mei-foo-sun-chuen-2520/history/stateno-6/blockno-140,
1076,mei_foo_sun_chuen,6,140,C,16,507,4700000,9270,2023-02-16,https://www.28hse.com/en/estate/detail/mei-foo-sun-chuen-2520/history/stateno-6/blockno-140,
1077,mei_foo_sun_chuen,6,140,C,18,507,7320000,14438,2022-05-19,https://www.28hse.com/en/estate/detail/mei-foo-sun-chuen-2520/history/stateno-6/blockno-140,
1078,mei_foo_sun_chuen,6,140,D,18,657,9140000,13912,2020-02-06,https://www.28hse.com/en/estate/detail/mei-foo-sun-chuen-2520/history/stateno-6/blockno-140,
1079,mei_foo_sun_chuen,6,140,C,19,507,7460000,14714,2021-06-11,https://www.28hse.com/en/estate/detail/mei-foo-sun-chuen-2520/history/stateno-6/blockno-140,
1080,mei_foo_sun_chuen,6,140,A,20,670,6300000,9403,2022-11-01,https://www.28hse.com/en/estate/detail/mei-foo-sun-chuen-2520/history/stateno-6/blockno-140,
1081,mei_foo_sun_chuen,7,164,C,6,640,8700000,13594,2021-04-14,https://www.28hse.com/en/estate/detail/mei-foo-sun-chuen-2520/history/stateno-7/blockno-164,
1082,mei_foo_sun_chuen,7,164,A,7,908,8500000,9361,2024-01-29,https://www.28hse.com/en/estate/detail/mei-foo-sun-chuen-2520/history/stateno-7/blockno-164,
1083,mei_foo_sun_chuen,7,164,C,7,640,7280000,11375,2023-05-04,https://www.28hse.com/en/estate/detail/mei-foo-sun-chuen-2520/history/stateno-7/blockno-164,
1084,mei_foo_sun_chuen,7,164,D,7,906,9080000,10022,2024-04-29,https://www.28hse.com/en/estate/detail/mei-foo-sun-chuen-2520/history/stateno-7/blockno-164,
1085,mei_foo_sun_chuen,7,164,D,10,906,9700000,10706,2026-05-21,https://www.28hse.com/en/estate/detail/mei-foo-sun-chuen-2520/history/stateno-7/blockno-164,
1086,mei_foo_sun_chuen,7,164,A,15,908,1974000,2174,2026-08-27,https://www.28hse.com/en/estate/detail/mei-foo-sun-chuen-2520/history/stateno-7/blockno-164,
1087,mei_foo_sun_chuen,7,164,B,15,640,6300000,9844,2025-12-11,https://www.28hse.com/en/estate/detail/mei-foo-sun-chuen-2520/history/stateno-7/blockno-164,
1088,mei_foo_sun_chuen,7,164,C,15,640,6750000,10547,2025-11-27,https://www.28hse.com/en/estate/detail/mei-foo-sun-chuen-2520/history/stateno-7/blockno-164,
1089,mei_foo_sun_chuen,7,164,D,15,906,1500000,1656,2026-03-11,https://www.28hse.com/en/estate/detail/mei-foo-sun-chuen-2520/history/stateno-7/blockno-164,
1090,mei_foo_sun_chuen,7,164,D,16,906,11120000,12274,2022-08-12,https://www.28hse.com/en/estate/detail/mei-foo-sun-chuen-2520/history/stateno-7/blockno-164,
1091,mei_foo_sun_chuen,7,164,C,17,640,9160000,14313,2018-09-03,https://www.28hse.com/en/estate/detail/mei-foo-sun-chuen-2520/history/stateno-7/blockno-164,
1092,mei_foo_sun_chuen,7,164,D,17,906,12500000,13797,2021-08-27,https://www.28hse.com/en/estate/detail/mei-foo-sun-chuen-2520/history/stateno-7/blockno-164,
1093,mei_foo_sun_chuen,7,164,A,19,908,8680000,9559,2026-04-21,https://www.28hse.com/en/estate/detail/mei-foo-sun-chuen-2520/history/stateno-7/blockno-164,
1094,mei_foo_sun_chuen,7,164,B,19,584,6028000,10322,2026-05-12,https://www.28hse.com/en/estate/detail/mei-foo-sun-chuen-2520/history/stateno-7/blockno-164,
1095,mei_foo_sun_chuen,7,165,C,5,918,12000000,13072,2022-02-04,https://www.28hse.com/en/estate/detail/mei-foo-sun-chuen-2520/history/stateno-7/blockno-165,
1096,mei_foo_sun_chuen,7,165,C,7,918,9300000,10131,2026-06-26,https://www.28hse.com/en/estate/detail/mei-foo-sun-chuen-2520/history/stateno-7/blockno-165,
1097,mei_foo_sun_chuen,7,165,C,11,918,10280000,11198,2026-03-16,https://www.28hse.com/en/estate/detail/mei-foo-sun-chuen-2520/history/stateno-7/blockno-165,
1098,mei_foo_sun_chuen,7,165,A,14,918,13500000,14706,2018-03-26,https://www.28hse.com/en/estate/detail/mei-foo-sun-chuen-2520/history/stateno-7/blockno-165,
1099,mei_foo_sun_chuen,7,165,C,14,918,10000000,10893,2020-12-08,https://www.28hse.com/en/estate/detail/mei-foo-sun-chuen-2520/history/stateno-7/blockno-165,
1100,mei_foo_sun_chuen,7,165,A,15,918,11250000,12255,2024-02-22,https://www.28hse.com/en/estate/detail/mei-foo-sun-chuen-2520/history/stateno-7/blockno-165,
1101,mei_foo_sun_chuen,7,165,C,17,918,9050000,9858,2024-01-31,https://www.28hse.com/en/estate/detail/mei-foo-sun-chuen-2520/history/stateno-7/blockno-165,
1102,mei_foo_sun_chuen,8,176,B,3,648,7800000,12037,2018-11-29,https://www.28hse.com/en/estate/detail/mei-foo-sun-chuen-2520/history/stateno-8/blockno-176,
1103,mei_foo_sun_chuen,8,176,B,4,648,8127000,12542,2022-06-13,https://www.28hse.com/en/estate/detail/mei-foo-sun-chuen-2520/history/stateno-8/blockno-176,
1104,mei_foo_sun_chuen,8,176,D,5,907,13680000,15083,2019-08-16,https://www.28hse.com/en/estate/detail/mei-foo-sun-chuen-2520/history/stateno-8/blockno-176,
1105,mei_foo_sun_chuen,8,176,D,7,907,11800000,13010,2020-03-06,https://www.28hse.com/en/estate/detail/mei-foo-sun-chuen-2520/history/stateno-8/blockno-176,
1106,mei_foo_sun_chuen,8,176,D,8,907,12038000,13272,2022-02-23,https://www.28hse.com/en/estate/detail/mei-foo-sun-chuen-2520/history/stateno-8/blockno-176,
1107,mei_foo_sun_chuen,8,176,D,9,907,12500000,13782,2019-12-18,https://www.28hse.com/en/estate/detail/mei-foo-sun-chuen-2520/history/stateno-8/blockno-176,
1108,mei_foo_sun_chuen,8,176,D,10,907,12380000,13649,2019-05-23,https://www.28hse.com/en/estate/detail/mei-foo-sun-chuen-2520/history/stateno-8/blockno-176,
1109,mei_foo_sun_chuen,8,176,D,11,907,9160000,10099,2024-12-16,https://www.28hse.com/en/estate/detail/mei-foo-sun-chuen-2520/history/stateno-8/blockno-176,
1110,mei_foo_sun_chuen,8,176,A,12,907,11800000,13010,2021-04-14,https://www.28hse.com/en/estate/detail/mei-foo-sun-chuen-2520/history/stateno-8/blockno-176,
1111,mei_foo_sun_chuen,8,176,B,12,644,8180000,12702,2018-02-05,https://www.28hse.com/en/estate/detail/mei-foo-sun-chuen-2520/history/stateno-8/blockno-176,
1112,mei_foo_sun_chuen,8,176,C,12,644,6000000,9317,2022-11-01,https://www.28hse.com/en/estate/detail/mei-foo-sun-chuen-2520/history/stateno-8/blockno-176,
1113,mei_foo_sun_chuen,8,176,D,13,907,10450000,11521,2026-06-11,https://www.28hse.com/en/estate/detail/mei-foo-sun-chuen-2520/history/stateno-8/blockno-176,
1114,mei_foo_sun_chuen,8,176,D,14,907,11500000,12679,2018-08-16,https://www.28hse.com/en/estate/detail/mei-foo-sun-chuen-2520/history/stateno-8/blockno-176,
1115,mei_foo_sun_chuen,8,176,A,16,907,14000000,15436,2018-07-24,https://www.28hse.com/en/estate/detail/mei-foo-sun-chuen-2520/history/stateno-8/blockno-176,
1116,mei_foo_sun_chuen,8,176,B,16,644,6850000,10637,2024-08-12,https://www.28hse.com/en/estate/detail/mei-foo-sun-chuen-2520/history/stateno-8/blockno-176,
1117,mei_foo_sun_chuen,8,176,D,16,907,9565000,10546,2022-10-14,https://www.28hse.com/en/estate/detail/mei-foo-sun-chuen-2520/history/stateno-8/blockno-176,
1118,mei_foo_sun_chuen,8,176,B,20,586,7550000,12884,2021-07-08,https://www.28hse.com/en/estate/detail/mei-foo-sun-chuen-2520/history/stateno-8/blockno-176,
1119,mei_foo_sun_chuen,8,176,D,20,906,7290000,8046,2025-03-28,https://www.28hse.com/en/estate/detail/mei-foo-sun-chuen-2520/history/stateno-8/blockno-176,
1120,mei_foo_sun_chuen,8,177,B,1,633,7020000,11090,2022-06-30,https://www.28hse.com/en/estate/detail/mei-foo-sun-chuen-2520/history/stateno-8/blockno-177,
1121,mei_foo_sun_chuen,8,177,B,3,633,7430000,11738,2018-03-29,https://www.28hse.com/en/estate/detail/mei-foo-sun-chuen-2520/history/stateno-8/blockno-177,
1122,mei_foo_sun_chuen,8,177,A,5,919,11000000,11970,2020-07-03,https://www.28hse.com/en/estate/detail/mei-foo-sun-chuen-2520/history/stateno-8/blockno-177,
1123,mei_foo_sun_chuen,8,177,C,5,919,10000000,10881,2019-02-26,https://www.28hse.com/en/estate/detail/mei-foo-sun-chuen-2520/history/stateno-8/blockno-177,
1124,mei_foo_sun_chuen,8,177,A,6,919,9399000,10227,2024-04-19,https://www.28hse.com/en/estate/detail/mei-foo-sun-chuen-2520/history/stateno-8/blockno-177,
1125,mei_foo_sun_chuen,8,177,C,6,919,10880000,11839,2021-01-29,https://www.28hse.com/en/estate/detail/mei-foo-sun-chuen-2520/history/stateno-8/blockno-177,
1126,mei_foo_sun_chuen,8,177,C,10,919,9000000,9793,2023-09-11,https://www.28hse.com/en/estate/detail/mei-foo-sun-chuen-2520/history/stateno-8/blockno-177,
1127,mei_foo_sun_chuen,8,177,C,20,927,9280000,10011,2026-07-08,https://www.28hse.com/en/estate/detail/mei-foo-sun-chuen-2520/history/stateno-8/blockno-177,
1128,repulse_bay_garden,1,1,,2,2049,50000000,24402,2019-04-16,https://www.28hse.com/en/estate/detail/repulse-bay-garden-201/history/stateno-1/blockno-1,
1129,repulse_bay_garden,1,1,,4,2049,43000000,20986,2021-12-30,https://www.28hse.com/en/estate/detail/repulse-bay-garden-201/history/stateno-1/blockno-1,
1130,repulse_bay_garden,1,1,,7,2049,51800000,25281,2021-09-14,https://www.28hse.com/en/estate/detail/repulse-bay-garden-201/history/stateno-1/blockno-1,
1131,repulse_bay_garden,1,1,,9,2049,60000000,29283,2019-05-08,https://www.28hse.com/en/estate/detail/repulse-bay-garden-201/history/stateno-1/blockno-1,
1132,repulse_bay_garden,1,1,,10,2049,8125000,3965,2025-07-17,https://www.28hse.com/en/estate/detail/repulse-bay-garden-201/history/stateno-1/blockno-1,
1133,repulse_bay_garden,1,1,,11,1873,68880000,36775,2022-03-09,https://www.28hse.com/en/estate/detail/repulse-bay-garden-201/history/stateno-1/blockno-1,
1134,repulse_bay_garden,1,1,,12,2049,53400000,26061,2023-12-15,https://www.28hse.com/en/estate/detail/repulse-bay-garden-201/history/stateno-1/blockno-1,
1135,repulse_bay_garden,1,1,,13,2049,39880000,19463,2025-07-18,https://www.28hse.com/en/estate/detail/repulse-bay-garden-201/history/stateno-1/blockno-1,
1136,repulse_bay_garden,1,1,,15,2049,97690000,47677,2025-05-29,https://www.28hse.com/en/estate/detail/repulse-bay-garden-201/history/stateno-1/blockno-1,
1137,repulse_bay_garden,1,1,,16,1873,65000000,34704,2021-07-22,https://www.28hse.com/en/estate/detail/repulse-bay-garden-201/history/stateno-1/blockno-1,
1138,repulse_bay_garden,1,1,,17,2049,48000000,23426,2026-03-19,https://www.28hse.com/en/estate/detail/repulse-bay-garden-201/history/stateno-1/blockno-1,
1139,repulse_bay_garden,1,1,,18,2049,68000000,33187,2024-06-21,https://www.28hse.com/en/estate/detail/repulse-bay-garden-201/history/stateno-1/blockno-1,
1140,repulse_bay_garden,1,2,,8,2049,64800000,31625,2023-07-26,https://www.28hse.com/en/estate/detail/repulse-bay-garden-201/history/stateno-1/blockno-2,
1141,repulse_bay_garden,1,2,,11,2049,66500000,32455,2018-02-01,https://www.28hse.com/en/estate/detail/repulse-bay-garden-201/history/stateno-1/blockno-2,
1142,repulse_bay_garden,1,2,,14,2049,53380000,26052,2026-02-27,https://www.28hse.com/en/estate/detail/repulse-bay-garden-201/history/stateno-1/blockno-2,
1143,repulse_bay_garden,1,3,,6,2576,81300000,31561,2020-08-07,https://www.28hse.com/en/estate/detail/repulse-bay-garden-201/history/stateno-1/blockno-3,
1144,repulse_bay_garden,1,3,,10,2576,33000000,12811,2026-02-09,https://www.28hse.com/en/estate/detail/repulse-bay-garden-201/history/stateno-1/blockno-3,
1145,repulse_bay_garden,1,3,,16,2576,70000000,27174,2025-03-31,https://www.28hse.com/en/estate/detail/repulse-bay-garden-201/history/stateno-1/blockno-3,
1146,repulse_bay_garden,1,4,,10,2576,92800000,36025,2019-07-30,https://www.28hse.com/en/estate/detail/repulse-bay-garden-201/history/stateno-1/blockno-4,
1147,repulse_bay_garden,1,4,,12,2576,85000000,32997,2018-07-25,https://www.28hse.com/en/estate/detail/repulse-bay-garden-201/history/stateno-1/blockno-4,
1148,repulse_bay_garden,1,4,,14,2576,94800000,36801,2019-05-22,https://www.28hse.com/en/estate/detail/repulse-bay-garden-201/history/stateno-1/blockno-4,
1149,repulse_bay_garden,1,4,,19,2576,97000000,37655,2018-11-23,https://www.28hse.com/en/estate/detail/repulse-bay-garden-201/history/stateno-1/blockno-4,
1150,repulse_bay_garden,1,5,,1,2049,48000000,23426,2020-04-24,https://www.28hse.com/en/estate/detail/repulse-bay-garden-201/history/stateno-1/blockno-5,
1151,repulse_bay_garden,1,5,,4,2049,53000000,25866,2024-07-02,https://www.28hse.com/en/estate/detail/repulse-bay-garden-201/history/stateno-1/blockno-5,
1152,repulse_bay_garden,1,5,,17,2049,62000000,30259,2022-11-16,https://www.28hse.com/en/estate/detail/repulse-bay-garden-201/history/stateno-1/blockno-5,
1153,repulse_bay_garden,1,6,,1,2049,44000000,21474,2026-03-18,https://www.28hse.com/en/estate/detail/repulse-bay-garden-201/history/stateno-1/blockno-6,
1154,repulse_bay_garden,1,6,,3,2049,58000000,28306,2020-06-19,https://www.28hse.com/en/estate/detail/repulse-bay-garden-201/history/stateno-1/blockno-6,
1155,repulse_bay_garden,1,6,,15,2049,61000000,29771,2022-09-23,https://www.28hse.com/en/estate/detail/repulse-bay-garden-201/history/stateno-1/blockno-6,
1156,repulse_bay_garden,1,7,,10,2049,67000000,32699,2020-06-11,https://www.28hse.com/en/estate/detail/repulse-bay-garden-201/history/stateno-1/blockno-7,
1157,repulse_bay_garden,1,7,,16,2049,52500000,25622,2025-12-09,https://www.28hse.com/en/estate/detail/repulse-bay-garden-201/history/stateno-1/blockno-7,
1158,repulse_bay_garden,1,7,,19,2049,18792000,9171,2024-08-20,https://www.28hse.com/en/estate/detail/repulse-bay-garden-201/history/stateno-1/blockno-7,
1159,repulse_bay_garden,1,8,,6,2049,30000000,14641,2020-01-23,https://www.28hse.com/en/estate/detail/repulse-bay-garden-201/history/stateno-1/blockno-8,
1160,repulse_bay_garden,1,8,,14,2049,62500000,30503,2018-07-11,https://www.28hse.com/en/estate/detail/repulse-bay-garden-201/history/stateno-1/blockno-8,
1161,repulse_bay_garden,1,9,,6,2049,60300000,29429,2020-12-10,https://www.28hse.com/en/estate/detail/repulse-bay-garden-201/history/stateno-1/blockno-9,
1162,repulse_bay_garden,1,9,,14,2049,52000000,25378,2025-04-23,https://www.28hse.com/en/estate/detail/repulse-bay-garden-201/history/stateno-1/blockno-9,
1163,repulse_bay_garden,1,10,,14,2049,64500000,31479,2021-07-06,https://www.28hse.com/en/estate/detail/repulse-bay-garden-201/history/stateno-1/blockno-10,
1164,repulse_bay_garden,1,11,,12,1513,53800000,35558,2022-02-25,https://www.28hse.com/en/estate/detail/repulse-bay-garden-201/history/stateno-1/blockno-11,
1165,repulse_bay_garden,1,11,,17,1513,80000000,52875,2023-10-10,https://www.28hse.com/en/estate/detail/repulse-bay-garden-201/history/stateno-1/blockno-11,
1166,repulse_bay_garden,1,11,,19,1513,42800000,28288,2026-04-10,https://www.28hse.com/en/estate/detail/repulse-bay-garden-201/history/stateno-1/blockno-11,
1167,repulse_bay_garden,1,11,,20,1513,55800000,36880,2023-03-28,https://www.28hse.com/en/estate/detail/repulse-bay-garden-201/history/stateno-1/blockno-11,
1168,taikoo_shing,1,18,E,2,580,7600000,13103,2024-03-21,https://www.28hse.com/en/estate/detail/taikoo-shing-1140/history/stateno-1/blockno-18,
1169,taikoo_shing,1,18,G,3,503,8180000,16262,2018-01-11,https://www.28hse.com/en/estate/detail/taikoo-shing-1140/history/stateno-1/blockno-18,
1170,taikoo_shing,1,18,G,4,503,8550000,16998,2023-04-13,https://www.28hse.com/en/estate/detail/taikoo-shing-1140/history/stateno-1/blockno-18,
1171,taikoo_shing,1,18,D,5,580,10850000,18707,2020-09-09,https://www.28hse.com/en/estate/detail/taikoo-shing-1140/history/stateno-1/blockno-18,
1172,taikoo_shing,1,18,F,6,503,6700000,13320,2024-04-22,https://www.28hse.com/en/estate/detail/taikoo-shing-1140/history/stateno-1/blockno-18,
1173,taikoo_shing,1,18,E,7,580,12000000,20690,2018-07-27,https://www.28hse.com/en/estate/detail/taikoo-shing-1140/history/stateno-1/blockno-18,
1174,taikoo_shing,1,18,H,7,580,10680000,18414,2021-05-26,https://www.28hse.com/en/estate/detail/taikoo-shing-1140/history/stateno-1/blockno-18,
1175,taikoo_shing,1,18,B,8,703,13300000,18919,2020-01-03,https://www.28hse.com/en/estate/detail/taikoo-shing-1140/history/stateno-1/blockno-18,
1176,taikoo_shing,1,18,G,8,503,10000000,19881,2021-04-27,https://www.28hse.com/en/estate/detail/taikoo-shing-1140/history/stateno-1/blockno-18,
1177,taikoo_shing,1,18,B,9,703,12800000,18208,2018-01-03,https://www.28hse.com/en/estate/detail/taikoo-shing-1140/history/stateno-1/blockno-18,
1178,taikoo_shing,1,18,D,10,580,11280000,19448,2020-09-29,https://www.28hse.com/en/estate/detail/taikoo-shing-1140/history/stateno-1/blockno-18,
1179,taikoo_shing,1,18,G,10,503,10500000,20875,2021-05-28,https://www.28hse.com/en/estate/detail/taikoo-shing-1140/history/stateno-1/blockno-18,
1180,taikoo_shing,1,18,D,11,580,11200000,19310,2021-11-10,https://www.28hse.com/en/estate/detail/taikoo-shing-1140/history/stateno-1/blockno-18,
1181,taikoo_shing,1,18,F,11,503,7850000,15606,2022-11-15,https://www.28hse.com/en/estate/detail/taikoo-shing-1140/history/stateno-1/blockno-18,
1182,taikoo_shing,1,18,C,12,703,9500000,13514,2023-05-05,https://www.28hse.com/en/estate/detail/taikoo-shing-1140/history/stateno-1/blockno-18,
1183,taikoo_shing,1,18,C,13,703,14100000,20057,2018-06-19,https://www.28hse.com/en/estate/detail/taikoo-shing-1140/history/stateno-1/blockno-18,
1184,taikoo_shing,1,18,D,13,580,12528000,21600,2019-05-24,https://www.28hse.com/en/estate/detail/taikoo-shing-1140/history/stateno-1/blockno-18,
1185,taikoo_shing,1,18,H,13,580,11500000,19828,2018-05-14,https://www.28hse.com/en/estate/detail/taikoo-shing-1140/history/stateno-1/blockno-18,
1186,taikoo_shing,1,18,D,14,580,8000000,13793,2025-04-02,https://www.28hse.com/en/estate/detail/taikoo-shing-1140/history/stateno-1/blockno-18,
1187,taikoo_shing,1,18,A,16,580,8000000,13793,2025-12-19,https://www.28hse.com/en/estate/detail/taikoo-shing-1140/history/stateno-1/blockno-18,
1188,taikoo_shing,1,18,B,16,703,13720000,19516,2021-06-15,https://www.28hse.com/en/estate/detail/taikoo-shing-1140/history/stateno-1/blockno-18,
1189,taikoo_shing,1,18,C,16,703,10500000,14936,2026-02-23,https://www.28hse.com/en/estate/detail/taikoo-shing-1140/history/stateno-1/blockno-18,
1190,taikoo_shing,1,18,E,16,580,9500000,16379,2021-01-15,https://www.28hse.com/en/estate/detail/taikoo-shing-1140/history/stateno-1/blockno-18,
1191,taikoo_shing,1,18,H,16,580,12100000,20862,2019-05-23,https://www.28hse.com/en/estate/detail/taikoo-shing-1140/history/stateno-1/blockno-18,
1192,taikoo_shing,1,18,A,17,580,11750000,20259,2020-10-23,https://www.28hse.com/en/estate/detail/taikoo-shing-1140/history/stateno-1/blockno-18,
1193,taikoo_shing,1,18,B,17,703,9600000,13656,2024-10-02,https://www.28hse.com/en/estate/detail/taikoo-shing-1140/history/stateno-1/blockno-18,
1194,taikoo_shing,1,18,E,17,580,10750000,18534,2019-03-28,https://www.28hse.com/en/estate/detail/taikoo-shing-1140/history/stateno-1/blockno-18,
1195,taikoo_shing,1,18,B,18,703,15300000,21764,2019-07-04,https://www.28hse.com/en/estate/detail/taikoo-shing-1140/history/stateno-1/blockno-18,
1196,taikoo_shing,1,18,B,19,703,13960000,19858,2018-08-06,https://www.28hse.com/en/estate/detail/taikoo-shing-1140/history/stateno-1/blockno-18,
1197,taikoo_shing,1,18,B,20,703,9538000,13568,2025-07-31,https://www.28hse.com/en/estate/detail/taikoo-shing-1140/history/stateno-1/blockno-18,
1198,taikoo_shing,1,18,F,20,503,6980000,13877,2024-09-10,https://www.28hse.com/en/estate/detail/taikoo-shing-1140/history/stateno-1/blockno-18,
1199,taikoo_shing,1,18,F,21,503,4800000,9543,2019-11-29,https://www.28hse.com/en/estate/detail/taikoo-shing-1140/history/stateno-1/blockno-18,
1200,taikoo_shing,1,18,H,21,580,7800000,13448,2025-08-06,https://www.28hse.com/en/estate/detail/taikoo-shing-1140/history/stateno-1/blockno-18,
1201,taikoo_shing,1,18,B,22,703,13700000,19488,2022-01-06,https://www.28hse.com/en/estate/detail/taikoo-shing-1140/history/stateno-1/blockno-18,
1202,taikoo_shing,1,18,F,22,503,9800000,19483,2022-04-20,https://www.28hse.com/en/estate/detail/taikoo-shing-1140/history/stateno-1/blockno-18,
1203,taikoo_shing,1,18,C,23,703,9300000,13229,2025-02-11,https://www.28hse.com/en/estate/detail/taikoo-shing-1140/history/stateno-1/blockno-18,
1204,taikoo_shing,1,18,E,23,580,7400000,12759,2025-05-16,https://www.28hse.com/en/estate/detail/taikoo-shing-1140/history/stateno-1/blockno-18,
1205,taikoo_shing,1,18,H,23,580,10800000,18621,2021-01-07,https://www.28hse.com/en/estate/detail/taikoo-shing-1140/history/stateno-1/blockno-18,
1206,taikoo_shing,1,18,G,24,503,8170000,16243,2025-12-30,https://www.28hse.com/en/estate/detail/taikoo-shing-1140/history/stateno-1/blockno-18,
1207,taikoo_shing,1,18,A,26,580,11700000,20172,2022-07-07,https://www.28hse.com/en/estate/detail/taikoo-shing-1140/history/stateno-1/blockno-18,
1208,taikoo_shing,1,18,A,27,580,11500000,19828,2021-02-08,https://www.28hse.com/en/estate/detail/taikoo-shing-1140/history/stateno-1/blockno-18,
1209,taikoo_shing,1,18,D,27,580,12280000,21172,2018-06-08,https://www.28hse.com/en/estate/detail/taikoo-shing-1140/history/stateno-1/blockno-18,
1210,taikoo_shing,1,18,E,27,580,12280000,21172,2019-08-13,https://www.28hse.com/en/estate/detail/taikoo-shing-1140/history/stateno-1/blockno-18,
1211,taikoo_shing,1,18,H,27,580,9180000,15828,2022-12-16,https://www.28hse.com/en/estate/detail/taikoo-shing-1140/history/stateno-1/blockno-18,
1212,taikoo_shing,1,18,D,28,580,9600000,16552,2026-02-16,https://www.28hse.com/en/estate/detail/taikoo-shing-1140/history/stateno-1/blockno-18,
1213,taikoo_shing,1,18,A,29,580,13500000,23276,2018-06-15,https://www.28hse.com/en/estate/detail/taikoo-shing-1140/history/stateno-1/blockno-18,
1214,taikoo_shing,1,18,C,30,703,13800000,19630,2023-11-09,https://www.28hse.com/en/estate/detail/taikoo-shing-1140/history/stateno-1/blockno-18,
1215,taikoo_shing,1,18,E,30,580,9400000,16207,2024-03-01,https://www.28hse.com/en/estate/detail/taikoo-shing-1140/history/stateno-1/blockno-18,
1216,taikoo_shing,1,31,E,2,577,10000000,17331,2022-03-08,https://www.28hse.com/en/estate/detail/taikoo-shing-1140/history/stateno-1/blockno-31,
1217,taikoo_shing,1,31,C,3,651,9900000,15207,2026-04-30,https://www.28hse.com/en/estate/detail/taikoo-shing-1140/history/stateno-1/blockno-31,
1218,taikoo_shing,1,31,F,3,503,9400000,18688,2019-09-11,https://www.28hse.com/en/estate/detail/taikoo-shing-1140/history/stateno-1/blockno-31,
1219,taikoo_shing,1,31,C,4,701,13800000,19686,2018-09-04,https://www.28hse.com/en/estate/detail/taikoo-shing-1140/history/stateno-1/blockno-31,
1220,taikoo_shing,1,31,G,5,503,7800000,15507,2023-01-20,https://www.28hse.com/en/estate/detail/taikoo-shing-1140/history/stateno-1/blockno-31,
1221,taikoo_shing,1,31,H,5,580,8750000,15086,2026-07-28,https://www.28hse.com/en/estate/detail/taikoo-shing-1140/history/stateno-1/blockno-31,
1222,taikoo_shing,1,31,A,6,580,10000000,17241,2021-08-05,https://www.28hse.com/en/estate/detail/taikoo-shing-1140/history/stateno-1/blockno-31,
1223,taikoo_shing,1,31,E,6,580,10680000,18414,2021-12-13,https://www.28hse.com/en/estate/detail/taikoo-shing-1140/history/stateno-1/blockno-31,
1224,taikoo_shing,1,31,B,7,701,12000000,17118,2020-10-05,https://www.28hse.com/en/estate/detail/taikoo-shing-1140/history/stateno-1/blockno-31,
1225,taikoo_shing,1,31,C,7,701,13680000,19515,2019-12-04,https://www.28hse.com/en/estate/detail/taikoo-shing-1140/history/stateno-1/blockno-31,
1226,taikoo_shing,1,31,F,7,503,7600000,15109,2023-10-26,https://www.28hse.com/en/estate/detail/taikoo-shing-1140/history/stateno-1/blockno-31,
1227,taikoo_shing,1,31,G,7,503,9600000,19085,2019-04-15,https://www.28hse.com/en/estate/detail/taikoo-shing-1140/history/stateno-1/blockno-31,
1228,taikoo_shing,1,31,H,7,580,7380000,12724,2025-05-15,https://www.28hse.com/en/estate/detail/taikoo-shing-1140/history/stateno-1/blockno-31,
1229,taikoo_shing,1,31,C,8,701,13380000,19087,2020-11-17,https://www.28hse.com/en/estate/detail/taikoo-shing-1140/history/stateno-1/blockno-31,
1230,taikoo_shing,1,31,D,8,580,8000000,13793,2023-11-07,https://www.28hse.com/en/estate/detail/taikoo-shing-1140/history/stateno-1/blockno-31,
1231,taikoo_shing,1,31,F,8,503,8730000,17356,2026-08-20,https://www.28hse.com/en/estate/detail/taikoo-shing-1140/history/stateno-1/blockno-31,
1232,taikoo_shing,1,31,H,8,580,9550000,16466,2023-06-20,https://www.28hse.com/en/estate/detail/taikoo-shing-1140/history/stateno-1/blockno-31,
1233,taikoo_shing,1,31,C,9,701,11920000,17004,2023-01-20,https://www.28hse.com/en/estate/detail/taikoo-shing-1140/history/stateno-1/blockno-31,
1234,taikoo_shing,1,31,F,9,503,9200000,18290,2022-05-03,https://www.28hse.com/en/estate/detail/taikoo-shing-1140/history/stateno-1/blockno-31,
1235,taikoo_shing,1,31,C,10,701,9500000,13552,2025-07-25,https://www.28hse.com/en/estate/detail/taikoo-shing-1140/history/stateno-1/blockno-31,
1236,taikoo_shing,1,31,D,11,580,11200000,19310,2021-01-21,https://www.28hse.com/en/estate/detail/taikoo-shing-1140/history/stateno-1/blockno-31,
1237,taikoo_shing,1,31,G,11,503,11000000,21869,2020-08-21,https://www.28hse.com/en/estate/detail/taikoo-shing-1140/history/stateno-1/blockno-31,
1238,taikoo_shing,1,31,B,12,701,11000000,15692,2018-04-23,https://www.28hse.com/en/estate/detail/taikoo-shing-1140/history/stateno-1/blockno-31,
1239,taikoo_shing,1,31,A,13,580,9520000,16414,2026-05-11,https://www.28hse.com/en/estate/detail/taikoo-shing-1140/history/stateno-1/blockno-31,
1240,taikoo_shing,1,31,B,13,701,11800000,16833,2018-12-06,https://www.28hse.com/en/estate/detail/taikoo-shing-1140/history/stateno-1/blockno-31,
1241,taikoo_shing,1,31,F,13,503,9398000,18684,2018-05-17,https://www.28hse.com/en/estate/detail/taikoo-shing-1140/history/stateno-1/blockno-31,
1242,taikoo_shing,1,31,C,14,701,15000000,21398,2018-06-21,https://www.28hse.com/en/estate/detail/taikoo-shing-1140/history/stateno-1/blockno-31,
1243,taikoo_shing,1,31,F,14,503,9980000,19841,2020-11-03,https://www.28hse.com/en/estate/detail/taikoo-shing-1140/history/stateno-1/blockno-31,
1244,taikoo_shing,1,31,C,15,701,4500000,6419,2024-03-14,https://www.28hse.com/en/estate/detail/taikoo-shing-1140/history/stateno-1/blockno-31,
1245,taikoo_shing,1,31,D,16,580,11800000,20345,2021-02-22,https://www.28hse.com/en/estate/detail/taikoo-shing-1140/history/stateno-1/blockno-31,
1246,taikoo_shing,1,31,G,16,503,6850000,13618,2024-06-07,https://www.28hse.com/en/estate/detail/taikoo-shing-1140/history/stateno-1/blockno-31,
1247,taikoo_shing,1,31,A,17,580,8350000,14397,2024-06-14,https://www.28hse.com/en/estate/detail/taikoo-shing-1140/history/stateno-1/blockno-31,
1248,taikoo_shing,1,31,B,17,701,9200000,13124,2024-12-04,https://www.28hse.com/en/estate/detail/taikoo-shing-1140/history/stateno-1/blockno-31,
1249,taikoo_shing,1,31,D,17,580,8000000,13793,2026-06-23,https://www.28hse.com/en/estate/detail/taikoo-shing-1140/history/stateno-1/blockno-31,
1250,taikoo_shing,1,31,F,17,503,9933000,19747,2021-01-19,https://www.28hse.com/en/estate/detail/taikoo-shing-1140/history/stateno-1/blockno-31,
1251,taikoo_shing,1,31,C,18,701,13680000,19515,2021-01-21,https://www.28hse.com/en/estate/detail/taikoo-shing-1140/history/stateno-1/blockno-31,
1252,taikoo_shing,1,31,E,18,580,7950000,13707,2024-03-28,https://www.28hse.com/en/estate/detail/taikoo-shing-1140/history/stateno-1/blockno-31,
1253,taikoo_shing,1,31,E,19,580,10600000,18276,2022-05-05,https://www.28hse.com/en/estate/detail/taikoo-shing-1140/history/stateno-1/blockno-31,
1254,taikoo_shing,1,31,B,20,701,10870000,15506,2026-03-02,https://www.28hse.com/en/estate/detail/taikoo-shing-1140/history/stateno-1/blockno-31,
1255,taikoo_shing,1,31,F,20,503,4500000,8946,2020-01-10,https://www.28hse.com/en/estate/detail/taikoo-shing-1140/history/stateno-1/blockno-31,
1256,taikoo_shing,1,31,B,22,701,13880000,19800,2021-04-13,https://www.28hse.com/en/estate/detail/taikoo-shing-1140/history/stateno-1/blockno-31,
1257,taikoo_shing,1,31,H,22,580,10030000,17293,2018-12-07,https://www.28hse.com/en/estate/detail/taikoo-shing-1140/history/stateno-1/blockno-31,
1258,taikoo_shing,1,31,G,23,503,7400000,14712,2024-04-30,https://www.28hse.com/en/estate/detail/taikoo-shing-1140/history/stateno-1/blockno-31,
1259,taikoo_shing,1,31,H,23,580,6000000,10345,2019-05-16,https://www.28hse.com/en/estate/detail/taikoo-shing-1140/history/stateno-1/blockno-31,
1260,taikoo_shing,1,31,B,24,701,13180000,18802,2020-10-20,https://www.28hse.com/en/estate/detail/taikoo-shing-1140/history/stateno-1/blockno-31,
1261,taikoo_shing,1,31,A,25,580,12000000,20690,2021-05-11,https://www.28hse.com/en/estate/detail/taikoo-shing-1140/history/stateno-1/blockno-31,
1262,taikoo_shing,1,31,E,25,580,7600000,13103,2025-04-14,https://www.28hse.com/en/estate/detail/taikoo-shing-1140/history/stateno-1/blockno-31,
1263,taikoo_shing,1,31,H,25,580,12400000,21379,2018-04-27,https://www.28hse.com/en/estate/detail/taikoo-shing-1140/history/stateno-1/blockno-31,
1264,taikoo_shing,1,31,A,26,580,13100000,22586,2019-06-06,https://www.28hse.com/en/estate/detail/taikoo-shing-1140/history/stateno-1/blockno-31,
1265,taikoo_shing,1,31,C,26,701,9800000,13980,2025-05-13,https://www.28hse.com/en/estate/detail/taikoo-shing-1140/history/stateno-1/blockno-31,
1266,taikoo_shing,1,31,F,26,503,7550000,15010,2025-10-28,https://www.28hse.com/en/estate/detail/taikoo-shing-1140/history/stateno-1/blockno-31,
1267,taikoo_shing,1,31,G,26,503,7300000,14513,2024-09-25,https://www.28hse.com/en/estate/detail/taikoo-shing-1140/history/stateno-1/blockno-31,
1268,taikoo_shing,1,31,E,27,580,11220000,19345,2020-08-13,https://www.28hse.com/en/estate/detail/taikoo-shing-1140/history/stateno-1/blockno-31,
1269,taikoo_shing,1,31,G,28,503,10800000,21471,2021-04-22,https://www.28hse.com/en/estate/detail/taikoo-shing-1140/history/stateno-1/blockno-31,
1270,taikoo_shing,1,31,H,29,580,8500000,14655,2025-09-11,https://www.28hse.com/en/estate/detail/taikoo-shing-1140/history/stateno-1/blockno-31,
1271,taikoo_shing,1,31,E,30,580,8500000,14655,2024-09-10,https://www.28hse.com/en/estate/detail/taikoo-shing-1140/history/stateno-1/blockno-31,
1272,taikoo_shing,2,1,C,3,723,9800000,13555,2022-10-31,https://www.28hse.com/en/estate/detail/taikoo-shing-1140/history/stateno-2/blockno-1,
1273,taikoo_shing,2,1,D,3,702,11000000,15670,2020-03-31,https://www.28hse.com/en/estate/detail/taikoo-shing-1140/history/stateno-2/blockno-1,
1274,taikoo_shing,2,1,F,3,580,10900000,18793,2021-07-15,https://www.28hse.com/en/estate/detail/taikoo-shing-1140/history/stateno-2/blockno-1,
1275,taikoo_shing,2,1,A,4,709,8500000,11989,2025-06-09,https://www.28hse.com/en/estate/detail/taikoo-shing-1140/history/stateno-2/blockno-1,
1276,taikoo_shing,2,1,B,4,723,9100000,12586,2025-06-13,https://www.28hse.com/en/estate/detail/taikoo-shing-1140/history/stateno-2/blockno-1,
1277,taikoo_shing,2,1,C,4,723,9080000,12559,2025-05-13,https://www.28hse.com/en/estate/detail/taikoo-shing-1140/history/stateno-2/blockno-1,
1278,taikoo_shing,2,1,D,4,702,14500000,20655,2021-02-01,https://www.28hse.com/en/estate/detail/taikoo-shing-1140/history/stateno-2/blockno-1,
1279,taikoo_shing,2,1,G,4,580,11600000,20000,2021-06-09,https://www.28hse.com/en/estate/detail/taikoo-shing-1140/history/stateno-2/blockno-1,
1280,taikoo_shing,2,1,D,5,702,11000000,15670,2023-01-06,https://www.28hse.com/en/estate/detail/taikoo-shing-1140/history/stateno-2/blockno-1,
1281,taikoo_shing,2,1,F,5,580,7600000,13103,2025-04-22,https://www.28hse.com/en/estate/detail/taikoo-shing-1140/history/stateno-2/blockno-1,
1282,taikoo_shing,2,1,F,6,580,10700000,18448,2022-04-04,https://www.28hse.com/en/estate/detail/taikoo-shing-1140/history/stateno-2/blockno-1,
1283,taikoo_shing,2,1,G,6,580,11630000,20052,2019-03-01,https://www.28hse.com/en/estate/detail/taikoo-shing-1140/history/stateno-2/blockno-1,
1284,taikoo_shing,2,1,A,8,709,14250000,20099,2018-05-24,https://www.28hse.com/en/estate/detail/taikoo-shing-1140/history/stateno-2/blockno-1,
1285,taikoo_shing,2,1,H,8,709,13680000,19295,2021-04-19,https://www.28hse.com/en/estate/detail/taikoo-shing-1140/history/stateno-2/blockno-1,
1286,taikoo_shing,2,1,B,9,723,9600000,13278,2025-10-09,https://www.28hse.com/en/estate/detail/taikoo-shing-1140/history/stateno-2/blockno-1,
1287,taikoo_shing,2,1,C,9,723,12000000,16598,2018-01-16,https://www.28hse.com/en/estate/detail/taikoo-shing-1140/history/stateno-2/blockno-1,
1288,taikoo_shing,2,1,D,9,702,9550000,13604,2026-01-21,https://www.28hse.com/en/estate/detail/taikoo-shing-1140/history/stateno-2/blockno-1,
1289,taikoo_shing,2,1,E,9,702,9750000,13889,2026-04-17,https://www.28hse.com/en/estate/detail/taikoo-shing-1140/history/stateno-2/blockno-1,
1290,taikoo_shing,2,1,B,10,723,13300000,18396,2023-04-24,https://www.28hse.com/en/estate/detail/taikoo-shing-1140/history/stateno-2/blockno-1,
1291,taikoo_shing,2,1,C,11,723,11000000,15214,2021-03-25,https://www.28hse.com/en/estate/detail/taikoo-shing-1140/history/stateno-2/blockno-1,
1292,taikoo_shing,2,1,F,11,580,11680000,20138,2021-10-20,https://www.28hse.com/en/estate/detail/taikoo-shing-1140/history/stateno-2/blockno-1,
1293,taikoo_shing,2,1,A,12,709,12300000,17348,2026-05-13,https://www.28hse.com/en/estate/detail/taikoo-shing-1140/history/stateno-2/blockno-1,
1294,taikoo_shing,2,1,B,13,723,13800000,19087,2021-06-08,https://www.28hse.com/en/estate/detail/taikoo-shing-1140/history/stateno-2/blockno-1,
1295,taikoo_shing,2,1,C,13,723,1750000,2420,2018-06-14,https://www.28hse.com/en/estate/detail/taikoo-shing-1140/history/stateno-2/blockno-1,
1296,taikoo_shing,2,1,D,13,702,14230000,20271,2020-06-10,https://www.28hse.com/en/estate/detail/taikoo-shing-1140/history/stateno-2/blockno-1,
1297,taikoo_shing,2,1,H,13,709,13780000,19436,2021-05-18,https://www.28hse.com/en/estate/detail/taikoo-shing-1140/history/stateno-2/blockno-1,
1298,taikoo_shing,2,1,F,14,580,12080000,20828,2019-07-31,https://www.28hse.com/en/estate/detail/taikoo-shing-1140/history/stateno-2/blockno-1,
1299,taikoo_shing,2,1,H,14,709,12880000,18166,2023-03-23,https://www.28hse.com/en/estate/detail/taikoo-shing-1140/history/stateno-2/blockno-1,
1300,taikoo_shing,2,1,D,15,702,13130000,18704,2021-01-20,https://www.28hse.com/en/estate/detail/taikoo-shing-1140/history/stateno-2/blockno-1,
1301,taikoo_shing,2,1,G,15,580,9700000,16724,2023-09-29,https://www.28hse.com/en/estate/detail/taikoo-shing-1140/history/stateno-2/blockno-1,
1302,taikoo_shing,2,1,C,16,723,9880000,13665,2025-01-17,https://www.28hse.com/en/estate/detail/taikoo-shing-1140/history/stateno-2/blockno-1,
1303,taikoo_shing,2,1,D,16,702,9750000,13889,2026-01-22,https://www.28hse.com/en/estate/detail/taikoo-shing-1140/history/stateno-2/blockno-1,
1304,taikoo_shing,2,1,B,17,723,11000000,15214,2026-03-27,https://www.28hse.com/en/estate/detail/taikoo-shing-1140/history/stateno-2/blockno-1,
1305,taikoo_shing,2,1,E,17,702,9400000,13390,2026-01-13,https://www.28hse.com/en/estate/detail/taikoo-shing-1140/history/stateno-2/blockno-1,
1306,taikoo_shing,2,1,F,17,580,10800000,18621,2020-02-07,https://www.28hse.com/en/estate/detail/taikoo-shing-1140/history/stateno-2/blockno-1,
1307,taikoo_shing,2,1,G,17,580,7700000,13276,2024-07-31,https://www.28hse.com/en/estate/detail/taikoo-shing-1140/history/stateno-2/blockno-1,
1308,taikoo_shing,2,1,A,18,709,9330000,13159,2024-09-12,https://www.28hse.com/en/estate/detail/taikoo-shing-1140/history/stateno-2/blockno-1,
1309,taikoo_shing,2,1,C,18,723,15000000,20747,2019-03-28,https://www.28hse.com/en/estate/detail/taikoo-shing-1140/history/stateno-2/blockno-1,
1310,taikoo_shing,2,1,F,18,580,10000000,17241,2020-12-29,https://www.28hse.com/en/estate/detail/taikoo-shing-1140/history/stateno-2/blockno-1,
1311,taikoo_shing,2,1,G,18,580,12500000,21552,2022-01-04,https://www.28hse.com/en/estate/detail/taikoo-shing-1140/history/stateno-2/blockno-1,
1312,taikoo_shing,2,1,C,19,723,12660000,17510,2026-05-19,https://www.28hse.com/en/estate/detail/taikoo-shing-1140/history/stateno-2/blockno-1,
1313,taikoo_shing,2,1,F,19,580,11740000,20241,2021-05-25,https://www.28hse.com/en/estate/detail/taikoo-shing-1140/history/stateno-2/blockno-1,
1314,taikoo_shing,2,1,G,19,580,13150000,22672,2018-08-16,https://www.28hse.com/en/estate/detail/taikoo-shing-1140/history/stateno-2/blockno-1,
1315,taikoo_shing,2,1,H,20,709,14480000,20423,2022-05-10,https://www.28hse.com/en/estate/detail/taikoo-shing-1140/history/stateno-2/blockno-1,
1316,taikoo_shing,2,1,A,21,709,10000000,14104,2024-06-12,https://www.28hse.com/en/estate/detail/taikoo-shing-1140/history/stateno-2/blockno-1,
1317,taikoo_shing,2,1,F,21,580,11900000,20517,2020-08-13,https://www.28hse.com/en/estate/detail/taikoo-shing-1140/history/stateno-2/blockno-1,
1318,taikoo_shing,2,1,A,23,709,10100000,14245,2025-07-03,https://www.28hse.com/en/estate/detail/taikoo-shing-1140/history/stateno-2/blockno-1,
1319,taikoo_shing,2,1,A,24,709,12630000,17814,2022-11-23,https://www.28hse.com/en/estate/detail/taikoo-shing-1140/history/stateno-2/blockno-1,
1320,taikoo_shing,2,1,E,24,702,7500000,10684,2022-01-05,https://www.28hse.com/en/estate/detail/taikoo-shing-1140/history/stateno-2/blockno-1,
1321,taikoo_shing,2,1,D,25,702,13180000,18775,2018-12-13,https://www.28hse.com/en/estate/detail/taikoo-shing-1140/history/stateno-2/blockno-1,
1322,taikoo_shing,2,1,G,26,580,8730000,15052,2025-02-05,https://www.28hse.com/en/estate/detail/taikoo-shing-1140/history/stateno-2/blockno-1,
1323,taikoo_shing,2,1,F,27,580,12180000,21000,2019-03-27,https://www.28hse.com/en/estate/detail/taikoo-shing-1140/history/stateno-2/blockno-1,
1324,taikoo_shing,2,1,G,27,580,13800000,23793,2018-09-05,https://www.28hse.com/en/estate/detail/taikoo-shing-1140/history/stateno-2/blockno-1,
1325,taikoo_shing,2,1,H,27,709,13590000,19168,2019-07-02,https://www.28hse.com/en/estate/detail/taikoo-shing-1140/history/stateno-2/blockno-1,
1326,taikoo_shing,2,1,H,28,709,11000000,15515,2022-08-23,https://www.28hse.com/en/estate/detail/taikoo-shing-1140/history/stateno-2/blockno-1,
1327,taikoo_shing,2,7,A,3,658,8100000,12310,2025-10-06,https://www.28hse.com/en/estate/detail/taikoo-shing-1140/history/stateno-2/blockno-7,
1328,taikoo_shing,2,7,G,3,582,8300000,14261,2023-06-09,https://www.28hse.com/en/estate/detail/taikoo-shing-1140/history/stateno-2/blockno-7,
1329,taikoo_shing,2,7,A,5,702,9200000,13105,2024-06-05,https://www.28hse.com/en/estate/detail/taikoo-shing-1140/history/stateno-2/blockno-7,
1330,taikoo_shing,2,7,C,5,582,10080000,17320,2022-08-30,https://www.28hse.com/en/estate/detail/taikoo-shing-1140/history/stateno-2/blockno-7,
1331,taikoo_shing,2,7,B,6,582,12280000,21100,2019-04-24,https://www.28hse.com/en/estate/detail/taikoo-shing-1140/history/stateno-2/blockno-7,
1332,taikoo_shing,2,7,G,6,582,11920000,20481,2020-07-15,https://www.28hse.com/en/estate/detail/taikoo-shing-1140/history/stateno-2/blockno-7,
1333,taikoo_shing,2,7,E,7,702,11980000,17066,2023-05-10,https://www.28hse.com/en/estate/detail/taikoo-shing-1140/history/stateno-2/blockno-7,
1334,taikoo_shing,2,7,H,7,702,13680000,19487,2021-02-25,https://www.28hse.com/en/estate/detail/taikoo-shing-1140/history/stateno-2/blockno-7,
1335,taikoo_shing,2,7,C,8,582,7980000,13711,2024-02-26,https://www.28hse.com/en/estate/detail/taikoo-shing-1140/history/stateno-2/blockno-7,
1336,taikoo_shing,2,7,E,8,702,12080000,17208,2019-03-08,https://www.28hse.com/en/estate/detail/taikoo-shing-1140/history/stateno-2/blockno-7,
1337,taikoo_shing,2,7,H,8,702,14750000,21011,2021-09-15,https://www.28hse.com/en/estate/detail/taikoo-shing-1140/history/stateno-2/blockno-7,
1338,taikoo_shing,2,7,B,9,582,8280000,14227,2024-11-29,https://www.28hse.com/en/estate/detail/taikoo-shing-1140/history/stateno-2/blockno-7,
1339,taikoo_shing,2,7,D,9,702,12800000,18234,2022-08-19,https://www.28hse.com/en/estate/detail/taikoo-shing-1140/history/stateno-2/blockno-7,
1340,taikoo_shing,2,7,G,9,582,10400000,17869,2022-10-03,https://www.28hse.com/en/estate/detail/taikoo-shing-1140/history/stateno-2/blockno-7,
1341,taikoo_shing,2,7,H,9,702,14150000,20157,2021-06-04,https://www.28hse.com/en/estate/detail/taikoo-shing-1140/history/stateno-2/blockno-7,
1342,taikoo_shing,2,7,A,10,702,11500000,16382,2026-04-16,https://www.28hse.com/en/estate/detail/taikoo-shing-1140/history/stateno-2/blockno-7,
1343,taikoo_shing,2,7,B,10,582,10800000,18557,2022-02-10,https://www.28hse.com/en/estate/detail/taikoo-shing-1140/history/stateno-2/blockno-7,
1344,taikoo_shing,2,7,C,10,582,10800000,18557,2022-01-28,https://www.28hse.com/en/estate/detail/taikoo-shing-1140/history/stateno-2/blockno-7,
1345,taikoo_shing,2,7,B,11,582,10150000,17440,2023-02-22,https://www.28hse.com/en/estate/detail/taikoo-shing-1140/history/stateno-2/blockno-7,
1346,taikoo_shing,2,7,C,11,582,10280000,17663,2019-01-25,https://www.28hse.com/en/estate/detail/taikoo-shing-1140/history/stateno-2/blockno-7,
1347,taikoo_shing,2,7,E,11,702,12298000,17519,2020-12-29,https://www.28hse.com/en/estate/detail/taikoo-shing-1140/history/stateno-2/blockno-7,
1348,taikoo_shing,2,7,H,11,702,11400000,16239,2026-04-30,https://www.28hse.com/en/estate/detail/taikoo-shing-1140/history/stateno-2/blockno-7,
1349,taikoo_shing,2,7,B,12,582,8100000,13918,2025-05-29,https://www.28hse.com/en/estate/detail/taikoo-shing-1140/history/stateno-2/blockno-7,
1350,taikoo_shing,2,7,C,12,582,8150000,14003,2024-02-09,https://www.28hse.com/en/estate/detail/taikoo-shing-1140/history/stateno-2/blockno-7,
1351,taikoo_shing,2,7,C,13,582,10800000,18557,2021-10-04,https://www.28hse.com/en/estate/detail/taikoo-shing-1140/history/stateno-2/blockno-7,
1352,taikoo_shing,2,7,G,14,582,9200000,15808,2026-01-16,https://www.28hse.com/en/estate/detail/taikoo-shing-1140/history/stateno-2/blockno-7,
1353,taikoo_shing,2,7,G,15,582,6970000,11976,2025-02-06,https://www.28hse.com/en/estate/detail/taikoo-shing-1140/history/stateno-2/blockno-7,
1354,taikoo_shing,2,7,C,16,582,9800000,16838,2022-02-21,https://www.28hse.com/en/estate/detail/taikoo-shing-1140/history/stateno-2/blockno-7,
1355,taikoo_shing,2,7,D,16,702,13350000,19017,2020-03-31,https://www.28hse.com/en/estate/detail/taikoo-shing-1140/history/stateno-2/blockno-7,
1356,taikoo_shing,2,7,B,17,582,9000000,15464,2026-07-22,https://www.28hse.com/en/estate/detail/taikoo-shing-1140/history/stateno-2/blockno-7,
1357,taikoo_shing,2,7,C,17,582,9150000,15722,2026-05-13,https://www.28hse.com/en/estate/detail/taikoo-shing-1140/history/stateno-2/blockno-7,
1358,taikoo_shing,2,7,C,19,582,8080000,13883,2024-04-16,https://www.28hse.com/en/estate/detail/taikoo-shing-1140/history/stateno-2/blockno-7,
1359,taikoo_shing,2,7,D,22,702,12820000,18262,2022-06-13,https://www.28hse.com/en/estate/detail/taikoo-shing-1140/history/stateno-2/blockno-7,
1360,taikoo_shing,2,7,G,22,582,13150000,22595,2021-12-17,https://www.28hse.com/en/estate/detail/taikoo-shing-1140/history/stateno-2/blockno-7,
1361,taikoo_shing,2,7,H,22,702,13380000,19060,2018-04-09,https://www.28hse.com/en/estate/detail/taikoo-shing-1140/history/stateno-2/blockno-7,
1362,taikoo_shing,2,7,A,23,702,13635000,19423,2020-06-16,https://www.28hse.com/en/estate/detail/taikoo-shing-1140/history/stateno-2/blockno-7,
1363,taikoo_shing,2,7,G,23,582,12000000,20619,2020-07-13,https://www.28hse.com/en/estate/detail/taikoo-shing-1140/history/stateno-2/blockno-7,
1364,taikoo_shing,2,7,A,24,702,8230000,11724,2025-03-14,https://www.28hse.com/en/estate/detail/taikoo-shing-1140/history/stateno-2/blockno-7,
1365,taikoo_shing,2,7,F,25,582,12000000,20619,2020-05-19,https://www.28hse.com/en/estate/detail/taikoo-shing-1140/history/stateno-2/blockno-7,
1366,taikoo_shing,2,7,H,27,702,14680000,20912,2022-05-13,https://www.28hse.com/en/estate/detail/taikoo-shing-1140/history/stateno-2/blockno-7,
1367,taikoo_shing,2,7,A,28,702,15050000,21439,2022-10-17,https://www.28hse.com/en/estate/detail/taikoo-shing-1140/history/stateno-2/blockno-7,
1368,taikoo_shing,3,3,A,3,580,10000000,17241,2020-02-05,https://www.28hse.com/en/estate/detail/taikoo-shing-1140/history/stateno-3/blockno-3,
1369,taikoo_shing,3,3,F,3,695,11500000,16547,2020-07-13,https://www.28hse.com/en/estate/detail/taikoo-shing-1140/history/stateno-3/blockno-3,
1370,taikoo_shing,3,3,G,3,598,7500000,12542,2025-10-27,https://www.28hse.com/en/estate/detail/taikoo-shing-1140/history/stateno-3/blockno-3,
1371,taikoo_shing,3,3,A,4,580,11380000,19621,2018-03-01,https://www.28hse.com/en/estate/detail/taikoo-shing-1140/history/stateno-3/blockno-3,
1372,taikoo_shing,3,3,B,4,707,10380000,14682,2026-01-13,https://www.28hse.com/en/estate/detail/taikoo-shing-1140/history/stateno-3/blockno-3,
1373,taikoo_shing,3,3,D,4,580,8300000,14310,2022-12-29,https://www.28hse.com/en/estate/detail/taikoo-shing-1140/history/stateno-3/blockno-3,
1374,taikoo_shing,3,3,G,4,707,9600000,13579,2025-09-09,https://www.28hse.com/en/estate/detail/taikoo-shing-1140/history/stateno-3/blockno-3,
1375,taikoo_shing,3,3,H,4,580,9500000,16379,2022-10-18,https://www.28hse.com/en/estate/detail/taikoo-shing-1140/history/stateno-3/blockno-3,
1376,taikoo_shing,3,3,F,5,707,13380000,18925,2018-06-14,https://www.28hse.com/en/estate/detail/taikoo-shing-1140/history/stateno-3/blockno-3,
1377,taikoo_shing,3,3,D,6,580,11500000,19828,2021-11-15,https://www.28hse.com/en/estate/detail/taikoo-shing-1140/history/stateno-3/blockno-3,
1378,taikoo_shing,3,3,H,6,580,13150000,22672,2021-09-08,https://www.28hse.com/en/estate/detail/taikoo-shing-1140/history/stateno-3/blockno-3,
1379,taikoo_shing,3,3,B,7,707,14550000,20580,2020-06-03,https://www.28hse.com/en/estate/detail/taikoo-shing-1140/history/stateno-3/blockno-3,
1380,taikoo_shing,3,3,C,7,707,13650000,19307,2020-11-13,https://www.28hse.com/en/estate/detail/taikoo-shing-1140/history/stateno-3/blockno-3,
1381,taikoo_shing,3,3,E,7,580,9480000,16345,2023-01-31,https://www.28hse.com/en/estate/detail/taikoo-shing-1140/history/stateno-3/blockno-3,
1382,taikoo_shing,3,3,A,9,580,11780000,20310,2020-02-26,https://www.28hse.com/en/estate/detail/taikoo-shing-1140/history/stateno-3/blockno-3,
1383,taikoo_shing,3,3,G,9,707,10220000,14455,2024-07-09,https://www.28hse.com/en/estate/detail/taikoo-shing-1140/history/stateno-3/blockno-3,
1384,taikoo_shing,3,3,C,10,707,12168000,17211,2022-09-21,https://www.28hse.com/en/estate/detail/taikoo-shing-1140/history/stateno-3/blockno-3,
1385,taikoo_shing,3,3,F,11,707,14280000,20198,2021-04-07,https://www.28hse.com/en/estate/detail/taikoo-shing-1140/history/stateno-3/blockno-3,
1386,taikoo_shing,3,3,B,13,707,10330000,14611,2024-06-13,https://www.28hse.com/en/estate/detail/taikoo-shing-1140/history/stateno-3/blockno-3,
1387,taikoo_shing,3,3,D,13,580,12800000,22069,2021-07-13,https://www.28hse.com/en/estate/detail/taikoo-shing-1140/history/stateno-3/blockno-3,
1388,taikoo_shing,3,3,E,13,580,11350000,19569,2020-12-14,https://www.28hse.com/en/estate/detail/taikoo-shing-1140/history/stateno-3/blockno-3,
1389,taikoo_shing,3,3,F,13,707,14480000,20481,2018-06-27,https://www.28hse.com/en/estate/detail/taikoo-shing-1140/history/stateno-3/blockno-3,
1390,taikoo_shing,3,3,F,16,707,14330000,20269,2018-05-29,https://www.28hse.com/en/estate/detail/taikoo-shing-1140/history/stateno-3/blockno-3,
1391,taikoo_shing,3,3,G,16,707,14300000,20226,2022-02-22,https://www.28hse.com/en/estate/detail/taikoo-shing-1140/history/stateno-3/blockno-3,
1392,taikoo_shing,3,3,B,17,707,12280000,17369,2022-12-09,https://www.28hse.com/en/estate/detail/taikoo-shing-1140/history/stateno-3/blockno-3,
1393,taikoo_shing,3,3,C,17,707,8880000,12560,2026-03-05,https://www.28hse.com/en/estate/detail/taikoo-shing-1140/history/stateno-3/blockno-3,
1394,taikoo_shing,3,3,E,17,580,11400000,19655,2019-11-19,https://www.28hse.com/en/estate/detail/taikoo-shing-1140/history/stateno-3/blockno-3,
1395,taikoo_shing,3,3,A,18,580,11900000,20517,2022-07-28,https://www.28hse.com/en/estate/detail/taikoo-shing-1140/history/stateno-3/blockno-3,
1396,taikoo_shing,3,3,H,18,580,1560000,2690,2025-04-08,https://www.28hse.com/en/estate/detail/taikoo-shing-1140/history/stateno-3/blockno-3,
1397,taikoo_shing,3,3,E,19,580,11600000,20000,2020-08-12,https://www.28hse.com/en/estate/detail/taikoo-shing-1140/history/stateno-3/blockno-3,
1398,taikoo_shing,3,3,G,19,707,10100000,14286,2025-12-30,https://www.28hse.com/en/estate/detail/taikoo-shing-1140/history/stateno-3/blockno-3,
1399,taikoo_shing,3,3,G,20,707,10600000,14993,2025-01-22,https://www.28hse.com/en/estate/detail/taikoo-shing-1140/history/stateno-3/blockno-3,
1400,taikoo_shing,3,3,A,21,580,11000000,18966,2023-04-13,https://www.28hse.com/en/estate/detail/taikoo-shing-1140/history/stateno-3/blockno-3,
1401,taikoo_shing,3,3,B,22,707,11100000,15700,2020-12-14,https://www.28hse.com/en/estate/detail/taikoo-shing-1140/history/stateno-3/blockno-3,
1402,taikoo_shing,3,3,E,22,580,2800000,4828,2020-10-06,https://www.28hse.com/en/estate/detail/taikoo-shing-1140/history/stateno-3/blockno-3,
1403,taikoo_shing,3,3,A,23,580,8000000,13793,2025-06-17,https://www.28hse.com/en/estate/detail/taikoo-shing-1140/history/stateno-3/blockno-3,
1404,taikoo_shing,3,3,B,23,707,13100000,18529,2023-07-27,https://www.28hse.com/en/estate/detail/taikoo-shing-1140/history/stateno-3/blockno-3,
1405,taikoo_shing,3,3,F,23,707,13500000,19095,2021-02-01,https://www.28hse.com/en/estate/detail/taikoo-shing-1140/history/stateno-3/blockno-3,
1406,taikoo_shing,3,3,G,23,707,13980000,19774,2020-07-27,https://www.28hse.com/en/estate/detail/taikoo-shing-1140/history/stateno-3/blockno-3,
1407,taikoo_shing,3,3,H,23,580,13000000,22414,2019-08-30,https://www.28hse.com/en/estate/detail/taikoo-shing-1140/history/stateno-3/blockno-3,
1408,taikoo_shing,3,3,C,24,707,11850000,16761,2026-01-14,https://www.28hse.com/en/estate/detail/taikoo-shing-1140/history/stateno-3/blockno-3,
1409,taikoo_shing,3,3,D,24,580,9900000,17069,2025-12-15,https://www.28hse.com/en/estate/detail/taikoo-shing-1140/history/stateno-3/blockno-3,
1410,taikoo_shing,3,3,E,25,580,11000000,18966,2022-04-08,https://www.28hse.com/en/estate/detail/taikoo-shing-1140/history/stateno-3/blockno-3,
1411,taikoo_shing,3,3,A,26,580,13000000,22414,2020-06-01,https://www.28hse.com/en/estate/detail/taikoo-shing-1140/history/stateno-3/blockno-3,
1412,taikoo_shing,3,3,E,26,580,12800000,22069,2021-07-02,https://www.28hse.com/en/estate/detail/taikoo-shing-1140/history/stateno-3/blockno-3,
1413,taikoo_shing,3,3,A,27,580,8700000,15000,2024-05-07,https://www.28hse.com/en/estate/detail/taikoo-shing-1140/history/stateno-3/blockno-3,
1414,taikoo_shing,3,3,C,27,707,10680000,15106,2024-11-12,https://www.28hse.com/en/estate/detail/taikoo-shing-1140/history/stateno-3/blockno-3,
1415,taikoo_shing,3,3,A,28,580,14000000,24138,2020-03-31,https://www.28hse.com/en/estate/detail/taikoo-shing-1140/history/stateno-3/blockno-3,
1416,taikoo_shing,3,3,G,28,707,14850000,21004,2026-06-15,https://www.28hse.com/en/estate/detail/taikoo-shing-1140/history/stateno-3/blockno-3,
1417,taikoo_shing,3,3,H,28,580,500000,862,2022-01-12,https://www.28hse.com/en/estate/detail/taikoo-shing-1140/history/stateno-3/blockno-3,
1418,taikoo_shing,3,11,D,3,582,8070000,13866,2023-10-12,https://www.28hse.com/en/estate/detail/taikoo-shing-1140/history/stateno-3/blockno-11,
1419,taikoo_shing,3,11,E,3,582,9900000,17010,2021-02-26,https://www.28hse.com/en/estate/detail/taikoo-shing-1140/history/stateno-3/blockno-11,
1420,taikoo_shing,3,11,D,4,582,9000000,15464,2023-08-21,https://www.28hse.com/en/estate/detail/taikoo-shing-1140/history/stateno-3/blockno-11,
1421,taikoo_shing,3,11,E,4,582,8980000,15430,2023-04-21,https://www.28hse.com/en/estate/detail/taikoo-shing-1140/history/stateno-3/blockno-11,
1422,taikoo_shing,3,11,H,4,582,9431000,16204,2026-05-07,https://www.28hse.com/en/estate/detail/taikoo-shing-1140/history/stateno-3/blockno-11,
1423,taikoo_shing,3,11,A,5,582,11700000,20103,2021-06-01,https://www.28hse.com/en/estate/detail/taikoo-shing-1140/history/stateno-3/blockno-11,
1424,taikoo_shing,3,11,G,5,701,13350000,19044,2021-09-01,https://www.28hse.com/en/estate/detail/taikoo-shing-1140/history/stateno-3/blockno-11,
1425,taikoo_shing,3,11,B,7,701,10150000,14479,2024-01-02,https://www.28hse.com/en/estate/detail/taikoo-shing-1140/history/stateno-3/blockno-11,
1426,taikoo_shing,3,11,D,7,582,11800000,20275,2020-06-24,https://www.28hse.com/en/estate/detail/taikoo-shing-1140/history/stateno-3/blockno-11,
1427,taikoo_shing,3,11,D,8,582,10000000,17182,2021-07-16,https://www.28hse.com/en/estate/detail/taikoo-shing-1140/history/stateno-3/blockno-11,
1428,taikoo_shing,3,11,D,9,582,4000000,6873,2024-06-27,https://www.28hse.com/en/estate/detail/taikoo-shing-1140/history/stateno-3/blockno-11,
1429,taikoo_shing,3,11,B,10,701,15000000,21398,2018-02-26,https://www.28hse.com/en/estate/detail/taikoo-shing-1140/history/stateno-3/blockno-11,
1430,taikoo_shing,3,11,D,10,582,11000000,18900,2019-01-17,https://www.28hse.com/en/estate/detail/taikoo-shing-1140/history/stateno-3/blockno-11,
1431,taikoo_shing,3,11,E,10,582,8220000,14124,2025-08-27,https://www.28hse.com/en/estate/detail/taikoo-shing-1140/history/stateno-3/blockno-11,
1432,taikoo_shing,3,11,F,10,701,10000000,14265,2024-02-09,https://www.28hse.com/en/estate/detail/taikoo-shing-1140/history/stateno-3/blockno-11,
1433,taikoo_shing,3,11,B,11,701,2080000,2967,2025-06-30,https://www.28hse.com/en/estate/detail/taikoo-shing-1140/history/stateno-3/blockno-11,
1434,taikoo_shing,3,11,C,11,701,13600000,19401,2021-01-28,https://www.28hse.com/en/estate/detail/taikoo-shing-1140/history/stateno-3/blockno-11,
1435,taikoo_shing,3,11,D,11,582,12180000,20928,2018-03-23,https://www.28hse.com/en/estate/detail/taikoo-shing-1140/history/stateno-3/blockno-11,
1436,taikoo_shing,3,11,F,11,701,11900000,16976,2023-03-02,https://www.28hse.com/en/estate/detail/taikoo-shing-1140/history/stateno-3/blockno-11,
1437,taikoo_shing,3,11,G,11,701,12000000,17118,2021-03-24,https://www.28hse.com/en/estate/detail/taikoo-shing-1140/history/stateno-3/blockno-11,
1438,taikoo_shing,3,11,H,11,582,11900000,20447,2019-04-04,https://www.28hse.com/en/estate/detail/taikoo-shing-1140/history/stateno-3/blockno-11,
1439,taikoo_shing,3,11,A,12,582,12360000,21237,2021-03-29,https://www.28hse.com/en/estate/detail/taikoo-shing-1140/history/stateno-3/blockno-11,
1440,taikoo_shing,3,11,D,12,582,10280000,17663,2026-06-12,https://www.28hse.com/en/estate/detail/taikoo-shing-1140/history/stateno-3/blockno-11,
1441,taikoo_shing,3,11,E,12,582,11880000,20412,2020-03-26,https://www.28hse.com/en/estate/detail/taikoo-shing-1140/history/stateno-3/blockno-11,
1442,taikoo_shing,3,11,A,13,582,12000000,20619,2018-01-31,https://www.28hse.com/en/estate/detail/taikoo-shing-1140/history/stateno-3/blockno-11,
1443,taikoo_shing,3,11,C,13,701,10900000,15549,2025-11-12,https://www.28hse.com/en/estate/detail/taikoo-shing-1140/history/stateno-3/blockno-11,
1444,taikoo_shing,3,11,D,13,582,10500000,18041,2021-09-14,https://www.28hse.com/en/estate/detail/taikoo-shing-1140/history/stateno-3/blockno-11,
1445,taikoo_shing,3,11,D,14,582,8850000,15206,2025-09-17,https://www.28hse.com/en/estate/detail/taikoo-shing-1140/history/stateno-3/blockno-11,
1446,taikoo_shing,3,11,H,14,582,7735000,13290,2024-11-27,https://www.28hse.com/en/estate/detail/taikoo-shing-1140/history/stateno-3/blockno-11,
1447,taikoo_shing,3,11,B,15,701,9420000,13438,2025-09-15,https://www.28hse.com/en/estate/detail/taikoo-shing-1140/history/stateno-3/blockno-11,
1448,taikoo_shing,3,11,E,15,582,10000000,17182,2020-03-18,https://www.28hse.com/en/estate/detail/taikoo-shing-1140/history/stateno-3/blockno-11,
1449,taikoo_shing,3,11,G,15,701,11480000,16377,2022-04-14,https://www.28hse.com/en/estate/detail/taikoo-shing-1140/history/stateno-3/blockno-11,
1450,taikoo_shing,3,11,A,16,582,12800000,21993,2021-06-03,https://www.28hse.com/en/estate/detail/taikoo-shing-1140/history/stateno-3/blockno-11,
1451,taikoo_shing,3,11,D,16,582,10000000,17182,2022-06-23,https://www.28hse.com/en/estate/detail/taikoo-shing-1140/history/stateno-3/blockno-11,
1452,taikoo_shing,3,11,H,16,582,12000000,20619,2021-05-27,https://www.28hse.com/en/estate/detail/taikoo-shing-1140/history/stateno-3/blockno-11,
1453,taikoo_shing,3,11,C,17,701,9680000,13809,2025-09-09,https://www.28hse.com/en/estate/detail/taikoo-shing-1140/history/stateno-3/blockno-11,
1454,taikoo_shing,3,11,F,17,701,10000000,14265,2025-10-21,https://www.28hse.com/en/estate/detail/taikoo-shing-1140/history/stateno-3/blockno-11,
1455,taikoo_shing,3,11,D,18,582,10500000,18041,2026-07-30,https://www.28hse.com/en/estate/detail/taikoo-shing-1140/history/stateno-3/blockno-11,
1456,taikoo_shing,3,11,G,18,701,9280000,13238,2024-09-02,https://www.28hse.com/en/estate/detail/taikoo-shing-1140/history/stateno-3/blockno-11,
1457,taikoo_shing,3,11,A,21,582,11880000,20412,2020-12-17,https://www.28hse.com/en/estate/detail/taikoo-shing-1140/history/stateno-3/blockno-11,
1458,taikoo_shing,3,11,C,21,701,14450000,20613,2021-04-27,https://www.28hse.com/en/estate/detail/taikoo-shing-1140/history/stateno-3/blockno-11,
1459,taikoo_shing,3,11,C,22,701,14150000,20185,2020-07-27,https://www.28hse.com/en/estate/detail/taikoo-shing-1140/history/stateno-3/blockno-11,
1460,taikoo_shing,3,11,D,22,582,9600000,16495,2023-01-10,https://www.28hse.com/en/estate/detail/taikoo-shing-1140/history/stateno-3/blockno-11,
1461,taikoo_shing,3,11,E,22,582,9500000,16323,2026-03-30,https://www.28hse.com/en/estate/detail/taikoo-shing-1140/history/stateno-3/blockno-11,
1462,taikoo_shing,3,11,D,23,582,9950000,17096,2023-09-06,https://www.28hse.com/en/estate/detail/taikoo-shing-1140/history/stateno-3/blockno-11,
1463,taikoo_shing,3,11,A,24,582,10700000,18385,2026-04-02,https://www.28hse.com/en/estate/detail/taikoo-shing-1140/history/stateno-3/blockno-11,
1464,taikoo_shing,3,11,E,24,582,11800000,20275,2019-11-22,https://www.28hse.com/en/estate/detail/taikoo-shing-1140/history/stateno-3/blockno-11,
1465,taikoo_shing,3,11,F,24,701,9500000,13552,2025-08-27,https://www.28hse.com/en/estate/detail/taikoo-shing-1140/history/stateno-3/blockno-11,
1466,taikoo_shing,3,11,H,24,582,10400000,17869,2026-09-04,https://www.28hse.com/en/estate/detail/taikoo-shing-1140/history/stateno-3/blockno-11,
1467,taikoo_shing,3,11,C,25,701,14800000,21113,2018-04-19,https://www.28hse.com/en/estate/detail/taikoo-shing-1140/history/stateno-3/blockno-11,
1468,taikoo_shing,3,11,H,27,582,7880000,13540,2025-03-07,https://www.28hse.com/en/estate/detail/taikoo-shing-1140/history/stateno-3/blockno-11,
1469,taikoo_shing,4,14,D,3,717,9500000,13250,2025-08-27,https://www.28hse.com/en/estate/detail/taikoo-shing-1140/history/stateno-4/blockno-14,
1470,taikoo_shing,4,14,C,4,680,12600000,18529,2019-05-14,https://www.28hse.com/en/estate/detail/taikoo-shing-1140/history/stateno-4/blockno-14,
1471,taikoo_shing,4,14,F,4,647,12600000,19474,2019-12-20,https://www.28hse.com/en/estate/detail/taikoo-shing-1140/history/stateno-4/blockno-14,
1472,taikoo_shing,4,14,H,4,593,8900000,15008,2025-10-14,https://www.28hse.com/en/estate/detail/taikoo-shing-1140/history/stateno-4/blockno-14,
1473,taikoo_shing,4,14,D,5,714,13000000,18207,2019-01-14,https://www.28hse.com/en/estate/detail/taikoo-shing-1140/history/stateno-4/blockno-14,
1474,taikoo_shing,4,14,A,6,593,9250000,15599,2025-10-24,https://www.28hse.com/en/estate/detail/taikoo-shing-1140/history/stateno-4/blockno-14,
1475,taikoo_shing,4,14,F,6,647,10800000,16692,2026-03-11,https://www.28hse.com/en/estate/detail/taikoo-shing-1140/history/stateno-4/blockno-14,
1476,taikoo_shing,4,14,A,7,593,11800000,19899,2021-07-29,https://www.28hse.com/en/estate/detail/taikoo-shing-1140/history/stateno-4/blockno-14,
1477,taikoo_shing,4,14,D,7,714,11000000,15406,2021-06-21,https://www.28hse.com/en/estate/detail/taikoo-shing-1140/history/stateno-4/blockno-14,
1478,taikoo_shing,4,14,H,7,593,13800000,23272,2019-06-17,https://www.28hse.com/en/estate/detail/taikoo-shing-1140/history/stateno-4/blockno-14,
1479,taikoo_shing,4,14,C,8,680,12600000,18529,2022-02-14,https://www.28hse.com/en/estate/detail/taikoo-shing-1140/history/stateno-4/blockno-14,
1480,taikoo_shing,4,14,B,10,680,12900000,18971,2026-05-20,https://www.28hse.com/en/estate/detail/taikoo-shing-1140/history/stateno-4/blockno-14,
1481,taikoo_shing,4,14,A,11,593,8950000,15093,2023-12-20,https://www.28hse.com/en/estate/detail/taikoo-shing-1140/history/stateno-4/blockno-14,
1482,taikoo_shing,4,14,A,12,593,9550000,16105,2025-11-11,https://www.28hse.com/en/estate/detail/taikoo-shing-1140/history/stateno-4/blockno-14,
1483,taikoo_shing,4,14,D,12,714,11000000,15406,2021-03-29,https://www.28hse.com/en/estate/detail/taikoo-shing-1140/history/stateno-4/blockno-14,
1484,taikoo_shing,4,14,C,13,680,13880000,20412,2021-07-14,https://www.28hse.com/en/estate/detail/taikoo-shing-1140/history/stateno-4/blockno-14,
1485,taikoo_shing,4,14,D,13,714,14528000,20347,2022-05-23,https://www.28hse.com/en/estate/detail/taikoo-shing-1140/history/stateno-4/blockno-14,
1486,taikoo_shing,4,14,F,13,647,9200000,14219,2024-05-16,https://www.28hse.com/en/estate/detail/taikoo-shing-1140/history/stateno-4/blockno-14,
1487,taikoo_shing,4,14,H,14,593,9500000,16020,2024-04-18,https://www.28hse.com/en/estate/detail/taikoo-shing-1140/history/stateno-4/blockno-14,
1488,taikoo_shing,4,14,C,15,680,10580000,15559,2026-01-28,https://www.28hse.com/en/estate/detail/taikoo-shing-1140/history/stateno-4/blockno-14,
1489,taikoo_shing,4,14,F,15,647,4500000,6955,2023-01-20,https://www.28hse.com/en/estate/detail/taikoo-shing-1140/history/stateno-4/blockno-14,
1490,taikoo_shing,4,14,A,16,593,13160000,22192,2020-06-19,https://www.28hse.com/en/estate/detail/taikoo-shing-1140/history/stateno-4/blockno-14,
1491,taikoo_shing,4,14,F,16,647,14000000,21638,2022-02-08,https://www.28hse.com/en/estate/detail/taikoo-shing-1140/history/stateno-4/blockno-14,
1492,taikoo_shing,4,14,G,16,563,11250000,19982,2021-01-14,https://www.28hse.com/en/estate/detail/taikoo-shing-1140/history/stateno-4/blockno-14,
1493,taikoo_shing,4,14,C,17,680,11500000,16912,2026-03-24,https://www.28hse.com/en/estate/detail/taikoo-shing-1140/history/stateno-4/blockno-14,
1494,taikoo_shing,4,14,B,18,680,15000000,22059,2019-12-23,https://www.28hse.com/en/estate/detail/taikoo-shing-1140/history/stateno-4/blockno-14,
1495,taikoo_shing,4,14,F,18,647,12300000,19011,2026-05-15,https://www.28hse.com/en/estate/detail/taikoo-shing-1140/history/stateno-4/blockno-14,
1496,taikoo_shing,4,14,E,19,714,3900000,5462,2025-12-29,https://www.28hse.com/en/estate/detail/taikoo-shing-1140/history/stateno-4/blockno-14,
1497,taikoo_shing,4,14,E,20,714,13830000,19370,2023-02-20,https://www.28hse.com/en/estate/detail/taikoo-shing-1140/history/stateno-4/blockno-14,
1498,taikoo_shing,4,14,C,21,680,10100000,14853,2025-03-03,https://www.28hse.com/en/estate/detail/taikoo-shing-1140/history/stateno-4/blockno-14,
1499,taikoo_shing,4,14,F,21,647,13380000,20680,2026-06-18,https://www.28hse.com/en/estate/detail/taikoo-shing-1140/history/stateno-4/blockno-14,
1500,taikoo_shing,4,14,B,22,680,14380000,21147,2022-06-08,https://www.28hse.com/en/estate/detail/taikoo-shing-1140/history/stateno-4/blockno-14,
1501,taikoo_shing,4,14,E,22,714,16750000,23459,2018-08-15,https://www.28hse.com/en/estate/detail/taikoo-shing-1140/history/stateno-4/blockno-14,
1502,taikoo_shing,4,14,G,22,563,9088000,16142,2024-03-21,https://www.28hse.com/en/estate/detail/taikoo-shing-1140/history/stateno-4/blockno-14,
1503,taikoo_shing,4,14,E,23,714,15300000,21429,2018-04-18,https://www.28hse.com/en/estate/detail/taikoo-shing-1140/history/stateno-4/blockno-14,
1504,taikoo_shing,4,14,C,24,680,12600000,18529,2022-10-07,https://www.28hse.com/en/estate/detail/taikoo-shing-1140/history/stateno-4/blockno-14,
1505,taikoo_shing,4,14,E,25,717,15100000,21060,2021-07-06,https://www.28hse.com/en/estate/detail/taikoo-shing-1140/history/stateno-4/blockno-14,
1506,taikoo_shing,4,14,B,26,603,11800000,19569,2022-03-16,https://www.28hse.com/en/estate/detail/taikoo-shing-1140/history/stateno-4/blockno-14,
1507,taikoo_shing,4,14,C,26,603,9500000,15755,2023-07-05,https://www.28hse.com/en/estate/detail/taikoo-shing-1140/history/stateno-4/blockno-14,
1508,taikoo_shing,4,14,D,26,717,13500000,18828,2021-01-28,https://www.28hse.com/en/estate/detail/taikoo-shing-1140/history/stateno-4/blockno-14,
1509,taikoo_shing,4,16,C,4,680,11380000,16735,2020-11-24,https://www.28hse.com/en/estate/detail/taikoo-shing-1140/history/stateno-4/blockno-16,
1510,taikoo_shing,4,16,G,4,561,10880000,19394,2020-02-19,https://www.28hse.com/en/estate/detail/taikoo-shing-1140/history/stateno-4/blockno-16,
1511,taikoo_shing,4,16,G,5,561,10680000,19037,2023-06-13,https://www.28hse.com/en/estate/detail/taikoo-shing-1140/history/stateno-4/blockno-16,
1512,taikoo_shing,4,16,E,6,715,14550000,20350,2021-03-09,https://www.28hse.com/en/estate/detail/taikoo-shing-1140/history/stateno-4/blockno-16,
1513,taikoo_shing,4,16,H,6,592,9308000,15723,2024-04-17,https://www.28hse.com/en/estate/detail/taikoo-shing-1140/history/stateno-4/blockno-16,
1514,taikoo_shing,4,16,A,7,592,10450000,17652,2023-01-19,https://www.28hse.com/en/estate/detail/taikoo-shing-1140/history/stateno-4/blockno-16,
1515,taikoo_shing,4,16,E,8,715,14500000,20280,2022-03-09,https://www.28hse.com/en/estate/detail/taikoo-shing-1140/history/stateno-4/blockno-16,
1516,taikoo_shing,4,16,E,9,715,12800000,17902,2021-06-30,https://www.28hse.com/en/estate/detail/taikoo-shing-1140/history/stateno-4/blockno-16,
1517,taikoo_shing,4,16,C,12,680,10450000,15368,2024-11-18,https://www.28hse.com/en/estate/detail/taikoo-shing-1140/history/stateno-4/blockno-16,
1518,taikoo_shing,4,16,B,13,680,14800000,21765,2018-03-09,https://www.28hse.com/en/estate/detail/taikoo-shing-1140/history/stateno-4/blockno-16,
1519,taikoo_shing,4,16,C,13,680,10500000,15441,2025-01-13,https://www.28hse.com/en/estate/detail/taikoo-shing-1140/history/stateno-4/blockno-16,
1520,taikoo_shing,4,16,D,14,715,11000000,15385,2025-01-08,https://www.28hse.com/en/estate/detail/taikoo-shing-1140/history/stateno-4/blockno-16,
1521,taikoo_shing,4,16,E,14,715,15100000,21119,2021-03-15,https://www.28hse.com/en/estate/detail/taikoo-shing-1140/history/stateno-4/blockno-16,
1522,taikoo_shing,4,16,F,14,646,9480000,14675,2024-10-28,https://www.28hse.com/en/estate/detail/taikoo-shing-1140/history/stateno-4/blockno-16,
1523,taikoo_shing,4,16,H,15,592,9600000,16216,2025-04-03,https://www.28hse.com/en/estate/detail/taikoo-shing-1140/history/stateno-4/blockno-16,
1524,taikoo_shing,4,16,C,16,680,10500000,15441,2025-01-08,https://www.28hse.com/en/estate/detail/taikoo-shing-1140/history/stateno-4/blockno-16,
1525,taikoo_shing,4,16,G,16,561,11680000,20820,2022-06-23,https://www.28hse.com/en/estate/detail/taikoo-shing-1140/history/stateno-4/blockno-16,
1526,taikoo_shing,4,16,H,18,592,13100000,22128,2022-01-26,https://www.28hse.com/en/estate/detail/taikoo-shing-1140/history/stateno-4/blockno-16,
1527,taikoo_shing,4,16,B,19,680,13800000,20294,2023-01-13,https://www.28hse.com/en/estate/detail/taikoo-shing-1140/history/stateno-4/blockno-16,
1528,taikoo_shing,4,16,F,19,646,10080000,15604,2024-07-26,https://www.28hse.com/en/estate/detail/taikoo-shing-1140/history/stateno-4/blockno-16,
1529,taikoo_shing,4,16,G,19,561,11880000,21176,2022-10-07,https://www.28hse.com/en/estate/detail/taikoo-shing-1140/history/stateno-4/blockno-16,
1530,taikoo_shing,4,16,H,19,592,4000000,6757,2022-07-04,https://www.28hse.com/en/estate/detail/taikoo-shing-1140/history/stateno-4/blockno-16,
1531,taikoo_shing,4,16,B,20,680,16300000,23971,2021-07-16,https://www.28hse.com/en/estate/detail/taikoo-shing-1140/history/stateno-4/blockno-16,
1532,taikoo_shing,4,16,E,20,715,15250000,21329,2021-06-25,https://www.28hse.com/en/estate/detail/taikoo-shing-1140/history/stateno-4/blockno-16,
1533,taikoo_shing,4,16,A,21,592,2500000,4223,2025-02-21,https://www.28hse.com/en/estate/detail/taikoo-shing-1140/history/stateno-4/blockno-16,
1534,taikoo_shing,4,16,G,21,561,8930000,15918,2025-10-10,https://www.28hse.com/en/estate/detail/taikoo-shing-1140/history/stateno-4/blockno-16,
1535,taikoo_shing,4,16,B,23,680,10920000,16059,2024-07-10,https://www.28hse.com/en/estate/detail/taikoo-shing-1140/history/stateno-4/blockno-16,
1536,taikoo_shing,4,16,D,23,715,5500000,7692,2019-11-07,https://www.28hse.com/en/estate/detail/taikoo-shing-1140/history/stateno-4/blockno-16,
1537,taikoo_shing,4,16,A,24,592,11900000,20101,2023-08-01,https://www.28hse.com/en/estate/detail/taikoo-shing-1140/history/stateno-4/blockno-16,
1538,taikoo_shing,4,16,D,24,715,15150000,21189,2022-06-17,https://www.28hse.com/en/estate/detail/taikoo-shing-1140/history/stateno-4/blockno-16,
1539,taikoo_shing,4,16,H,24,592,11800000,19932,2026-09-03,https://www.28hse.com/en/estate/detail/taikoo-shing-1140/history/stateno-4/blockno-16,
1540,taikoo_shing,4,16,A,25,596,14880000,24966,2018-08-20,https://www.28hse.com/en/estate/detail/taikoo-shing-1140/history/stateno-4/blockno-16,
1541,taikoo_shing,4,16,C,25,685,4000000,5839,2024-01-29,https://www.28hse.com/en/estate/detail/taikoo-shing-1140/history/stateno-4/blockno-16,
1542,taikoo_shing,4,16,H,25,517,11400000,22050,2018-02-28,https://www.28hse.com/en/estate/detail/taikoo-shing-1140/history/stateno-4/blockno-16,
1543,taikoo_shing,4,16,A,26,597,11680000,19564,2020-11-04,https://www.28hse.com/en/estate/detail/taikoo-shing-1140/history/stateno-4/blockno-16,
1544,taikoo_shing,4,16,B,26,604,9080000,15033,2025-04-15,https://www.28hse.com/en/estate/detail/taikoo-shing-1140/history/stateno-4/blockno-16,
1545,taikoo_shing,4,16,F,26,555,7580000,13658,2025-05-13,https://www.28hse.com/en/estate/detail/taikoo-shing-1140/history/stateno-4/blockno-16,
1546,taikoo_shing,5,12,C,3,897,13900000,15496,2022-04-12,https://www.28hse.com/en/estate/detail/taikoo-shing-1140/history/stateno-5/blockno-12,
1547,taikoo_shing,5,12,E,3,922,15320000,16616,2018-02-12,https://www.28hse.com/en/estate/detail/taikoo-shing-1140/history/stateno-5/blockno-12,
1548,taikoo_shing,5,12,C,4,897,16500000,18395,2021-07-15,https://www.28hse.com/en/estate/detail/taikoo-shing-1140/history/stateno-5/blockno-12,
1549,taikoo_shing,5,12,D,4,922,13900000,15076,2018-01-05,https://www.28hse.com/en/estate/detail/taikoo-shing-1140/history/stateno-5/blockno-12,
1550,taikoo_shing,5,12,F,5,897,16280000,18149,2022-04-28,https://www.28hse.com/en/estate/detail/taikoo-shing-1140/history/stateno-5/blockno-12,
1551,taikoo_shing,5,12,C,6,897,13000000,14493,2025-04-25,https://www.28hse.com/en/estate/detail/taikoo-shing-1140/history/stateno-5/blockno-12,
1552,taikoo_shing,5,12,E,8,922,18380000,19935,2019-10-31,https://www.28hse.com/en/estate/detail/taikoo-shing-1140/history/stateno-5/blockno-12,
1553,taikoo_shing,5,12,F,8,897,15280000,17035,2026-06-10,https://www.28hse.com/en/estate/detail/taikoo-shing-1140/history/stateno-5/blockno-12,
1554,taikoo_shing,5,12,E,9,922,16900000,18330,2019-11-25,https://www.28hse.com/en/estate/detail/taikoo-shing-1140/history/stateno-5/blockno-12,
1555,taikoo_shing,5,12,C,10,897,12480000,13913,2025-01-24,https://www.28hse.com/en/estate/detail/taikoo-shing-1140/history/stateno-5/blockno-12,
1556,taikoo_shing,5,12,E,10,922,13200000,14317,2025-03-27,https://www.28hse.com/en/estate/detail/taikoo-shing-1140/history/stateno-5/blockno-12,
1557,taikoo_shing,5,12,C,12,897,18500000,20624,2018-06-13,https://www.28hse.com/en/estate/detail/taikoo-shing-1140/history/stateno-5/blockno-12,
1558,taikoo_shing,5,12,D,12,922,14000000,15184,2025-10-09,https://www.28hse.com/en/estate/detail/taikoo-shing-1140/history/stateno-5/blockno-12,
1559,taikoo_shing,5,12,C,16,897,13380000,14916,2024-09-13,https://www.28hse.com/en/estate/detail/taikoo-shing-1140/history/stateno-5/blockno-12,
1560,taikoo_shing,5,12,D,18,922,18600000,20174,2020-07-20,https://www.28hse.com/en/estate/detail/taikoo-shing-1140/history/stateno-5/blockno-12,
1561,taikoo_shing,5,12,F,19,897,12980000,14470,2024-10-30,https://www.28hse.com/en/estate/detail/taikoo-shing-1140/history/stateno-5/blockno-12,
1562,taikoo_shing,5,12,D,20,922,13800000,14967,2023-10-18,https://www.28hse.com/en/estate/detail/taikoo-shing-1140/history/stateno-5/blockno-12,
1563,taikoo_shing,5,12,E,20,922,18000000,19523,2022-01-21,https://www.28hse.com/en/estate/detail/taikoo-shing-1140/history/stateno-5/blockno-12,
1564,taikoo_shing,5,12,D,21,922,16800000,18221,2026-07-17,https://www.28hse.com/en/estate/detail/taikoo-shing-1140/history/stateno-5/blockno-12,
1565,taikoo_shing,5,12,F,21,897,14800000,16499,2023-11-15,https://www.28hse.com/en/estate/detail/taikoo-shing-1140/history/stateno-5/blockno-12,
1566,taikoo_shing,5,12,E,25,922,18050000,19577,2022-10-24,https://www.28hse.com/en/estate/detail/taikoo-shing-1140/history/stateno-5/blockno-12,
1567,taikoo_shing,5,12,E,26,922,14700000,15944,2025-08-21,https://www.28hse.com/en/estate/detail/taikoo-shing-1140/history/stateno-5/blockno-12,
1568,taikoo_shing,5,12,F,26,897,1000000,1115,2024-03-28,https://www.28hse.com/en/estate/detail/taikoo-shing-1140/history/stateno-5/blockno-12,
1569,taikoo_shing,5,13,C,3,897,16980000,18930,2019-04-18,https://www.28hse.com/en/estate/detail/taikoo-shing-1140/history/stateno-5/blockno-13,
1570,taikoo_shing,5,13,D,3,922,15500000,16811,2021-12-15,https://www.28hse.com/en/estate/detail/taikoo-shing-1140/history/stateno-5/blockno-13,
1571,taikoo_shing,5,13,D,5,922,15500000,16811,2026-09-04,https://www.28hse.com/en/estate/detail/taikoo-shing-1140/history/stateno-5/blockno-13,
1572,taikoo_shing,5,13,F,7,897,14500000,16165,2026-06-08,https://www.28hse.com/en/estate/detail/taikoo-shing-1140/history/stateno-5/blockno-13,
1573,taikoo_shing,5,13,D,8,922,13650000,14805,2022-12-28,https://www.28hse.com/en/estate/detail/taikoo-shing-1140/history/stateno-5/blockno-13,
1574,taikoo_shing,5,13,E,10,922,14550000,15781,2018-03-09,https://www.28hse.com/en/estate/detail/taikoo-shing-1140/history/stateno-5/blockno-13,
1575,taikoo_shing,5,13,F,11,897,16600000,18506,2020-02-27,https://www.28hse.com/en/estate/detail/taikoo-shing-1140/history/stateno-5/blockno-13,
1576,taikoo_shing,5,13,F,15,897,17150000,19119,2018-07-23,https://www.28hse.com/en/estate/detail/taikoo-shing-1140/history/stateno-5/blockno-13,
1577,taikoo_shing,5,13,D,16,922,17900000,19414,2020-02-07,https://www.28hse.com/en/estate/detail/taikoo-shing-1140/history/stateno-5/blockno-13,
1578,taikoo_shing,5,13,F,18,897,16000000,17837,2020-06-26,https://www.28hse.com/en/estate/detail/taikoo-shing-1140/history/stateno-5/blockno-13,
1579,taikoo_shing,5,13,C,21,897,15000000,16722,2022-09-16,https://www.28hse.com/en/estate/detail/taikoo-shing-1140/history/stateno-5/blockno-13,
1580,taikoo_shing,5,13,F,24,897,9380000,10457,2024-06-11,https://www.28hse.com/en/estate/detail/taikoo-shing-1140/history/stateno-5/blockno-13,
1581,taikoo_shing,5,13,F,26,897,15280000,17035,2020-12-30,https://www.28hse.com/en/estate/detail/taikoo-shing-1140/history/stateno-5/blockno-13,
1582,taikoo_shing,5,13,C,27,897,16150000,18004,2022-09-23,https://www.28hse.com/en/estate/detail/taikoo-shing-1140/history/stateno-5/blockno-13,
1583,taikoo_shing,5,13,E,27,922,16800000,18221,2019-04-24,https://www.28hse.com/en/estate/detail/taikoo-shing-1140/history/stateno-5/blockno-13,
1584,taikoo_shing,5,13,D,28,922,18500000,20065,2019-10-02,https://www.28hse.com/en/estate/detail/taikoo-shing-1140/history/stateno-5/blockno-13,
1585,taikoo_shing,5,13,E,28,922,17000000,18438,2021-01-12,https://www.28hse.com/en/estate/detail/taikoo-shing-1140/history/stateno-5/blockno-13,
1586,taikoo_shing,6,2,B,3,689,8300000,12046,2024-01-16,https://www.28hse.com/en/estate/detail/taikoo-shing-1140/history/stateno-6/blockno-2,
1587,taikoo_shing,6,2,H,3,582,8200000,14089,2026-04-17,https://www.28hse.com/en/estate/detail/taikoo-shing-1140/history/stateno-6/blockno-2,
1588,taikoo_shing,6,2,B,4,689,12500000,18142,2020-05-14,https://www.28hse.com/en/estate/detail/taikoo-shing-1140/history/stateno-6/blockno-2,
1589,taikoo_shing,6,2,C,4,689,11200000,16255,2022-03-28,https://www.28hse.com/en/estate/detail/taikoo-shing-1140/history/stateno-6/blockno-2,
1590,taikoo_shing,6,2,D,4,582,9000000,15464,2023-03-02,https://www.28hse.com/en/estate/detail/taikoo-shing-1140/history/stateno-6/blockno-2,
1591,taikoo_shing,6,2,E,4,582,8265000,14201,2023-01-11,https://www.28hse.com/en/estate/detail/taikoo-shing-1140/history/stateno-6/blockno-2,
1592,taikoo_shing,6,2,G,4,536,10500000,19590,2019-05-30,https://www.28hse.com/en/estate/detail/taikoo-shing-1140/history/stateno-6/blockno-2,
1593,taikoo_shing,6,2,A,5,582,8600000,14777,2026-04-22,https://www.28hse.com/en/estate/detail/taikoo-shing-1140/history/stateno-6/blockno-2,
1594,taikoo_shing,6,2,C,5,689,8180000,11872,2025-07-09,https://www.28hse.com/en/estate/detail/taikoo-shing-1140/history/stateno-6/blockno-2,
1595,taikoo_shing,6,2,G,5,536,7428000,13858,2022-12-22,https://www.28hse.com/en/estate/detail/taikoo-shing-1140/history/stateno-6/blockno-2,
1596,taikoo_shing,6,2,H,5,582,10280000,17663,2021-03-16,https://www.28hse.com/en/estate/detail/taikoo-shing-1140/history/stateno-6/blockno-2,
1597,taikoo_shing,6,2,D,6,582,8900000,15292,2026-06-02,https://www.28hse.com/en/estate/detail/taikoo-shing-1140/history/stateno-6/blockno-2,
1598,taikoo_shing,6,2,E,6,582,10880000,18694,2021-03-03,https://www.28hse.com/en/estate/detail/taikoo-shing-1140/history/stateno-6/blockno-2,
1599,taikoo_shing,6,2,F,6,536,7680000,14328,2024-07-08,https://www.28hse.com/en/estate/detail/taikoo-shing-1140/history/stateno-6/blockno-2,
1600,taikoo_shing,6,2,G,6,536,11086000,20682,2018-07-19,https://www.28hse.com/en/estate/detail/taikoo-shing-1140/history/stateno-6/blockno-2,
1601,taikoo_shing,6,2,H,6,582,10400000,17869,2020-03-04,https://www.28hse.com/en/estate/detail/taikoo-shing-1140/history/stateno-6/blockno-2,
1602,taikoo_shing,6,2,C,7,689,11680000,16952,2021-02-17,https://www.28hse.com/en/estate/detail/taikoo-shing-1140/history/stateno-6/blockno-2,
1603,taikoo_shing,6,2,B,8,689,12700000,18433,2019-11-18,https://www.28hse.com/en/estate/detail/taikoo-shing-1140/history/stateno-6/blockno-2,
1604,taikoo_shing,6,2,F,8,536,7000000,13060,2026-04-21,https://www.28hse.com/en/estate/detail/taikoo-shing-1140/history/stateno-6/blockno-2,
1605,taikoo_shing,6,2,G,8,536,9550000,17817,2022-09-16,https://www.28hse.com/en/estate/detail/taikoo-shing-1140/history/stateno-6/blockno-2,
1606,taikoo_shing,6,2,H,8,582,8780000,15086,2022-12-19,https://www.28hse.com/en/estate/detail/taikoo-shing-1140/history/stateno-6/blockno-2,
1607,taikoo_shing,6,2,C,9,689,11700000,16981,2018-03-19,https://www.28hse.com/en/estate/detail/taikoo-shing-1140/history/stateno-6/blockno-2,
1608,taikoo_shing,6,2,D,9,582,7730000,13282,2025-09-17,https://www.28hse.com/en/estate/detail/taikoo-shing-1140/history/stateno-6/blockno-2,
1609,taikoo_shing,6,2,E,9,582,8780000,15086,2023-01-16,https://www.28hse.com/en/estate/detail/taikoo-shing-1140/history/stateno-6/blockno-2,
1610,taikoo_shing,6,2,G,9,536,10250000,19123,2019-02-25,https://www.28hse.com/en/estate/detail/taikoo-shing-1140/history/stateno-6/blockno-2,
1611,taikoo_shing,6,2,A,10,582,12200000,20962,2020-06-03,https://www.28hse.com/en/estate/detail/taikoo-shing-1140/history/stateno-6/blockno-2,
1612,taikoo_shing,6,2,E,10,582,6000000,10309,2025-07-09,https://www.28hse.com/en/estate/detail/taikoo-shing-1140/history/stateno-6/blockno-2,
1613,taikoo_shing,6,2,D,11,582,7600000,13058,2025-07-15,https://www.28hse.com/en/estate/detail/taikoo-shing-1140/history/stateno-6/blockno-2,
1614,taikoo_shing,6,2,G,11,536,9700000,18097,2018-07-17,https://www.28hse.com/en/estate/detail/taikoo-shing-1140/history/stateno-6/blockno-2,
1615,taikoo_shing,6,2,H,11,582,3500000,6014,2018-05-07,https://www.28hse.com/en/estate/detail/taikoo-shing-1140/history/stateno-6/blockno-2,
1616,taikoo_shing,6,2,G,12,536,10500000,19590,2019-08-30,https://www.28hse.com/en/estate/detail/taikoo-shing-1140/history/stateno-6/blockno-2,
1617,taikoo_shing,6,2,B,14,689,14500000,21045,2021-08-30,https://www.28hse.com/en/estate/detail/taikoo-shing-1140/history/stateno-6/blockno-2,
1618,taikoo_shing,6,2,G,14,536,10000000,18657,2022-01-11,https://www.28hse.com/en/estate/detail/taikoo-shing-1140/history/stateno-6/blockno-2,
1619,taikoo_shing,6,2,H,14,582,9880000,16976,2023-05-25,https://www.28hse.com/en/estate/detail/taikoo-shing-1140/history/stateno-6/blockno-2,
1620,taikoo_shing,6,2,E,16,582,1830000,3144,2022-06-22,https://www.28hse.com/en/estate/detail/taikoo-shing-1140/history/stateno-6/blockno-2,
1621,taikoo_shing,6,2,C,18,689,12800000,18578,2018-04-20,https://www.28hse.com/en/estate/detail/taikoo-shing-1140/history/stateno-6/blockno-2,
1622,taikoo_shing,6,2,E,18,582,9150000,15722,2023-02-06,https://www.28hse.com/en/estate/detail/taikoo-shing-1140/history/stateno-6/blockno-2,
1623,taikoo_shing,6,2,B,19,689,12610000,18302,2023-01-18,https://www.28hse.com/en/estate/detail/taikoo-shing-1140/history/stateno-6/blockno-2,
1624,taikoo_shing,6,2,D,20,582,7100000,12199,2024-02-16,https://www.28hse.com/en/estate/detail/taikoo-shing-1140/history/stateno-6/blockno-2,
1625,taikoo_shing,6,2,F,20,536,8580000,16007,2023-02-20,https://www.28hse.com/en/estate/detail/taikoo-shing-1140/history/stateno-6/blockno-2,
1626,taikoo_shing,6,2,H,20,582,10700000,18385,2020-11-30,https://www.28hse.com/en/estate/detail/taikoo-shing-1140/history/stateno-6/blockno-2,
1627,taikoo_shing,6,2,C,21,689,11800000,17126,2022-06-07,https://www.28hse.com/en/estate/detail/taikoo-shing-1140/history/stateno-6/blockno-2,
1628,taikoo_shing,6,2,G,21,536,10600000,19776,2020-09-10,https://www.28hse.com/en/estate/detail/taikoo-shing-1140/history/stateno-6/blockno-2,
1629,taikoo_shing,6,2,E,22,582,11000000,18900,2018-01-10,https://www.28hse.com/en/estate/detail/taikoo-shing-1140/history/stateno-6/blockno-2,
1630,taikoo_shing,6,2,F,22,536,10000000,18657,2020-08-05,https://www.28hse.com/en/estate/detail/taikoo-shing-1140/history/stateno-6/blockno-2,
1631,taikoo_shing,6,2,H,22,582,2400000,4124,2021-04-28,https://www.28hse.com/en/estate/detail/taikoo-shing-1140/history/stateno-6/blockno-2,
1632,taikoo_shing,6,2,B,23,689,11000000,15965,2023-10-18,https://www.28hse.com/en/estate/detail/taikoo-shing-1140/history/stateno-6/blockno-2,
1633,taikoo_shing,6,2,E,23,582,7780000,13368,2025-05-16,https://www.28hse.com/en/estate/detail/taikoo-shing-1140/history/stateno-6/blockno-2,
1634,taikoo_shing,6,2,B,24,689,9800000,14224,2024-01-18,https://www.28hse.com/en/estate/detail/taikoo-shing-1140/history/stateno-6/blockno-2,
1635,taikoo_shing,6,2,D,24,582,11300000,19416,2022-02-17,https://www.28hse.com/en/estate/detail/taikoo-shing-1140/history/stateno-6/blockno-2,
1636,taikoo_shing,6,2,G,24,536,10750000,20056,2021-06-11,https://www.28hse.com/en/estate/detail/taikoo-shing-1140/history/stateno-6/blockno-2,
1637,taikoo_shing,6,2,H,24,582,12500000,21478,2019-11-19,https://www.28hse.com/en/estate/detail/taikoo-shing-1140/history/stateno-6/blockno-2,
1638,taikoo_shing,6,2,B,25,689,14280000,20726,2019-11-22,https://www.28hse.com/en/estate/detail/taikoo-shing-1140/history/stateno-6/blockno-2,
1639,taikoo_shing,6,2,C,25,689,12900000,18723,2018-02-28,https://www.28hse.com/en/estate/detail/taikoo-shing-1140/history/stateno-6/blockno-2,
1640,taikoo_shing,6,2,F,25,536,8780000,16381,2026-04-30,https://www.28hse.com/en/estate/detail/taikoo-shing-1140/history/stateno-6/blockno-2,
1641,taikoo_shing,6,2,G,25,536,10750000,20056,2021-11-18,https://www.28hse.com/en/estate/detail/taikoo-shing-1140/history/stateno-6/blockno-2,
1642,taikoo_shing,6,2,F,26,536,9480000,17687,2022-08-26,https://www.28hse.com/en/estate/detail/taikoo-shing-1140/history/stateno-6/blockno-2,
1643,taikoo_shing,6,2,C,28,689,15200000,22061,2018-05-09,https://www.28hse.com/en/estate/detail/taikoo-shing-1140/history/stateno-6/blockno-2,
1644,taikoo_shing,6,2,H,28,582,11200000,19244,2023-02-20,https://www.28hse.com/en/estate/detail/taikoo-shing-1140/history/stateno-6/blockno-2,
1645,taikoo_shing,6,6,B,6,685,11000000,16058,2022-07-07,https://www.28hse.com/en/estate/detail/taikoo-shing-1140/history/stateno-6/blockno-6,
1646,taikoo_shing,6,6,C,6,685,10300000,15036,2018-09-27,https://www.28hse.com/en/estate/detail/taikoo-shing-1140/history/stateno-6/blockno-6,
1647,taikoo_shing,6,6,E,6,689,10388000,15077,2018-04-20,https://www.28hse.com/en/estate/detail/taikoo-shing-1140/history/stateno-6/blockno-6,
1648,taikoo_shing,6,6,F,6,685,7000000,10219,2024-09-11,https://www.28hse.com/en/estate/detail/taikoo-shing-1140/history/stateno-6/blockno-6,
1649,taikoo_shing,6,6,H,6,593,10000000,16863,2021-08-16,https://www.28hse.com/en/estate/detail/taikoo-shing-1140/history/stateno-6/blockno-6,
1650,taikoo_shing,6,6,D,7,689,10000000,14514,2020-03-04,https://www.28hse.com/en/estate/detail/taikoo-shing-1140/history/stateno-6/blockno-6,
1651,taikoo_shing,6,6,H,7,593,7000000,11804,2025-09-04,https://www.28hse.com/en/estate/detail/taikoo-shing-1140/history/stateno-6/blockno-6,
1652,taikoo_shing,6,6,E,8,689,8740000,12685,2026-02-05,https://www.28hse.com/en/estate/detail/taikoo-shing-1140/history/stateno-6/blockno-6,
1653,taikoo_shing,6,6,H,9,593,10100000,17032,2020-12-29,https://www.28hse.com/en/estate/detail/taikoo-shing-1140/history/stateno-6/blockno-6,
1654,taikoo_shing,6,6,C,10,685,11500000,16788,2022-04-14,https://www.28hse.com/en/estate/detail/taikoo-shing-1140/history/stateno-6/blockno-6,
1655,taikoo_shing,6,6,D,10,689,8280000,12017,2025-04-17,https://www.28hse.com/en/estate/detail/taikoo-shing-1140/history/stateno-6/blockno-6,
1656,taikoo_shing,6,6,E,10,689,13000000,18868,2021-07-15,https://www.28hse.com/en/estate/detail/taikoo-shing-1140/history/stateno-6/blockno-6,
1657,taikoo_shing,6,6,F,10,685,11100000,16204,2019-03-12,https://www.28hse.com/en/estate/detail/taikoo-shing-1140/history/stateno-6/blockno-6,
1658,taikoo_shing,6,6,H,10,593,10300000,17369,2019-10-17,https://www.28hse.com/en/estate/detail/taikoo-shing-1140/history/stateno-6/blockno-6,
1659,taikoo_shing,6,6,A,11,593,7000000,11804,2024-03-12,https://www.28hse.com/en/estate/detail/taikoo-shing-1140/history/stateno-6/blockno-6,
1660,taikoo_shing,6,6,E,11,689,11330000,16444,2020-01-23,https://www.28hse.com/en/estate/detail/taikoo-shing-1140/history/stateno-6/blockno-6,
1661,taikoo_shing,6,6,F,12,685,7960000,11620,2025-08-15,https://www.28hse.com/en/estate/detail/taikoo-shing-1140/history/stateno-6/blockno-6,
1662,taikoo_shing,6,6,G,12,685,10500000,15328,2023-06-23,https://www.28hse.com/en/estate/detail/taikoo-shing-1140/history/stateno-6/blockno-6,
1663,taikoo_shing,6,6,H,12,593,10000000,16863,2019-11-29,https://www.28hse.com/en/estate/detail/taikoo-shing-1140/history/stateno-6/blockno-6,
1664,taikoo_shing,6,6,F,14,685,1500000,2190,2018-08-16,https://www.28hse.com/en/estate/detail/taikoo-shing-1140/history/stateno-6/blockno-6,
1665,taikoo_shing,6,6,A,15,593,7950000,13406,2025-08-08,https://www.28hse.com/en/estate/detail/taikoo-shing-1140/history/stateno-6/blockno-6,
1666,taikoo_shing,6,6,B,15,685,11800000,17226,2021-02-05,https://www.28hse.com/en/estate/detail/taikoo-shing-1140/history/stateno-6/blockno-6,
1667,taikoo_shing,6,6,E,15,689,9900000,14369,2022-11-23,https://www.28hse.com/en/estate/detail/taikoo-shing-1140/history/stateno-6/blockno-6,
1668,taikoo_shing,6,6,F,15,685,10000000,14599,2021-02-26,https://www.28hse.com/en/estate/detail/taikoo-shing-1140/history/stateno-6/blockno-6,
1669,taikoo_shing,6,6,H,15,593,10000000,16863,2020-02-07,https://www.28hse.com/en/estate/detail/taikoo-shing-1140/history/stateno-6/blockno-6,
1670,taikoo_shing,6,6,C,16,685,8200000,11971,2024-08-29,https://www.28hse.com/en/estate/detail/taikoo-shing-1140/history/stateno-6/blockno-6,
1671,taikoo_shing,6,6,G,16,685,9200000,13431,2025-08-26,https://www.28hse.com/en/estate/detail/taikoo-shing-1140/history/stateno-6/blockno-6,
1672,taikoo_shing,6,6,B,17,685,12350000,18029,2020-05-13,https://www.28hse.com/en/estate/detail/taikoo-shing-1140/history/stateno-6/blockno-6,
1673,taikoo_shing,6,6,C,18,685,4340000,6336,2021-11-23,https://www.28hse.com/en/estate/detail/taikoo-shing-1140/history/stateno-6/blockno-6,
1674,taikoo_shing,6,6,G,18,685,11550000,16861,2023-07-18,https://www.28hse.com/en/estate/detail/taikoo-shing-1140/history/stateno-6/blockno-6,
1675,taikoo_shing,6,6,H,18,593,10590000,17858,2022-02-21,https://www.28hse.com/en/estate/detail/taikoo-shing-1140/history/stateno-6/blockno-6,
1676,taikoo_shing,6,6,B,19,685,12600000,18394,2021-07-27,https://www.28hse.com/en/estate/detail/taikoo-shing-1140/history/stateno-6/blockno-6,
1677,taikoo_shing,6,6,D,19,689,10500000,15239,2026-07-14,https://www.28hse.com/en/estate/detail/taikoo-shing-1140/history/stateno-6/blockno-6,
1678,taikoo_shing,6,6,F,20,685,12200000,17810,2021-03-12,https://www.28hse.com/en/estate/detail/taikoo-shing-1140/history/stateno-6/blockno-6,
1679,taikoo_shing,6,6,G,20,685,8800000,12847,2024-02-16,https://www.28hse.com/en/estate/detail/taikoo-shing-1140/history/stateno-6/blockno-6,
1680,taikoo_shing,6,6,A,21,593,11190000,18870,2021-04-20,https://www.28hse.com/en/estate/detail/taikoo-shing-1140/history/stateno-6/blockno-6,
1681,taikoo_shing,6,6,F,21,685,12080000,17635,2022-09-05,https://www.28hse.com/en/estate/detail/taikoo-shing-1140/history/stateno-6/blockno-6,
1682,taikoo_shing,6,6,E,22,689,10300000,14949,2023-12-11,https://www.28hse.com/en/estate/detail/taikoo-shing-1140/history/stateno-6/blockno-6,
1683,taikoo_shing,6,6,E,23,689,13000000,18868,2018-02-27,https://www.28hse.com/en/estate/detail/taikoo-shing-1140/history/stateno-6/blockno-6,
1684,taikoo_shing,6,6,G,23,685,12300000,17956,2021-04-14,https://www.28hse.com/en/estate/detail/taikoo-shing-1140/history/stateno-6/blockno-6,
1685,taikoo_shing,6,6,A,24,593,10530000,17757,2020-05-18,https://www.28hse.com/en/estate/detail/taikoo-shing-1140/history/stateno-6/blockno-6,
1686,taikoo_shing,6,6,G,25,685,12500000,18248,2020-06-16,https://www.28hse.com/en/estate/detail/taikoo-shing-1140/history/stateno-6/blockno-6,
1687,taikoo_shing,6,6,F,26,685,14200000,20730,2019-08-28,https://www.28hse.com/en/estate/detail/taikoo-shing-1140/history/stateno-6/blockno-6,
1688,taikoo_shing,6,6,B,27,685,9800000,14307,2023-01-13,https://www.28hse.com/en/estate/detail/taikoo-shing-1140/history/stateno-6/blockno-6,
1689,taikoo_shing,6,6,D,27,689,10900000,15820,2026-01-26,https://www.28hse.com/en/estate/detail/taikoo-shing-1140/history/stateno-6/blockno-6,
1690,taikoo_shing,7,4,C,1,484,6650000,13740,2021-12-03,https://www.28hse.com/en/estate/detail/taikoo-shing-1140/history/stateno-7/blockno-4,
1691,taikoo_shing,7,4,A,2,583,9200000,15780,2021-07-05,https://www.28hse.com/en/estate/detail/taikoo-shing-1140/history/stateno-7/blockno-4,
1692,taikoo_shing,7,4,A,3,583,8000000,13722,2026-01-19,https://www.28hse.com/en/estate/detail/taikoo-shing-1140/history/stateno-7/blockno-4,
1693,taikoo_shing,7,4,B,3,484,5000000,10331,2024-08-21,https://www.28hse.com/en/estate/detail/taikoo-shing-1140/history/stateno-7/blockno-4,
1694,taikoo_shing,7,4,C,3,504,8000000,15873,2022-02-08,https://www.28hse.com/en/estate/detail/taikoo-shing-1140/history/stateno-7/blockno-4,
1695,taikoo_shing,7,4,A,4,583,6460000,11081,2024-11-13,https://www.28hse.com/en/estate/detail/taikoo-shing-1140/history/stateno-7/blockno-4,
1696,taikoo_shing,7,4,A,5,583,7200000,12350,2026-01-20,https://www.28hse.com/en/estate/detail/taikoo-shing-1140/history/stateno-7/blockno-4,
1697,taikoo_shing,7,4,H,5,583,6400000,10978,2024-03-04,https://www.28hse.com/en/estate/detail/taikoo-shing-1140/history/stateno-7/blockno-4,
1698,taikoo_shing,7,4,B,6,489,8630000,17648,2021-11-02,https://www.28hse.com/en/estate/detail/taikoo-shing-1140/history/stateno-7/blockno-4,
1699,taikoo_shing,7,4,G,6,545,7400000,13578,2023-02-14,https://www.28hse.com/en/estate/detail/taikoo-shing-1140/history/stateno-7/blockno-4,
1700,taikoo_shing,7,4,A,7,583,9250000,15866,2022-05-23,https://www.28hse.com/en/estate/detail/taikoo-shing-1140/history/stateno-7/blockno-4,
1701,taikoo_shing,7,4,E,7,583,8400000,14408,2022-10-19,https://www.28hse.com/en/estate/detail/taikoo-shing-1140/history/stateno-7/blockno-4,
1702,taikoo_shing,7,4,H,7,583,6230000,10686,2025-03-19,https://www.28hse.com/en/estate/detail/taikoo-shing-1140/history/stateno-7/blockno-4,
1703,taikoo_shing,7,4,D,8,583,10000000,17153,2020-01-20,https://www.28hse.com/en/estate/detail/taikoo-shing-1140/history/stateno-7/blockno-4,
1704,taikoo_shing,7,4,G,8,545,9300000,17064,2021-05-03,https://www.28hse.com/en/estate/detail/taikoo-shing-1140/history/stateno-7/blockno-4,
1705,taikoo_shing,7,4,B,9,489,8400000,17178,2019-06-06,https://www.28hse.com/en/estate/detail/taikoo-shing-1140/history/stateno-7/blockno-4,
1706,taikoo_shing,7,4,H,9,583,8550000,14666,2022-03-01,https://www.28hse.com/en/estate/detail/taikoo-shing-1140/history/stateno-7/blockno-4,
1707,taikoo_shing,7,4,C,10,489,9180000,18773,2021-09-29,https://www.28hse.com/en/estate/detail/taikoo-shing-1140/history/stateno-7/blockno-4,
1708,taikoo_shing,7,4,F,10,545,9130000,16752,2021-01-11,https://www.28hse.com/en/estate/detail/taikoo-shing-1140/history/stateno-7/blockno-4,
1709,taikoo_shing,7,4,G,10,545,9328000,17116,2020-02-10,https://www.28hse.com/en/estate/detail/taikoo-shing-1140/history/stateno-7/blockno-4,
1710,taikoo_shing,7,4,F,11,545,9020000,16550,2020-01-17,https://www.28hse.com/en/estate/detail/taikoo-shing-1140/history/stateno-7/blockno-4,
1711,taikoo_shing,7,4,B,13,489,7800000,15951,2018-02-20,https://www.28hse.com/en/estate/detail/taikoo-shing-1140/history/stateno-7/blockno-4,
1712,taikoo_shing,7,4,E,13,583,9680000,16604,2021-02-23,https://www.28hse.com/en/estate/detail/taikoo-shing-1140/history/stateno-7/blockno-4,
1713,taikoo_shing,7,4,H,13,583,9200000,15780,2022-03-07,https://www.28hse.com/en/estate/detail/taikoo-shing-1140/history/stateno-7/blockno-4,
1714,taikoo_shing,7,4,C,14,489,8400000,17178,2018-05-11,https://www.28hse.com/en/estate/detail/taikoo-shing-1140/history/stateno-7/blockno-4,
1715,taikoo_shing,7,4,D,14,583,9900000,16981,2020-10-22,https://www.28hse.com/en/estate/detail/taikoo-shing-1140/history/stateno-7/blockno-4,
1716,taikoo_shing,7,4,H,14,583,7000000,12007,2024-05-22,https://www.28hse.com/en/estate/detail/taikoo-shing-1140/history/stateno-7/blockno-4,
1717,taikoo_shing,7,4,H,15,583,6800000,11664,2025-07-10,https://www.28hse.com/en/estate/detail/taikoo-shing-1140/history/stateno-7/blockno-4,
1718,taikoo_shing,7,4,B,17,489,7160000,14642,2023-01-30,https://www.28hse.com/en/estate/detail/taikoo-shing-1140/history/stateno-7/blockno-4,
1719,taikoo_shing,7,4,C,17,489,6000000,12270,2025-08-25,https://www.28hse.com/en/estate/detail/taikoo-shing-1140/history/stateno-7/blockno-4,
1720,taikoo_shing,7,4,B,19,489,8680000,17751,2022-01-05,https://www.28hse.com/en/estate/detail/taikoo-shing-1140/history/stateno-7/blockno-4,
1721,taikoo_shing,7,4,C,19,489,8300000,16973,2021-12-07,https://www.28hse.com/en/estate/detail/taikoo-shing-1140/history/stateno-7/blockno-4,
1722,taikoo_shing,7,4,D,19,583,6680000,11458,2025-04-15,https://www.28hse.com/en/estate/detail/taikoo-shing-1140/history/stateno-7/blockno-4,
1723,taikoo_shing,7,4,F,19,545,9650000,17706,2022-01-04,https://www.28hse.com/en/estate/detail/taikoo-shing-1140/history/stateno-7/blockno-4,
1724,taikoo_shing,7,4,C,20,489,6100000,12474,2023-12-20,https://www.28hse.com/en/estate/detail/taikoo-shing-1140/history/stateno-7/blockno-4,
1725,taikoo_shing,7,4,E,20,583,8345000,14314,2023-11-01,https://www.28hse.com/en/estate/detail/taikoo-shing-1140/history/stateno-7/blockno-4,
1726,taikoo_shing,7,4,E,21,583,7800000,13379,2026-01-07,https://www.28hse.com/en/estate/detail/taikoo-shing-1140/history/stateno-7/blockno-4,
1727,taikoo_shing,7,4,G,21,545,10000000,18349,2022-07-25,https://www.28hse.com/en/estate/detail/taikoo-shing-1140/history/stateno-7/blockno-4,
1728,taikoo_shing,7,4,E,24,583,7300000,12521,2024-05-31,https://www.28hse.com/en/estate/detail/taikoo-shing-1140/history/stateno-7/blockno-4,
1729,taikoo_shing,7,4,G,24,545,9300000,17064,2018-09-19,https://www.28hse.com/en/estate/detail/taikoo-shing-1140/history/stateno-7/blockno-4,
1730,taikoo_shing,7,4,G,25,545,9920000,18202,2019-11-22,https://www.28hse.com/en/estate/detail/taikoo-shing-1140/history/stateno-7/blockno-4,
1731,taikoo_shing,7,4,B,26,489,9980000,20409,2021-07-16,https://www.28hse.com/en/estate/detail/taikoo-shing-1140/history/stateno-7/blockno-4,
1732,taikoo_shing,7,4,F,26,545,9000000,16514,2020-08-05,https://www.28hse.com/en/estate/detail/taikoo-shing-1140/history/stateno-7/blockno-4,
1733,taikoo_shing,7,4,H,26,583,10930000,18748,2019-08-26,https://www.28hse.com/en/estate/detail/taikoo-shing-1140/history/stateno-7/blockno-4,
1734,taikoo_shing,7,4,A,27,583,1300000,2230,2022-12-30,https://www.28hse.com/en/estate/detail/taikoo-shing-1140/history/stateno-7/blockno-4,
1735,taikoo_shing,7,4,D,27,583,7880000,13516,2025-05-26,https://www.28hse.com/en/estate/detail/taikoo-shing-1140/history/stateno-7/blockno-4,
1736,taikoo_shing,7,23,D,1,440,7450000,16932,2021-05-31,https://www.28hse.com/en/estate/detail/taikoo-shing-1140/history/stateno-7/blockno-23,
1737,taikoo_shing,7,23,B,2,580,8000000,13793,2026-07-06,https://www.28hse.com/en/estate/detail/taikoo-shing-1140/history/stateno-7/blockno-23,
1738,taikoo_shing,7,23,D,2,489,6850000,14008,2026-04-20,https://www.28hse.com/en/estate/detail/taikoo-shing-1140/history/stateno-7/blockno-23,
1739,taikoo_shing,7,23,E,2,489,8000000,16360,2021-11-15,https://www.28hse.com/en/estate/detail/taikoo-shing-1140/history/stateno-7/blockno-23,
1740,taikoo_shing,7,23,B,3,580,9000000,15517,2021-02-08,https://www.28hse.com/en/estate/detail/taikoo-shing-1140/history/stateno-7/blockno-23,
1741,taikoo_shing,7,23,F,3,580,9500000,16379,2019-11-27,https://www.28hse.com/en/estate/detail/taikoo-shing-1140/history/stateno-7/blockno-23,
1742,taikoo_shing,7,23,G,3,580,5500000,9483,2025-02-13,https://www.28hse.com/en/estate/detail/taikoo-shing-1140/history/stateno-7/blockno-23,
1743,taikoo_shing,7,23,H,3,545,9050000,16606,2020-09-29,https://www.28hse.com/en/estate/detail/taikoo-shing-1140/history/stateno-7/blockno-23,
1744,taikoo_shing,7,23,A,4,545,8900000,16330,2021-05-14,https://www.28hse.com/en/estate/detail/taikoo-shing-1140/history/stateno-7/blockno-23,
1745,taikoo_shing,7,23,C,4,580,5800000,10000,2024-08-05,https://www.28hse.com/en/estate/detail/taikoo-shing-1140/history/stateno-7/blockno-23,
1746,taikoo_shing,7,23,G,5,580,9260000,15966,2022-02-07,https://www.28hse.com/en/estate/detail/taikoo-shing-1140/history/stateno-7/blockno-23,
1747,taikoo_shing,7,23,H,5,545,9400000,17248,2020-09-11,https://www.28hse.com/en/estate/detail/taikoo-shing-1140/history/stateno-7/blockno-23,
1748,taikoo_shing,7,23,F,6,580,6000000,10345,2024-02-21,https://www.28hse.com/en/estate/detail/taikoo-shing-1140/history/stateno-7/blockno-23,
1749,taikoo_shing,7,23,G,7,580,7000000,12069,2025-12-02,https://www.28hse.com/en/estate/detail/taikoo-shing-1140/history/stateno-7/blockno-23,
1750,taikoo_shing,7,23,D,8,489,6500000,13292,2020-04-28,https://www.28hse.com/en/estate/detail/taikoo-shing-1140/history/stateno-7/blockno-23,
1751,taikoo_shing,7,23,G,8,580,10780000,18586,2021-07-19,https://www.28hse.com/en/estate/detail/taikoo-shing-1140/history/stateno-7/blockno-23,
1752,taikoo_shing,7,23,A,9,545,1600000,2936,2021-03-15,https://www.28hse.com/en/estate/detail/taikoo-shing-1140/history/stateno-7/blockno-23,
1753,taikoo_shing,7,23,E,9,489,5500000,11247,2024-12-20,https://www.28hse.com/en/estate/detail/taikoo-shing-1140/history/stateno-7/blockno-23,
1754,taikoo_shing,7,23,G,9,580,9550000,16466,2022-06-21,https://www.28hse.com/en/estate/detail/taikoo-shing-1140/history/stateno-7/blockno-23,
1755,taikoo_shing,7,23,A,10,545,9400000,17248,2020-03-31,https://www.28hse.com/en/estate/detail/taikoo-shing-1140/history/stateno-7/blockno-23,
1756,taikoo_shing,7,23,G,10,580,8680000,14966,2023-03-08,https://www.28hse.com/en/estate/detail/taikoo-shing-1140/history/stateno-7/blockno-23,
1757,taikoo_shing,7,23,D,11,489,8300000,16973,2020-03-31,https://www.28hse.com/en/estate/detail/taikoo-shing-1140/history/stateno-7/blockno-23,
1758,taikoo_shing,7,23,E,11,489,9000000,18405,2019-06-04,https://www.28hse.com/en/estate/detail/taikoo-shing-1140/history/stateno-7/blockno-23,
1759,taikoo_shing,7,23,A,12,545,6800000,12477,2024-04-23,https://www.28hse.com/en/estate/detail/taikoo-shing-1140/history/stateno-7/blockno-23,
1760,taikoo_shing,7,23,G,12,580,2125000,3664,2020-07-30,https://www.28hse.com/en/estate/detail/taikoo-shing-1140/history/stateno-7/blockno-23,
1761,taikoo_shing,7,23,H,12,545,9700000,17798,2021-06-29,https://www.28hse.com/en/estate/detail/taikoo-shing-1140/history/stateno-7/blockno-23,
1762,taikoo_shing,7,23,A,13,545,9100000,16697,2020-10-19,https://www.28hse.com/en/estate/detail/taikoo-shing-1140/history/stateno-7/blockno-23,
1763,taikoo_shing,7,23,C,13,580,6780000,11690,2024-09-09,https://www.28hse.com/en/estate/detail/taikoo-shing-1140/history/stateno-7/blockno-23,
1764,taikoo_shing,7,23,D,13,489,9080000,18569,2020-07-29,https://www.28hse.com/en/estate/detail/taikoo-shing-1140/history/stateno-7/blockno-23,
1765,taikoo_shing,7,23,A,14,545,6000000,11009,2024-07-03,https://www.28hse.com/en/estate/detail/taikoo-shing-1140/history/stateno-7/blockno-23,
1766,taikoo_shing,7,23,H,15,545,5750000,10550,2026-03-04,https://www.28hse.com/en/estate/detail/taikoo-shing-1140/history/stateno-7/blockno-23,
1767,taikoo_shing,7,23,A,16,545,10300000,18899,2022-01-04,https://www.28hse.com/en/estate/detail/taikoo-shing-1140/history/stateno-7/blockno-23,
1768,taikoo_shing,7,23,H,16,545,5000000,9174,2024-12-02,https://www.28hse.com/en/estate/detail/taikoo-shing-1140/history/stateno-7/blockno-23,
1769,taikoo_shing,7,23,A,17,545,7230000,13266,2025-07-22,https://www.28hse.com/en/estate/detail/taikoo-shing-1140/history/stateno-7/blockno-23,
1770,taikoo_shing,7,23,C,17,580,8740000,15069,2023-06-23,https://www.28hse.com/en/estate/detail/taikoo-shing-1140/history/stateno-7/blockno-23,
1771,taikoo_shing,7,23,F,17,580,8800000,15172,2018-01-16,https://www.28hse.com/en/estate/detail/taikoo-shing-1140/history/stateno-7/blockno-23,
1772,taikoo_shing,7,23,H,17,545,9680000,17761,2020-08-24,https://www.28hse.com/en/estate/detail/taikoo-shing-1140/history/stateno-7/blockno-23,
1773,taikoo_shing,7,23,B,18,580,9980000,17207,2019-12-05,https://www.28hse.com/en/estate/detail/taikoo-shing-1140/history/stateno-7/blockno-23,
1774,taikoo_shing,7,23,D,18,489,6000000,12270,2025-03-18,https://www.28hse.com/en/estate/detail/taikoo-shing-1140/history/stateno-7/blockno-23,
1775,taikoo_shing,7,23,E,18,489,3150000,6442,2023-10-17,https://www.28hse.com/en/estate/detail/taikoo-shing-1140/history/stateno-7/blockno-23,
1776,taikoo_shing,7,23,F,18,580,7680000,13241,2026-07-08,https://www.28hse.com/en/estate/detail/taikoo-shing-1140/history/stateno-7/blockno-23,
1777,taikoo_shing,7,23,B,19,580,10000000,17241,2021-05-24,https://www.28hse.com/en/estate/detail/taikoo-shing-1140/history/stateno-7/blockno-23,
1778,taikoo_shing,7,23,B,20,580,6000000,10345,2024-11-04,https://www.28hse.com/en/estate/detail/taikoo-shing-1140/history/stateno-7/blockno-23,
1779,taikoo_shing,7,23,F,20,580,8400000,14483,2022-10-18,https://www.28hse.com/en/estate/detail/taikoo-shing-1140/history/stateno-7/blockno-23,
1780,taikoo_shing,7,23,A,21,545,9668000,17739,2020-05-07,https://www.28hse.com/en/estate/detail/taikoo-shing-1140/history/stateno-7/blockno-23,
1781,taikoo_shing,7,23,E,21,489,7780000,15910,2026-08-21,https://www.28hse.com/en/estate/detail/taikoo-shing-1140/history/stateno-7/blockno-23,
1782,taikoo_shing,7,23,F,21,580,10000000,17241,2021-05-14,https://www.28hse.com/en/estate/detail/taikoo-shing-1140/history/stateno-7/blockno-23,
1783,taikoo_shing,7,23,B,22,580,7200000,12414,2025-07-14,https://www.28hse.com/en/estate/detail/taikoo-shing-1140/history/stateno-7/blockno-23,
1784,taikoo_shing,7,23,D,23,489,9080000,18569,2018-05-21,https://www.28hse.com/en/estate/detail/taikoo-shing-1140/history/stateno-7/blockno-23,
1785,taikoo_shing,7,23,G,25,580,10000000,17241,2020-11-17,https://www.28hse.com/en/estate/detail/taikoo-shing-1140/history/stateno-7/blockno-23,
1786,taikoo_shing,7,23,H,25,545,9638000,17684,2020-11-26,https://www.28hse.com/en/estate/detail/taikoo-shing-1140/history/stateno-7/blockno-23,
1787,taikoo_shing,7,23,D,26,489,4728000,9669,2025-12-23,https://www.28hse.com/en/estate/detail/taikoo-shing-1140/history/stateno-7/blockno-23,
1788,taikoo_shing,7,23,G,26,580,10550000,18190,2019-01-04,https://www.28hse.com/en/estate/detail/taikoo-shing-1140/history/stateno-7/blockno-23,
1789,taikoo_shing,7,23,B,27,580,9880000,17034,2023-02-21,https://www.28hse.com/en/estate/detail/taikoo-shing-1140/history/stateno-7/blockno-23,
1790,taikoo_shing,7,23,E,27,489,5800000,11861,2024-09-26,https://www.28hse.com/en/estate/detail/taikoo-shing-1140/history/stateno-7/blockno-23,
1791,taikoo_shing,7,23,F,27,580,9868000,17014,2020-09-15,https://www.28hse.com/en/estate/detail/taikoo-shing-1140/history/stateno-7/blockno-23,
1792,taikoo_shing,7,23,G,27,580,7600000,13103,2025-07-24,https://www.28hse.com/en/estate/detail/taikoo-shing-1140/history/stateno-7/blockno-23,
1793,taikoo_shing,8,5,A,2,708,13500000,19068,2021-02-05,https://www.28hse.com/en/estate/detail/taikoo-shing-1140/history/stateno-8/blockno-5,
1794,taikoo_shing,8,5,D,2,739,12660000,17131,2021-04-16,https://www.28hse.com/en/estate/detail/taikoo-shing-1140/history/stateno-8/blockno-5,
1795,taikoo_shing,8,5,A,3,708,12500000,17655,2025-05-27,https://www.28hse.com/en/estate/detail/taikoo-shing-1140/history/stateno-8/blockno-5,
1796,taikoo_shing,8,5,B,3,723,10600000,14661,2024-05-03,https://www.28hse.com/en/estate/detail/taikoo-shing-1140/history/stateno-8/blockno-5,
1797,taikoo_shing,8,5,F,3,572,8950000,15647,2023-08-15,https://www.28hse.com/en/estate/detail/taikoo-shing-1140/history/stateno-8/blockno-5,
1798,taikoo_shing,8,5,G,3,572,10000000,17483,2022-03-10,https://www.28hse.com/en/estate/detail/taikoo-shing-1140/history/stateno-8/blockno-5,
1799,taikoo_shing,8,5,H,3,708,9300000,13136,2025-12-16,https://www.28hse.com/en/estate/detail/taikoo-shing-1140/history/stateno-8/blockno-5,
1800,taikoo_shing,8,5,D,4,708,11900000,16808,2025-05-27,https://www.28hse.com/en/estate/detail/taikoo-shing-1140/history/stateno-8/blockno-5,
1801,taikoo_shing,8,5,E,4,708,12700000,17938,2023-03-13,https://www.28hse.com/en/estate/detail/taikoo-shing-1140/history/stateno-8/blockno-5,
1802,taikoo_shing,8,5,F,4,572,8880000,15524,2025-12-22,https://www.28hse.com/en/estate/detail/taikoo-shing-1140/history/stateno-8/blockno-5,
1803,taikoo_shing,8,5,A,6,708,14400000,20339,2019-03-05,https://www.28hse.com/en/estate/detail/taikoo-shing-1140/history/stateno-8/blockno-5,
1804,taikoo_shing,8,5,G,6,572,9980000,17448,2020-07-03,https://www.28hse.com/en/estate/detail/taikoo-shing-1140/history/stateno-8/blockno-5,
1805,taikoo_shing,8,5,B,7,723,12400000,17151,2024-01-31,https://www.28hse.com/en/estate/detail/taikoo-shing-1140/history/stateno-8/blockno-5,
1806,taikoo_shing,8,5,E,7,708,12500000,17655,2020-11-26,https://www.28hse.com/en/estate/detail/taikoo-shing-1140/history/stateno-8/blockno-5,
1807,taikoo_shing,8,5,G,7,572,10100000,17657,2025-05-27,https://www.28hse.com/en/estate/detail/taikoo-shing-1140/history/stateno-8/blockno-5,
1808,taikoo_shing,8,5,H,7,708,12400000,17514,2025-05-27,https://www.28hse.com/en/estate/detail/taikoo-shing-1140/history/stateno-8/blockno-5,
1809,taikoo_shing,8,5,G,8,572,7790000,13619,2024-10-14,https://www.28hse.com/en/estate/detail/taikoo-shing-1140/history/stateno-8/blockno-5,
1810,taikoo_shing,8,5,A,9,708,11500000,16243,2023-12-18,https://www.28hse.com/en/estate/detail/taikoo-shing-1140/history/stateno-8/blockno-5,
1811,taikoo_shing,8,5,B,9,723,15650000,21646,2020-07-23,https://www.28hse.com/en/estate/detail/taikoo-shing-1140/history/stateno-8/blockno-5,
1812,taikoo_shing,8,5,B,10,723,12380000,17123,2024-07-09,https://www.28hse.com/en/estate/detail/taikoo-shing-1140/history/stateno-8/blockno-5,
1813,taikoo_shing,8,5,G,10,572,10200000,17832,2025-05-27,https://www.28hse.com/en/estate/detail/taikoo-shing-1140/history/stateno-8/blockno-5,
1814,taikoo_shing,8,5,H,10,708,12500000,17655,2025-05-27,https://www.28hse.com/en/estate/detail/taikoo-shing-1140/history/stateno-8/blockno-5,
1815,taikoo_shing,8,5,A,11,708,12900000,18220,2025-05-27,https://www.28hse.com/en/estate/detail/taikoo-shing-1140/history/stateno-8/blockno-5,
1816,taikoo_shing,8,5,B,11,723,12000000,16598,2026-02-04,https://www.28hse.com/en/estate/detail/taikoo-shing-1140/history/stateno-8/blockno-5,
1817,taikoo_shing,8,5,G,11,572,10300000,18007,2025-05-27,https://www.28hse.com/en/estate/detail/taikoo-shing-1140/history/stateno-8/blockno-5,
1818,taikoo_shing,8,5,H,11,708,12600000,17797,2025-05-27,https://www.28hse.com/en/estate/detail/taikoo-shing-1140/history/stateno-8/blockno-5,
1819,taikoo_shing,8,5,C,12,723,15000000,20747,2021-11-09,https://www.28hse.com/en/estate/detail/taikoo-shing-1140/history/stateno-8/blockno-5,
1820,taikoo_shing,8,5,G,12,572,10300000,18007,2025-05-27,https://www.28hse.com/en/estate/detail/taikoo-shing-1140/history/stateno-8/blockno-5,
1821,taikoo_shing,8,5,E,14,708,15000000,21186,2021-12-23,https://www.28hse.com/en/estate/detail/taikoo-shing-1140/history/stateno-8/blockno-5,
1822,taikoo_shing,8,5,H,14,708,12700000,17938,2025-05-27,https://www.28hse.com/en/estate/detail/taikoo-shing-1140/history/stateno-8/blockno-5,
1823,taikoo_shing,8,5,C,15,723,10080000,13942,2024-05-10,https://www.28hse.com/en/estate/detail/taikoo-shing-1140/history/stateno-8/blockno-5,
1824,taikoo_shing,8,5,H,15,708,11000000,15537,2024-02-02,https://www.28hse.com/en/estate/detail/taikoo-shing-1140/history/stateno-8/blockno-5,
1825,taikoo_shing,8,5,D,16,708,12500000,17655,2025-05-27,https://www.28hse.com/en/estate/detail/taikoo-shing-1140/history/stateno-8/blockno-5,
1826,taikoo_shing,8,5,A,17,708,15500000,21893,2022-08-24,https://www.28hse.com/en/estate/detail/taikoo-shing-1140/history/stateno-8/blockno-5,
1827,taikoo_shing,8,5,E,17,708,11900000,16808,2026-04-01,https://www.28hse.com/en/estate/detail/taikoo-shing-1140/history/stateno-8/blockno-5,
1828,taikoo_shing,8,5,A,18,708,12200000,17232,2023-12-27,https://www.28hse.com/en/estate/detail/taikoo-shing-1140/history/stateno-8/blockno-5,
1829,taikoo_shing,8,5,B,18,723,3515000,4861,2022-12-30,https://www.28hse.com/en/estate/detail/taikoo-shing-1140/history/stateno-8/blockno-5,
1830,taikoo_shing,8,5,D,18,708,3000000,4237,2024-12-02,https://www.28hse.com/en/estate/detail/taikoo-shing-1140/history/stateno-8/blockno-5,
1831,taikoo_shing,8,5,A,19,708,15580000,22006,2021-04-20,https://www.28hse.com/en/estate/detail/taikoo-shing-1140/history/stateno-8/blockno-5,
1832,taikoo_shing,8,5,E,19,708,12900000,18220,2026-08-14,https://www.28hse.com/en/estate/detail/taikoo-shing-1140/history/stateno-8/blockno-5,
1833,taikoo_shing,8,5,G,19,572,12250000,21416,2021-11-15,https://www.28hse.com/en/estate/detail/taikoo-shing-1140/history/stateno-8/blockno-5,
1834,taikoo_shing,8,5,H,19,708,10000000,14124,2024-08-21,https://www.28hse.com/en/estate/detail/taikoo-shing-1140/history/stateno-8/blockno-5,
1835,taikoo_shing,8,5,B,20,723,2900000,4011,2024-01-12,https://www.28hse.com/en/estate/detail/taikoo-shing-1140/history/stateno-8/blockno-5,
1836,taikoo_shing,8,5,F,20,572,11800000,20629,2019-12-03,https://www.28hse.com/en/estate/detail/taikoo-shing-1140/history/stateno-8/blockno-5,
1837,taikoo_shing,8,5,A,21,708,13000000,18362,2024-03-19,https://www.28hse.com/en/estate/detail/taikoo-shing-1140/history/stateno-8/blockno-5,
1838,taikoo_shing,8,5,C,21,723,13800000,19087,2026-05-19,https://www.28hse.com/en/estate/detail/taikoo-shing-1140/history/stateno-8/blockno-5,
1839,taikoo_shing,8,5,F,21,572,8800000,15385,2025-01-02,https://www.28hse.com/en/estate/detail/taikoo-shing-1140/history/stateno-8/blockno-5,
1840,taikoo_shing,8,5,E,22,708,12950000,18291,2026-05-14,https://www.28hse.com/en/estate/detail/taikoo-shing-1140/history/stateno-8/blockno-5,
1841,taikoo_shing,8,5,G,22,572,10700000,18706,2025-05-27,https://www.28hse.com/en/estate/detail/taikoo-shing-1140/history/stateno-8/blockno-5,
1842,taikoo_shing,8,5,F,23,572,10700000,18706,2025-05-27,https://www.28hse.com/en/estate/detail/taikoo-shing-1140/history/stateno-8/blockno-5,
1843,taikoo_shing,8,5,G,23,572,10700000,18706,2025-05-27,https://www.28hse.com/en/estate/detail/taikoo-shing-1140/history/stateno-8/blockno-5,
1844,taikoo_shing,8,5,A,24,708,11200000,15819,2025-07-03,https://www.28hse.com/en/estate/detail/taikoo-shing-1140/history/stateno-8/blockno-5,
1845,taikoo_shing,8,5,G,24,572,10700000,18706,2025-05-27,https://www.28hse.com/en/estate/detail/taikoo-shing-1140/history/stateno-8/blockno-5,
1846,taikoo_shing,8,5,D,25,708,13850000,19562,2026-06-22,https://www.28hse.com/en/estate/detail/taikoo-shing-1140/history/stateno-8/blockno-5,
1847,taikoo_shing,8,5,E,25,708,14280000,20169,2018-04-27,https://www.28hse.com/en/estate/detail/taikoo-shing-1140/history/stateno-8/blockno-5,
1848,taikoo_shing,8,5,G,25,572,10800000,18881,2025-05-27,https://www.28hse.com/en/estate/detail/taikoo-shing-1140/history/stateno-8/blockno-5,
1849,taikoo_shing,8,5,H,25,708,10000000,14124,2024-09-16,https://www.28hse.com/en/estate/detail/taikoo-shing-1140/history/stateno-8/blockno-5,
1850,taikoo_shing,8,5,A,26,708,16600000,23446,2018-04-18,https://www.28hse.com/en/estate/detail/taikoo-shing-1140/history/stateno-8/blockno-5,
1851,taikoo_shing,8,5,G,26,572,10800000,18881,2025-05-27,https://www.28hse.com/en/estate/detail/taikoo-shing-1140/history/stateno-8/blockno-5,
1852,taikoo_shing,8,5,G,27,572,10800000,18881,2025-05-27,https://www.28hse.com/en/estate/detail/taikoo-shing-1140/history/stateno-8/blockno-5,
1853,taikoo_shing,8,5,A,28,708,19780000,27938,2021-10-05,https://www.28hse.com/en/estate/detail/taikoo-shing-1140/history/stateno-8/blockno-5,
1854,taikoo_shing,8,5,G,28,572,12400000,21678,2025-05-27,https://www.28hse.com/en/estate/detail/taikoo-shing-1140/history/stateno-8/blockno-5,
1855,taikoo_shing,8,5,H,28,708,15400000,21751,2025-05-27,https://www.28hse.com/en/estate/detail/taikoo-shing-1140/history/stateno-8/blockno-5,
1856,taikoo_shing,8,9,B,2,723,12700000,17566,2025-05-27,https://www.28hse.com/en/estate/detail/taikoo-shing-1140/history/stateno-8/blockno-9,
1857,taikoo_shing,8,9,C,2,723,11900000,16459,2020-10-06,https://www.28hse.com/en/estate/detail/taikoo-shing-1140/history/stateno-8/blockno-9,
1858,taikoo_shing,8,9,C,3,723,9100000,12586,2024-10-23,https://www.28hse.com/en/estate/detail/taikoo-shing-1140/history/stateno-8/blockno-9,
1859,taikoo_shing,8,9,D,3,708,12300000,17373,2025-05-27,https://www.28hse.com/en/estate/detail/taikoo-shing-1140/history/stateno-8/blockno-9,
1860,taikoo_shing,8,9,F,3,572,10000000,17483,2021-03-03,https://www.28hse.com/en/estate/detail/taikoo-shing-1140/history/stateno-8/blockno-9,
1861,taikoo_shing,8,9,D,4,708,9050000,12782,2024-11-26,https://www.28hse.com/en/estate/detail/taikoo-shing-1140/history/stateno-8/blockno-9,
1862,taikoo_shing,8,9,F,4,572,9980000,17448,2018-10-03,https://www.28hse.com/en/estate/detail/taikoo-shing-1140/history/stateno-8/blockno-9,
1863,taikoo_shing,8,9,G,4,572,10900000,19056,2020-10-27,https://www.28hse.com/en/estate/detail/taikoo-shing-1140/history/stateno-8/blockno-9,
1864,taikoo_shing,8,9,G,5,572,12380000,21643,2022-05-25,https://www.28hse.com/en/estate/detail/taikoo-shing-1140/history/stateno-8/blockno-9,
1865,taikoo_shing,8,9,G,6,572,11300000,19755,2022-08-18,https://www.28hse.com/en/estate/detail/taikoo-shing-1140/history/stateno-8/blockno-9,
1866,taikoo_shing,8,9,A,7,708,11000000,15537,2024-03-21,https://www.28hse.com/en/estate/detail/taikoo-shing-1140/history/stateno-8/blockno-9,
1867,taikoo_shing,8,9,B,7,723,14800000,20470,2020-12-24,https://www.28hse.com/en/estate/detail/taikoo-shing-1140/history/stateno-8/blockno-9,
1868,taikoo_shing,8,9,A,8,708,10000000,14124,2024-01-17,https://www.28hse.com/en/estate/detail/taikoo-shing-1140/history/stateno-8/blockno-9,
1869,taikoo_shing,8,9,G,8,572,11880000,20769,2019-10-18,https://www.28hse.com/en/estate/detail/taikoo-shing-1140/history/stateno-8/blockno-9,
1870,taikoo_shing,8,9,C,9,723,14000000,19364,2021-06-16,https://www.28hse.com/en/estate/detail/taikoo-shing-1140/history/stateno-8/blockno-9,
1871,taikoo_shing,8,9,F,9,572,10700000,18706,2025-05-27,https://www.28hse.com/en/estate/detail/taikoo-shing-1140/history/stateno-8/blockno-9,
1872,taikoo_shing,8,9,B,10,723,16000000,22130,2021-09-03,https://www.28hse.com/en/estate/detail/taikoo-shing-1140/history/stateno-8/blockno-9,
1873,taikoo_shing,8,9,C,10,723,14200000,19640,2021-10-07,https://www.28hse.com/en/estate/detail/taikoo-shing-1140/history/stateno-8/blockno-9,
1874,taikoo_shing,8,9,H,10,708,15250000,21540,2021-09-17,https://www.28hse.com/en/estate/detail/taikoo-shing-1140/history/stateno-8/blockno-9,
1875,taikoo_shing,8,9,B,11,723,16980000,23485,2021-04-16,https://www.28hse.com/en/estate/detail/taikoo-shing-1140/history/stateno-8/blockno-9,
1876,taikoo_shing,8,9,E,11,708,3000000,4237,2019-11-26,https://www.28hse.com/en/estate/detail/taikoo-shing-1140/history/stateno-8/blockno-9,
1877,taikoo_shing,8,9,F,11,572,11080000,19371,2019-02-11,https://www.28hse.com/en/estate/detail/taikoo-shing-1140/history/stateno-8/blockno-9,
1878,taikoo_shing,8,9,B,12,723,14480000,20028,2020-03-11,https://www.28hse.com/en/estate/detail/taikoo-shing-1140/history/stateno-8/blockno-9,
1879,taikoo_shing,8,9,F,12,572,8400000,14685,2026-01-06,https://www.28hse.com/en/estate/detail/taikoo-shing-1140/history/stateno-8/blockno-9,
1880,taikoo_shing,8,9,D,13,708,10800000,15254,2023-11-29,https://www.28hse.com/en/estate/detail/taikoo-shing-1140/history/stateno-8/blockno-9,
1881,taikoo_shing,8,9,E,13,708,13600000,19209,2020-10-05,https://www.28hse.com/en/estate/detail/taikoo-shing-1140/history/stateno-8/blockno-9,
1882,taikoo_shing,8,9,H,13,708,10880000,15367,2026-01-16,https://www.28hse.com/en/estate/detail/taikoo-shing-1140/history/stateno-8/blockno-9,
1883,taikoo_shing,8,9,E,14,708,6000000,8475,2021-06-28,https://www.28hse.com/en/estate/detail/taikoo-shing-1140/history/stateno-8/blockno-9,
1884,taikoo_shing,8,9,G,14,572,10180000,17797,2026-09-11,https://www.28hse.com/en/estate/detail/taikoo-shing-1140/history/stateno-8/blockno-9,
1885,taikoo_shing,8,9,A,15,708,14200000,20056,2023-03-20,https://www.28hse.com/en/estate/detail/taikoo-shing-1140/history/stateno-8/blockno-9,
1886,taikoo_shing,8,9,C,15,723,12100000,16736,2026-05-22,https://www.28hse.com/en/estate/detail/taikoo-shing-1140/history/stateno-8/blockno-9,
1887,taikoo_shing,8,9,E,15,708,12000000,16949,2018-07-25,https://www.28hse.com/en/estate/detail/taikoo-shing-1140/history/stateno-8/blockno-9,
1888,taikoo_shing,8,9,F,15,572,6380000,11154,2026-03-25,https://www.28hse.com/en/estate/detail/taikoo-shing-1140/history/stateno-8/blockno-9,
1889,taikoo_shing,8,9,G,15,572,10550000,18444,2023-06-16,https://www.28hse.com/en/estate/detail/taikoo-shing-1140/history/stateno-8/blockno-9,
1890,taikoo_shing,8,9,H,15,708,14960000,21130,2021-07-07,https://www.28hse.com/en/estate/detail/taikoo-shing-1140/history/stateno-8/blockno-9,
1891,taikoo_shing,8,9,H,16,708,14500000,20480,2020-12-02,https://www.28hse.com/en/estate/detail/taikoo-shing-1140/history/stateno-8/blockno-9,
1892,taikoo_shing,8,9,C,17,723,14500000,20055,2021-08-17,https://www.28hse.com/en/estate/detail/taikoo-shing-1140/history/stateno-8/blockno-9,
1893,taikoo_shing,8,9,E,17,708,12000000,16949,2023-04-03,https://www.28hse.com/en/estate/detail/taikoo-shing-1140/history/stateno-8/blockno-9,
1894,taikoo_shing,8,9,A,19,708,13800000,19492,2023-08-30,https://www.28hse.com/en/estate/detail/taikoo-shing-1140/history/stateno-8/blockno-9,
1895,taikoo_shing,8,9,D,19,708,3550000,5014,2018-05-11,https://www.28hse.com/en/estate/detail/taikoo-shing-1140/history/stateno-8/blockno-9,
1896,taikoo_shing,8,9,F,19,572,11100000,19406,2020-09-23,https://www.28hse.com/en/estate/detail/taikoo-shing-1140/history/stateno-8/blockno-9,
1897,taikoo_shing,8,9,H,19,708,12180000,17203,2024-04-30,https://www.28hse.com/en/estate/detail/taikoo-shing-1140/history/stateno-8/blockno-9,
1898,taikoo_shing,8,9,B,20,723,13590000,18797,2026-01-21,https://www.28hse.com/en/estate/detail/taikoo-shing-1140/history/stateno-8/blockno-9,
1899,taikoo_shing,8,9,B,21,723,17700000,24481,2018-11-07,https://www.28hse.com/en/estate/detail/taikoo-shing-1140/history/stateno-8/blockno-9,
1900,taikoo_shing,8,9,D,21,708,11300000,15960,2025-10-06,https://www.28hse.com/en/estate/detail/taikoo-shing-1140/history/stateno-8/blockno-9,
1901,taikoo_shing,8,9,H,22,708,15200000,21469,2020-02-06,https://www.28hse.com/en/estate/detail/taikoo-shing-1140/history/stateno-8/blockno-9,
1902,taikoo_shing,8,9,G,23,572,11600000,20280,2020-01-06,https://www.28hse.com/en/estate/detail/taikoo-shing-1140/history/stateno-8/blockno-9,
1903,taikoo_shing,8,9,F,24,572,8600000,15035,2025-12-09,https://www.28hse.com/en/estate/detail/taikoo-shing-1140/history/stateno-8/blockno-9,
1904,taikoo_shing,8,9,G,24,572,12400000,21678,2021-05-25,https://www.28hse.com/en/estate/detail/taikoo-shing-1140/history/stateno-8/blockno-9,
1905,taikoo_shing,8,9,H,24,708,15100000,21328,2018-02-07,https://www.28hse.com/en/estate/detail/taikoo-shing-1140/history/stateno-8/blockno-9,
1906,taikoo_shing,8,9,G,25,572,8280000,14476,2025-11-12,https://www.28hse.com/en/estate/detail/taikoo-shing-1140/history/stateno-8/blockno-9,
1907,taikoo_shing,8,9,F,26,572,9500000,16608,2022-11-25,https://www.28hse.com/en/estate/detail/taikoo-shing-1140/history/stateno-8/blockno-9,
1908,taikoo_shing,8,9,G,26,572,8500000,14860,2024-08-05,https://www.28hse.com/en/estate/detail/taikoo-shing-1140/history/stateno-8/blockno-9,
1909,taikoo_shing,8,9,H,26,708,15800000,22316,2018-06-20,https://www.28hse.com/en/estate/detail/taikoo-shing-1140/history/stateno-8/blockno-9,
1910,taikoo_shing,8,9,C,27,723,14930000,20650,2021-04-21,https://www.28hse.com/en/estate/detail/taikoo-shing-1140/history/stateno-8/blockno-9,
1911,taikoo_shing,8,9,B,28,723,22380000,30954,2021-12-24,https://www.28hse.com/en/estate/detail/taikoo-shing-1140/history/stateno-8/blockno-9,
1912,taikoo_shing,8,9,D,28,708,11400000,16102,2024-06-27,https://www.28hse.com/en/estate/detail/taikoo-shing-1140/history/stateno-8/blockno-9,
